WineID,Type,FixedAcidity,VolatileAcidity,CitricAcid,ResidualSugar,Chlorides,FreeSulfurDioxide,TotalSulfurDioxide,Density,pH,Sulphates,Alcohol,Quality
1,Red,12.44,0.7,0.17,2.0,0.059,17.3,73.0,0.9962,3.21,0.72,11.71,6
2,Red,10.77,0.68,0.13,3.68,0.056,29.0,27.9,0.9974,3.19,0.72,10.44,5
3,Red,6.0,0.33,0.0,1.42,0.115,6.4,61.9,0.9966,3.3,0.45,11.04,5
4,Red,10.93,0.56,0.51,2.61,0.094,18.1,51.5,0.9973,3.44,0.87,10.72,5
5,Red,10.18,0.31,0.3,3.36,0.058,26.7,9.7,0.9966,3.3,0.7,10.24,6
6,Red,11.57,0.4,0.32,1.9,0.065,1.0,67.6,0.9936,3.37,0.74,10.6,5
7,Red,4.72,0.16,0.4,4.75,0.178,22.9,26.6,0.9989,3.39,0.6,10.88,6
8,Red,7.73,0.85,0.65,4.28,0.087,22.8,116.8,1.0002,3.42,0.57,9.81,5
9,Red,5.38,0.77,0.29,3.46,0.046,1.0,21.4,0.9968,3.43,0.54,9.55,5
10,Red,6.28,0.89,0.2,4.55,0.124,9.3,68.2,0.9971,3.39,0.7,10.14,6
11,Red,9.67,0.27,0.36,1.55,0.023,5.7,82.8,0.9958,3.29,0.52,10.08,5
12,Red,8.18,0.39,0.08,3.11,0.083,18.7,144.5,0.9985,3.3,0.48,10.8,6
13,Red,10.96,0.82,0.17,0.9,0.116,19.0,41.1,0.9949,3.4,0.62,10.85,6
14,Red,8.24,0.16,0.54,3.31,0.08,30.6,13.9,0.9918,3.35,0.51,11.59,5
15,Red,10.44,0.4,0.34,2.57,0.12,17.1,32.3,0.9968,3.41,0.81,11.76,6
16,Red,6.44,0.19,0.22,2.62,0.108,27.4,30.5,0.9925,3.2,0.65,12.08,6
17,Red,7.69,0.87,0.1,1.08,0.062,19.3,57.9,0.9992,3.36,0.53,11.66,6
18,Red,10.03,0.51,0.31,2.87,0.073,28.2,73.8,0.9966,3.33,0.93,8.54,6
19,Red,7.95,0.76,0.0,2.61,0.012,14.5,53.7,0.9953,3.61,0.55,10.07,5
20,Red,9.24,0.69,0.62,1.19,0.091,1.0,67.0,0.9998,3.34,0.86,10.6,5
21,Red,7.74,0.3,0.12,1.19,0.031,3.2,89.0,0.9991,3.23,0.99,10.33,4
22,Red,7.95,0.45,0.17,1.36,0.096,13.3,55.6,0.9965,3.32,0.66,10.3,5
23,Red,8.02,0.62,0.21,1.55,0.012,14.6,20.7,0.9997,3.27,0.6,12.01,5
24,Red,8.4,0.3,0.0,2.74,0.012,25.7,85.0,0.9974,3.3,0.64,9.9,5
25,Red,10.62,0.45,0.2,3.48,0.075,23.2,73.2,0.9975,3.34,0.67,10.75,6
26,Red,9.71,0.39,0.41,0.9,0.097,19.4,60.4,0.993,3.45,0.45,10.64,6
27,Red,7.57,0.55,0.0,4.67,0.113,14.4,43.8,0.9966,3.55,0.45,12.27,6
28,Red,5.11,0.37,0.51,2.28,0.085,11.4,73.1,0.9986,3.34,0.58,10.31,5
29,Red,8.3,0.59,0.36,0.9,0.125,24.7,98.7,0.998,3.36,0.65,9.82,5
30,Red,8.99,0.63,0.35,1.96,0.068,1.0,48.0,1.0005,3.2,0.92,10.42,5
31,Red,11.16,0.47,0.11,1.45,0.07,10.3,121.9,0.9978,3.3,0.89,10.02,6
32,Red,9.71,0.64,0.56,0.9,0.087,27.1,66.5,0.9961,3.43,0.77,9.37,4
33,Red,5.81,0.63,0.28,3.8,0.133,1.0,87.8,0.9947,3.17,0.62,12.14,6
34,Red,10.33,0.26,0.29,1.66,0.129,19.1,41.9,0.9955,3.51,0.41,11.0,7
35,Red,8.4,0.56,0.16,0.9,0.089,10.8,28.3,0.9979,3.22,0.5,10.55,6
36,Red,10.65,0.58,0.0,2.69,0.046,25.9,57.5,0.9966,3.35,0.48,11.41,6
37,Red,9.48,0.59,0.16,4.14,0.074,11.8,102.4,0.9933,3.16,0.82,10.41,5
38,Red,9.01,0.69,0.21,3.55,0.016,8.5,12.6,0.9978,3.33,0.54,10.97,4
39,Red,8.54,0.58,0.15,2.08,0.112,36.8,35.6,0.9988,3.4,0.68,12.76,8
40,Red,7.69,0.31,0.21,4.29,0.124,20.5,96.3,0.9987,3.13,0.84,10.62,5
41,Red,9.43,0.51,0.51,2.58,0.069,16.5,52.7,0.9958,3.32,0.56,9.6,5
42,Red,7.74,0.81,0.46,0.9,0.012,20.8,65.6,0.9954,3.69,0.61,10.94,6
43,Red,5.71,0.31,0.07,2.03,0.175,14.6,25.8,0.9997,3.26,0.7,10.51,5
44,Red,6.87,0.27,0.63,1.28,0.096,22.4,74.5,0.9977,3.18,0.74,10.57,5
45,Red,6.3,0.72,0.02,1.07,0.083,4.6,38.2,0.9949,3.05,0.6,9.9,6
46,Red,7.46,0.55,0.43,3.44,0.155,9.9,115.1,0.9982,3.28,0.43,10.45,6
47,Red,9.72,0.43,0.28,1.18,0.04,8.1,16.8,0.9958,3.28,0.82,9.73,4
48,Red,8.44,0.39,0.25,2.94,0.108,1.0,87.4,0.9957,3.4,0.35,9.57,6
49,Red,9.75,0.8,0.21,1.47,0.055,21.2,25.5,0.9999,3.4,0.91,11.99,5
50,Red,9.7,0.64,0.22,5.02,0.094,6.6,63.4,0.9981,3.12,0.75,11.48,6
51,Red,9.17,0.39,0.13,2.38,0.018,1.0,28.8,0.9978,3.56,0.74,11.3,7
52,Red,7.5,0.5,0.12,2.79,0.079,26.5,27.3,0.9974,3.17,0.33,11.83,6
53,Red,9.42,0.32,0.41,1.84,0.028,1.0,51.6,1.0,3.24,0.66,11.75,7
54,Red,10.8,0.43,0.45,1.84,0.078,8.1,64.7,0.9962,3.43,0.67,11.37,4
55,Red,7.58,0.39,0.0,2.98,0.081,22.6,63.1,0.9983,3.45,0.64,9.59,6
56,Red,8.31,0.55,0.26,3.59,0.04,1.0,81.1,0.9976,3.1,0.71,10.5,6
57,Red,7.93,0.36,0.18,0.9,0.05,8.8,26.2,0.9978,3.28,0.91,11.12,5
58,Red,11.7,0.49,0.0,2.36,0.118,20.4,6.0,0.9973,2.99,1.05,10.2,5
59,Red,5.39,0.79,0.58,1.9,0.074,26.6,94.2,0.9927,3.18,0.8,10.72,6
60,Red,8.65,0.12,0.19,4.09,0.097,17.9,75.9,0.9974,3.09,0.43,9.72,5
61,Red,8.01,0.62,0.14,1.26,0.129,27.4,45.6,0.9984,3.36,0.42,11.6,6
62,Red,8.08,0.63,0.08,2.39,0.064,27.0,47.3,0.9941,3.29,0.49,10.0,5
63,Red,8.74,0.69,0.39,2.08,0.115,34.1,49.1,0.9992,3.39,0.79,11.73,7
64,Red,9.66,0.39,0.31,2.32,0.014,7.9,6.0,0.9968,3.59,0.62,10.87,6
65,Red,5.09,0.48,0.23,3.02,0.149,20.4,59.2,0.9989,3.28,0.98,10.42,6
66,Red,7.21,0.58,0.39,2.9,0.023,16.1,67.7,0.9984,3.1,0.92,10.89,6
67,Red,6.22,0.65,0.21,2.28,0.141,14.8,90.8,0.9989,3.26,0.68,11.1,5
68,Red,8.08,0.53,0.04,4.35,0.057,9.1,136.3,0.9954,3.42,0.68,11.25,6
69,Red,9.29,0.65,0.0,0.9,0.093,2.8,25.2,0.9933,3.29,0.82,10.7,6
70,Red,9.18,0.19,0.21,1.81,0.118,23.0,75.8,0.9972,3.26,0.73,10.45,6
71,Red,5.57,0.57,0.57,2.33,0.091,20.4,39.9,0.9963,3.31,0.63,9.41,5
72,Red,4.6,0.46,0.11,1.5,0.113,5.9,35.3,0.9947,3.31,0.58,11.23,5
73,Red,5.66,0.49,0.31,2.0,0.073,1.5,85.2,0.9978,3.05,0.88,10.08,5
74,Red,11.09,0.49,0.32,0.9,0.121,1.0,57.3,0.9964,3.52,0.79,10.79,4
75,Red,6.64,0.52,0.18,0.9,0.064,15.3,25.8,0.9969,3.6,0.71,10.77,5
76,Red,7.74,0.22,0.0,0.9,0.029,1.6,46.8,0.9983,3.87,0.58,9.08,4
77,Red,6.49,0.38,0.15,0.9,0.172,18.7,57.3,0.9967,3.28,0.5,9.63,5
78,Red,8.19,0.78,0.08,0.9,0.012,20.1,6.0,0.998,3.12,0.82,11.68,6
79,Red,6.27,0.81,0.39,4.64,0.129,20.6,65.4,0.9961,3.42,0.54,9.57,5
80,Red,6.15,0.73,0.18,4.08,0.05,10.7,56.8,0.9941,3.1,0.58,10.54,6
81,Red,11.43,0.45,0.07,5.85,0.086,14.5,30.3,0.9952,3.41,0.53,9.8,5
82,Red,8.92,0.46,0.47,3.4,0.131,16.8,46.8,1.0,3.38,0.85,10.26,5
83,Red,6.79,0.68,0.7,2.74,0.016,15.5,70.7,0.9992,3.11,0.73,11.14,7
84,Red,9.73,0.17,0.25,2.0,0.123,18.6,55.3,0.9951,3.47,0.72,10.41,6
85,Red,9.68,0.3,0.27,0.9,0.078,27.0,29.3,0.9989,3.47,0.67,9.43,5
86,Red,5.19,0.65,0.0,2.53,0.013,12.6,6.0,0.9963,3.24,0.77,10.59,5
87,Red,5.37,0.38,0.0,0.9,0.056,12.1,15.4,1.0004,3.38,0.77,11.32,6
88,Red,11.32,0.79,0.45,3.19,0.179,19.1,28.1,0.9936,3.11,0.54,10.03,5
89,Red,9.01,0.67,0.41,4.29,0.116,2.8,14.1,0.997,3.26,0.84,12.04,7
90,Red,7.93,0.36,0.49,1.83,0.017,16.9,91.9,0.995,3.38,0.59,11.21,6
91,Red,8.64,0.5,0.15,1.74,0.068,1.0,6.0,0.9978,3.22,0.78,11.57,5
92,Red,7.31,0.69,0.0,2.2,0.058,24.2,28.3,0.9989,3.41,0.83,11.22,6
93,Red,6.26,0.66,0.19,1.21,0.094,32.5,47.3,0.9952,2.94,0.98,11.31,6
94,Red,9.06,0.46,0.25,4.78,0.077,11.5,129.8,0.9979,3.28,0.5,11.51,6
95,Red,9.51,0.6,0.25,4.73,0.056,3.8,86.6,0.9941,3.25,0.5,11.34,6
96,Red,8.46,0.34,0.12,2.23,0.113,21.9,60.8,0.9956,3.31,0.71,11.14,7
97,Red,9.4,0.5,0.19,3.24,0.016,33.6,60.4,0.9969,3.38,0.66,11.46,7
98,Red,7.8,0.73,0.38,0.9,0.067,6.6,6.0,0.9975,3.29,0.82,8.65,5
99,Red,7.99,0.54,0.6,3.63,0.074,11.7,69.7,0.9979,3.18,0.76,11.9,5
100,Red,10.18,0.46,0.43,5.13,0.134,13.3,124.3,0.9925,3.62,0.59,10.37,6
101,Red,9.4,0.52,0.42,2.54,0.089,13.7,61.3,0.9967,3.16,0.92,10.23,5
102,Red,7.44,0.29,0.56,2.11,0.083,22.2,20.7,0.9975,3.35,0.96,10.37,5
103,Red,8.12,0.45,0.18,1.78,0.116,4.0,25.6,0.9985,3.14,0.94,9.75,5
104,Red,9.39,0.46,0.17,2.05,0.033,3.9,72.8,0.995,3.19,0.61,11.03,6
105,Red,8.79,0.47,0.14,2.34,0.092,8.6,105.6,0.9984,3.43,0.64,10.05,5
106,Red,11.04,0.61,0.49,0.9,0.105,1.0,46.9,0.9947,3.41,0.7,9.09,6
107,Red,8.15,0.39,0.42,2.57,0.048,11.1,60.5,0.9956,3.32,0.52,8.41,6
108,Red,8.11,0.76,0.05,5.96,0.133,13.7,37.5,0.9954,3.43,0.92,9.93,5
109,Red,9.75,0.45,0.19,2.93,0.14,8.2,56.5,0.9952,3.32,0.41,11.53,7
110,Red,6.56,0.59,0.76,1.74,0.143,3.6,10.4,0.9977,3.56,0.96,11.78,6
111,Red,9.35,0.75,0.46,1.73,0.159,10.5,41.0,0.9939,3.29,0.75,11.5,5
112,Red,6.84,0.42,0.04,3.67,0.089,24.5,6.0,0.9976,3.26,0.7,10.51,5
113,Red,7.68,0.38,0.09,2.61,0.129,36.6,6.0,0.9948,3.47,0.57,8.4,5
114,Red,8.44,0.69,0.14,2.6,0.19,20.9,22.8,0.9984,3.22,1.06,9.28,5
115,Red,7.35,0.54,0.07,2.53,0.155,36.4,94.9,0.9988,3.52,0.57,11.37,6
116,Red,11.07,0.68,0.29,3.6,0.106,16.7,84.5,0.9941,3.04,0.77,11.16,6
117,Red,9.06,0.38,0.45,0.9,0.095,16.7,14.7,0.9945,3.39,0.7,9.77,5
118,Red,8.38,0.41,0.52,3.96,0.063,5.9,93.2,0.9998,3.32,0.75,10.75,5
119,Red,12.79,0.67,0.14,2.59,0.06,11.6,20.5,0.9978,3.53,0.86,11.26,6
120,Red,7.12,0.63,0.19,0.9,0.119,16.3,29.5,0.9947,3.4,0.79,10.62,6
121,Red,8.41,0.73,0.36,5.96,0.056,10.3,39.1,0.9996,3.51,0.7,11.55,7
122,Red,5.66,0.43,0.27,2.51,0.13,9.2,102.4,0.9979,3.39,0.76,10.39,7
123,Red,4.65,0.63,0.14,1.92,0.106,22.0,6.0,0.9936,3.42,0.91,10.25,6
124,Red,7.32,0.32,0.13,3.76,0.109,9.2,116.7,0.9992,3.36,0.76,10.97,6
125,Red,7.84,0.65,0.0,2.6,0.079,27.7,74.7,0.9971,3.05,0.54,11.49,5
126,Red,8.6,0.36,0.25,1.95,0.093,7.4,74.3,0.9987,3.12,0.6,12.02,7
127,Red,6.29,1.01,0.35,2.5,0.107,8.9,8.9,0.9977,3.38,0.42,11.18,5
128,Red,8.38,0.55,0.22,2.96,0.037,18.8,52.5,0.9985,3.09,0.58,11.6,5
129,Red,10.83,0.43,0.32,1.99,0.118,16.7,42.7,0.9973,3.49,0.73,12.7,7
130,Red,10.53,0.4,0.41,1.24,0.168,22.1,14.6,0.9983,3.31,0.57,12.06,5
131,Red,9.23,0.69,0.07,1.43,0.156,16.6,18.1,0.9968,3.06,0.73,10.3,5
132,Red,6.82,0.63,0.0,4.03,0.012,3.5,18.3,0.9978,3.26,0.9,8.57,4
133,Red,7.97,0.51,0.29,2.29,0.118,16.9,64.1,0.9982,3.65,0.94,10.97,6
134,Red,8.57,0.43,0.67,0.9,0.123,1.0,24.3,0.9998,3.28,0.67,11.46,6
135,Red,10.6,0.49,0.04,4.55,0.012,13.9,89.0,0.9968,3.26,0.73,12.24,6
136,Red,10.13,0.42,0.62,0.9,0.07,1.0,74.0,0.9949,3.2,0.92,12.51,5
137,Red,6.34,0.42,0.56,3.02,0.107,14.0,21.2,0.9972,3.07,0.49,12.07,7
138,Red,5.86,0.63,0.47,2.91,0.012,7.2,64.6,0.9961,3.32,0.81,12.65,5
139,Red,9.18,0.51,0.22,4.21,0.053,11.8,15.7,0.9989,3.11,0.49,11.52,5
140,Red,7.82,0.48,0.63,3.01,0.072,4.5,13.5,0.9958,3.52,0.76,12.1,7
141,Red,10.22,0.31,0.42,3.07,0.04,2.3,41.3,0.9962,3.21,0.48,10.61,5
142,Red,5.03,0.45,0.0,1.06,0.047,17.2,11.4,0.9968,3.03,0.45,11.82,5
143,Red,8.93,0.58,0.31,3.16,0.038,3.4,6.0,0.9933,3.19,0.55,10.36,6
144,Red,7.42,0.57,0.49,0.9,0.096,31.9,40.9,0.9948,3.03,0.84,11.16,6
145,Red,10.37,0.58,0.61,3.9,0.076,1.0,62.0,0.9949,3.15,0.44,10.37,5
146,Red,8.36,0.43,0.48,1.41,0.139,11.7,50.0,0.9948,3.4,0.64,10.95,5
147,Red,7.97,0.72,0.54,3.8,0.028,16.0,70.7,0.9952,3.0,0.78,10.92,5
148,Red,8.95,0.51,0.42,0.9,0.104,26.4,53.2,0.9947,3.57,0.72,10.61,4
149,Red,8.45,0.28,0.21,1.71,0.167,7.9,8.1,0.9943,3.62,0.79,10.61,5
150,Red,8.69,0.25,0.43,4.76,0.14,23.5,6.0,0.9989,3.19,0.35,9.8,5
151,Red,9.49,0.62,0.48,2.79,0.162,19.1,56.1,0.9977,3.21,0.72,10.1,6
152,Red,9.85,0.45,0.12,0.9,0.134,24.3,93.0,0.9944,3.32,0.83,11.16,6
153,Red,7.41,0.78,0.13,4.33,0.097,4.6,9.3,0.9931,3.4,0.52,9.97,5
154,Red,10.32,0.53,0.08,1.4,0.103,12.7,22.8,0.9979,3.46,0.52,10.38,4
155,Red,7.2,0.9,0.62,2.51,0.111,21.1,20.8,0.9934,3.34,0.64,10.27,5
156,Red,9.14,0.43,0.25,2.01,0.093,25.8,46.9,0.9964,3.43,0.97,9.62,7
157,Red,7.36,0.69,0.11,2.76,0.059,1.0,12.1,0.9958,3.55,0.73,10.35,5
158,Red,7.49,0.44,0.38,1.5,0.142,14.9,38.7,0.9983,3.1,0.76,11.23,7
159,Red,9.29,0.38,0.59,2.99,0.135,30.8,63.0,0.9951,3.11,0.75,11.11,7
160,Red,10.68,0.44,0.48,0.9,0.172,18.0,43.1,0.9973,3.29,0.33,11.21,5
161,Red,6.03,0.64,0.37,0.9,0.071,16.9,75.4,0.9997,3.31,0.65,11.82,5
162,Red,7.7,0.57,0.39,3.53,0.031,24.5,40.4,0.9968,3.15,0.9,11.69,6
163,Red,7.88,0.64,0.31,1.62,0.012,15.7,62.3,0.9967,3.34,0.62,9.42,6
164,Red,6.59,0.63,0.23,2.3,0.095,31.6,22.6,0.9945,3.35,0.75,11.48,5
165,Red,12.74,0.66,0.31,2.32,0.042,16.9,69.5,0.9944,3.5,0.41,10.07,5
166,Red,8.41,0.51,0.45,0.9,0.087,20.4,29.3,0.9974,3.6,0.88,9.59,6
167,Red,9.22,0.39,0.19,0.9,0.074,18.2,51.0,0.9946,3.6,1.03,12.0,7
168,Red,8.16,0.51,0.17,3.31,0.067,18.7,26.6,0.9955,3.28,0.81,11.63,6
169,Red,9.31,0.52,0.31,2.82,0.018,1.0,45.2,0.9949,3.44,0.71,10.3,7
170,Red,6.73,0.76,0.0,3.2,0.056,15.0,94.7,0.9934,3.27,0.54,9.99,6
171,Red,9.42,0.47,0.3,1.33,0.078,4.7,18.0,0.9954,3.15,0.33,11.37,5
172,Red,5.02,0.65,0.41,2.91,0.065,11.4,104.6,0.9953,3.24,0.4,11.2,5
173,Red,9.54,0.42,0.38,2.89,0.123,16.4,41.2,0.9952,3.26,0.43,12.02,6
174,Red,7.18,0.51,0.12,5.16,0.077,1.7,51.0,0.9969,3.18,0.67,11.95,7
175,Red,5.89,0.44,0.1,3.04,0.052,17.1,29.4,0.9983,3.3,0.78,10.92,5
176,Red,7.08,0.34,0.17,4.76,0.012,23.2,36.5,0.9942,3.15,0.5,8.73,5
177,Red,4.81,0.49,0.52,1.54,0.088,36.5,14.5,0.9966,3.17,0.77,10.34,5
178,Red,7.97,0.44,0.36,0.9,0.012,4.4,64.5,0.9955,3.24,0.8,10.17,5
179,Red,9.58,0.73,0.37,3.71,0.087,14.1,6.0,0.9939,3.3,0.66,9.87,6
180,Red,11.84,0.65,0.39,1.25,0.014,41.3,34.7,0.9977,3.21,0.67,11.63,5
181,Red,5.81,0.65,0.41,1.86,0.012,33.7,91.4,0.9988,3.49,0.55,9.9,5
182,Red,8.49,0.54,0.14,2.83,0.101,1.0,54.0,0.9974,3.35,0.57,12.29,7
183,Red,6.37,0.39,0.27,1.54,0.146,31.4,6.0,0.9968,3.29,0.33,10.49,5
184,Red,8.43,0.67,0.37,4.68,0.121,23.0,13.2,0.9986,2.88,0.54,10.95,7
185,Red,5.8,0.66,0.0,1.65,0.113,20.6,33.5,0.9961,3.37,0.48,12.69,7
186,Red,7.19,0.26,0.22,0.9,0.099,12.9,21.0,0.9955,3.24,0.77,12.56,5
187,Red,7.59,0.33,0.24,2.8,0.123,10.8,90.7,0.9943,3.25,0.6,12.39,6
188,Red,7.36,0.34,0.35,3.18,0.012,12.5,61.1,0.9949,3.4,0.51,10.3,5
189,Red,6.64,0.47,0.37,1.75,0.128,6.8,50.3,0.9954,3.2,0.88,10.92,5
190,Red,6.66,0.49,0.5,1.5,0.104,2.8,13.0,0.9988,3.43,0.49,10.32,6
191,Red,5.86,0.54,0.19,2.34,0.114,9.7,67.9,0.9957,3.28,0.66,10.33,5
192,Red,6.12,0.34,0.32,2.93,0.077,14.6,45.4,0.9992,3.36,0.65,11.26,7
193,Red,7.49,0.5,0.06,3.15,0.154,20.1,62.9,0.9961,3.19,0.55,11.84,6
194,Red,7.68,0.7,0.2,1.98,0.112,38.9,6.4,0.9963,3.57,0.66,11.8,6
195,Red,6.72,0.44,0.09,6.05,0.127,20.5,15.6,0.9965,3.3,0.65,10.7,5
196,Red,7.65,0.44,0.16,1.81,0.112,12.9,81.5,0.9966,3.28,0.33,10.46,5
197,Red,7.28,0.33,0.0,1.04,0.086,18.4,93.5,0.9962,3.18,0.76,10.49,5
198,Red,7.51,0.35,0.56,1.5,0.129,24.9,77.3,0.997,3.26,0.62,9.57,6
199,Red,8.16,0.61,0.41,3.24,0.054,25.9,22.0,0.9969,3.2,0.66,9.42,6
200,Red,5.52,0.44,0.0,4.6,0.121,23.7,12.8,0.9989,3.04,0.8,10.91,5
201,Red,9.79,0.45,0.45,2.36,0.149,27.2,51.0,0.9963,3.24,0.68,11.47,5
202,Red,8.38,0.41,0.54,3.53,0.012,13.8,20.2,0.9979,3.44,1.04,11.12,6
203,Red,8.27,0.65,0.61,1.9,0.084,3.5,39.6,0.9966,3.15,0.44,9.93,4
204,Red,9.61,0.64,0.28,1.42,0.058,10.1,56.2,0.9938,3.14,0.65,10.18,6
205,Red,11.09,0.59,0.19,4.99,0.012,3.8,6.0,0.9979,3.24,0.33,9.64,4
206,Red,9.54,0.49,0.48,3.07,0.012,18.4,18.5,0.9948,3.37,0.76,11.49,6
207,Red,13.05,0.61,0.12,0.9,0.092,3.4,47.1,0.9998,3.27,0.62,10.42,6
208,Red,6.44,0.12,0.35,0.9,0.084,9.0,6.0,0.9958,3.48,0.8,11.88,8
209,Red,8.32,0.26,0.49,3.05,0.072,24.9,63.0,0.9976,3.07,0.74,11.78,5
210,Red,8.06,0.37,0.26,2.04,0.108,5.6,49.1,0.9967,3.3,0.33,11.25,7
211,Red,9.8,0.3,0.43,4.6,0.141,7.3,6.0,0.9972,3.1,0.33,9.82,5
212,Red,9.09,0.42,0.24,1.21,0.041,21.1,45.7,0.9971,3.41,0.9,10.88,5
213,Red,8.6,0.38,0.03,3.58,0.114,16.4,14.6,0.9965,3.37,0.9,9.7,5
214,Red,7.7,0.38,0.35,3.96,0.095,20.2,114.1,0.9988,3.06,0.77,9.84,3
215,Red,6.73,0.44,0.44,6.46,0.083,34.0,54.4,0.9957,3.35,0.49,10.93,5
216,Red,6.59,0.6,0.45,0.9,0.096,20.2,45.7,0.9974,3.26,0.59,11.09,7
217,Red,6.73,0.5,0.0,1.98,0.056,27.2,62.7,0.9923,3.33,0.68,9.6,4
218,Red,7.76,0.85,0.42,3.56,0.138,1.0,132.7,0.9966,3.21,0.71,10.11,5
219,Red,9.5,0.22,0.37,3.82,0.072,6.6,88.5,0.9943,3.57,0.86,12.49,7
220,Red,7.15,0.41,0.17,1.84,0.046,10.9,28.9,0.9985,3.42,0.72,10.71,5
221,Red,6.42,0.32,0.65,0.9,0.146,7.2,90.2,1.0003,3.28,0.61,11.9,6
222,Red,9.24,0.63,0.25,4.82,0.104,13.8,29.7,0.9939,3.09,0.89,11.02,5
223,Red,4.99,0.75,0.28,0.9,0.094,13.2,111.6,0.9974,3.48,0.48,11.19,5
224,Red,8.9,0.56,0.0,2.35,0.16,25.4,12.7,0.9945,3.49,0.88,10.61,5
225,Red,7.37,0.22,0.36,4.67,0.097,21.9,68.4,0.9981,3.45,0.7,10.65,5
226,Red,6.14,0.68,0.25,1.78,0.134,13.6,79.4,0.9931,3.32,0.46,10.52,5
227,Red,7.36,0.51,0.0,2.28,0.038,12.0,25.9,0.9969,3.23,0.46,10.17,5
228,Red,8.17,0.12,0.2,1.01,0.085,1.0,93.0,0.997,3.63,0.49,10.06,5
229,Red,7.53,0.47,0.57,2.93,0.107,12.5,62.4,0.9986,3.45,1.0,10.37,5
230,Red,7.41,0.45,0.23,3.16,0.012,21.6,89.4,0.9933,3.34,0.96,10.7,5
231,Red,8.05,0.52,0.45,1.25,0.026,20.0,49.5,0.9957,3.25,0.85,9.76,5
232,Red,9.25,0.56,0.66,2.87,0.134,15.0,118.4,0.9929,3.06,0.76,10.3,6
233,Red,7.29,0.32,0.71,1.83,0.128,5.8,54.9,0.9966,3.17,0.56,10.7,6
234,Red,6.41,0.55,0.21,1.05,0.149,29.9,56.1,0.9996,3.32,0.49,10.81,6
235,Red,5.71,0.38,0.53,2.56,0.012,22.0,74.7,0.9954,3.5,0.53,10.73,5
236,Red,6.92,0.91,0.27,3.34,0.074,7.7,12.2,0.9972,3.37,0.69,9.9,5
237,Red,6.37,0.33,0.25,3.47,0.034,3.5,6.0,0.9957,3.29,0.89,10.71,5
238,Red,10.9,0.3,0.49,0.9,0.012,2.2,20.6,0.9999,3.45,0.48,10.69,5
239,Red,9.22,0.68,0.3,1.69,0.012,16.3,27.7,0.9938,3.3,0.67,10.61,5
240,Red,6.73,0.41,0.58,0.9,0.102,38.5,16.6,0.9974,3.2,0.7,10.46,5
241,Red,7.31,0.71,0.32,4.3,0.12,1.0,6.0,0.9954,3.32,0.62,10.42,5
242,Red,10.06,0.67,0.29,2.5,0.098,6.5,20.2,0.9959,3.3,0.76,11.79,5
243,Red,8.64,0.63,0.39,2.58,0.043,5.5,19.7,0.998,3.22,0.36,12.17,6
244,Red,7.79,0.83,0.3,2.47,0.108,2.1,35.7,0.9962,3.14,0.48,10.57,5
245,Red,8.74,0.12,0.11,2.01,0.118,14.0,78.1,0.996,3.18,0.57,10.61,5
246,Red,10.75,0.22,0.0,3.48,0.027,9.1,30.5,0.995,3.41,0.68,12.35,6
247,Red,10.64,0.44,0.48,3.3,0.088,5.6,62.9,0.9908,3.35,0.4,11.16,5
248,Red,10.0,0.56,0.36,3.94,0.012,5.5,65.0,0.9956,3.18,0.5,9.36,5
249,Red,9.42,0.84,0.34,2.86,0.056,17.6,26.2,0.9954,3.39,0.48,11.33,6
250,Red,8.25,0.6,0.19,4.35,0.124,12.1,31.2,0.9966,3.28,0.96,11.27,5
251,Red,9.66,0.65,0.6,3.27,0.096,18.9,6.0,1.0008,3.16,0.57,10.7,5
252,Red,9.73,0.42,0.27,0.9,0.059,1.0,14.6,0.9986,3.41,0.51,9.73,5
253,Red,7.88,0.17,0.01,1.44,0.012,12.9,85.3,0.9994,3.28,0.68,11.63,6
254,Red,6.56,0.35,0.34,3.76,0.098,20.9,63.1,0.9945,3.35,0.53,12.71,6
255,Red,9.58,0.56,0.2,1.47,0.099,20.1,103.0,0.9935,3.2,0.6,11.06,5
256,Red,6.26,0.26,0.0,5.45,0.166,23.2,34.9,0.9939,3.17,0.6,11.02,6
257,Red,7.1,0.31,0.42,0.92,0.055,17.8,50.1,0.9974,2.99,0.88,10.61,7
258,Red,10.19,0.2,0.4,1.15,0.081,25.6,58.5,0.9998,3.14,0.59,10.76,6
259,Red,7.1,0.52,0.31,3.79,0.046,24.1,56.2,0.9999,3.2,0.67,11.03,5
260,Red,7.22,0.25,0.44,4.08,0.059,18.5,6.0,0.9963,3.22,1.08,9.36,4
261,Red,11.17,0.24,0.16,2.47,0.079,5.4,43.3,0.9944,3.44,0.44,10.41,7
262,Red,7.68,0.64,0.19,0.92,0.134,14.7,19.6,0.9989,2.98,0.51,10.99,6
263,Red,6.92,0.33,0.28,4.36,0.092,21.2,6.0,0.9985,3.35,0.79,10.88,6
264,Red,7.92,0.51,0.23,5.33,0.075,11.4,56.7,0.9974,3.26,0.53,12.45,7
265,Red,8.45,0.51,0.05,3.66,0.113,22.1,6.0,0.9956,3.13,0.65,8.56,5
266,Red,10.11,0.54,0.59,1.71,0.029,1.0,89.0,0.9988,3.21,0.6,10.86,6
267,Red,9.4,0.36,0.37,0.9,0.038,11.6,96.0,0.9968,3.35,0.83,11.89,7
268,Red,6.76,0.53,0.49,1.3,0.055,24.7,65.8,0.9956,3.43,0.57,12.01,6
269,Red,7.27,0.5,0.15,3.34,0.068,3.3,73.5,1.0004,3.11,0.61,9.86,5
270,Red,6.51,0.42,0.59,2.26,0.119,11.7,64.2,0.9968,3.29,0.65,11.58,6
271,Red,9.31,0.43,0.31,3.39,0.058,24.4,59.9,0.9975,3.52,0.64,12.55,7
272,Red,8.8,0.46,0.51,2.24,0.117,18.2,35.9,1.0009,3.7,0.82,9.54,4
273,Red,10.14,0.6,0.32,3.86,0.16,26.4,62.4,0.9981,3.36,1.01,11.56,6
274,Red,5.23,0.54,0.15,1.58,0.226,1.0,59.7,0.9949,3.18,0.52,10.8,5
275,Red,7.79,0.27,0.3,2.88,0.054,1.0,18.5,0.995,3.3,0.76,10.8,5
276,Red,7.23,0.47,0.49,0.9,0.014,17.7,7.5,0.996,3.04,0.59,11.92,6
277,Red,9.21,0.52,0.18,3.82,0.133,19.3,6.0,0.9956,3.45,0.91,10.14,5
278,Red,9.48,0.41,0.33,1.71,0.127,19.4,45.1,0.9907,3.32,0.57,11.44,6
279,Red,9.88,0.53,0.0,1.82,0.137,22.0,21.6,0.9942,3.3,0.73,11.17,6
280,Red,8.28,0.2,0.09,3.29,0.202,9.4,39.9,0.9968,3.31,0.71,11.42,6
281,Red,8.03,0.52,0.07,5.35,0.089,1.8,78.2,0.997,3.38,0.5,10.49,5
282,Red,12.35,0.63,0.18,4.35,0.078,18.5,44.8,0.9976,3.3,0.61,10.56,6
283,Red,8.35,0.74,0.2,4.3,0.033,19.3,35.8,1.0009,3.6,0.68,10.02,6
284,Red,9.48,0.46,0.23,3.72,0.087,16.2,63.0,0.9976,3.26,0.65,10.18,6
285,Red,9.45,0.32,0.47,3.25,0.068,1.0,6.0,0.998,3.38,0.75,10.12,5
286,Red,9.98,0.58,0.29,2.83,0.11,19.2,15.4,0.9976,3.14,0.45,8.89,5
287,Red,5.16,0.19,0.5,2.95,0.093,33.0,65.2,0.9947,3.58,0.79,9.75,5
288,Red,7.73,0.43,0.56,2.97,0.038,22.7,77.6,0.9934,3.24,0.62,11.54,6
289,Red,8.63,0.73,0.23,2.89,0.145,16.6,33.2,0.9972,3.3,0.59,12.14,7
290,Red,7.95,0.32,0.25,3.54,0.092,3.9,64.5,0.9944,3.5,0.58,11.82,7
291,Red,5.66,0.48,0.0,2.63,0.133,15.2,23.7,0.9949,3.07,0.79,10.62,7
292,Red,11.51,0.69,0.34,3.89,0.095,27.2,6.0,0.9939,3.33,0.72,11.77,6
293,Red,9.11,0.46,0.0,5.53,0.063,15.9,40.6,0.9973,3.25,0.9,11.45,6
294,Red,11.59,0.13,0.17,3.42,0.082,1.0,77.2,0.9945,3.32,0.67,10.92,5
295,Red,6.18,0.33,0.37,0.9,0.136,19.7,6.0,0.9984,3.38,0.94,10.26,5
296,Red,8.42,0.82,0.46,1.44,0.065,1.0,6.0,0.9953,3.42,0.53,11.8,6
297,Red,9.98,0.2,0.45,2.4,0.066,5.7,30.6,0.9971,3.5,0.58,10.53,5
298,Red,7.68,0.6,0.14,2.09,0.017,8.5,38.3,0.9965,3.15,0.48,11.36,6
299,Red,6.23,0.64,0.25,1.89,0.126,14.1,33.9,0.993,3.28,0.86,10.15,5
300,Red,7.18,0.46,0.47,3.45,0.08,11.1,56.1,0.9962,3.33,0.62,10.93,5
301,Red,8.9,0.51,0.51,1.67,0.13,17.0,82.8,0.9968,3.34,0.66,10.62,5
302,Red,7.58,0.59,0.15,4.25,0.149,27.1,92.1,0.9951,3.18,0.6,10.45,4
303,Red,9.39,0.48,0.02,4.17,0.012,20.5,90.6,0.9978,3.35,0.61,11.19,5
304,Red,10.01,0.81,0.22,3.41,0.052,29.2,17.2,0.9989,3.17,0.55,9.61,6
305,Red,5.79,0.36,0.48,0.9,0.101,1.0,6.0,0.9963,3.15,0.47,10.3,6
306,Red,6.42,0.52,0.02,3.72,0.055,1.0,6.0,0.9962,3.08,0.81,10.6,5
307,Red,7.27,0.73,0.37,2.43,0.087,22.6,22.3,0.9985,3.1,0.8,9.51,6
308,Red,7.32,0.64,0.33,2.27,0.042,10.4,43.3,0.9927,3.55,0.72,10.29,5
309,Red,10.13,0.37,0.37,2.87,0.09,1.0,44.9,0.9975,3.01,0.73,12.12,6
310,Red,8.24,0.36,0.36,1.96,0.015,27.9,41.1,0.9949,3.45,0.65,11.5,5
311,Red,8.06,0.47,0.18,3.06,0.045,13.5,66.0,0.9934,3.09,0.86,9.93,7
312,Red,7.77,0.53,0.0,3.5,0.064,3.5,92.8,0.9955,3.1,0.71,10.9,7
313,Red,10.97,0.4,0.0,1.05,0.045,15.7,33.1,0.9983,3.23,0.87,10.41,5
314,Red,7.05,0.6,0.21,2.82,0.132,17.6,34.3,0.9949,3.3,0.68,9.95,5
315,Red,10.03,0.31,0.27,0.9,0.055,9.3,104.4,0.9974,3.31,0.61,10.35,6
316,Red,8.73,0.66,0.47,2.57,0.046,3.7,77.9,0.9954,3.42,0.34,11.11,6
317,Red,11.17,0.45,0.23,4.2,0.063,17.5,108.1,0.9953,3.17,0.71,9.54,5
318,Red,5.66,0.12,0.46,2.27,0.099,2.5,41.9,0.9944,3.03,0.73,10.6,6
319,Red,6.39,0.27,0.5,2.65,0.015,13.7,82.9,0.997,3.18,0.73,11.14,6
320,Red,7.77,0.52,0.18,2.46,0.05,20.1,66.6,0.9948,3.32,0.62,11.09,5
321,Red,12.43,0.63,0.4,2.72,0.076,6.5,79.5,0.9942,3.04,0.94,11.21,6
322,Red,9.98,0.98,0.15,3.41,0.111,17.7,54.7,0.9949,3.29,0.98,10.41,5
323,Red,10.24,0.51,0.09,3.92,0.047,3.9,6.0,0.9954,3.56,0.63,11.29,6
324,Red,6.57,0.64,0.57,2.32,0.128,26.4,17.6,0.9954,3.55,0.83,11.1,6
325,Red,7.96,0.55,0.12,2.89,0.106,3.3,88.6,0.9976,3.58,0.38,8.89,4
326,Red,9.72,0.64,0.09,3.78,0.087,21.0,10.5,0.9971,3.46,0.48,11.11,5
327,Red,8.69,0.67,0.3,3.13,0.055,9.1,86.4,0.9979,3.21,0.56,9.85,6
328,Red,7.17,0.42,0.13,2.51,0.11,4.9,6.0,1.0004,3.33,0.56,10.81,6
329,Red,7.74,0.58,0.42,2.71,0.078,15.2,40.5,0.9994,3.43,0.49,10.78,5
330,Red,8.97,0.57,0.16,0.9,0.07,9.3,89.2,0.9965,2.93,0.95,11.12,5
331,Red,7.19,0.3,0.0,2.99,0.04,14.6,64.2,0.9981,3.13,0.69,11.2,6
332,Red,8.01,0.84,0.24,1.09,0.228,6.9,125.0,0.9963,3.25,0.75,12.12,7
333,Red,10.11,0.65,0.22,4.22,0.129,20.4,80.0,0.9968,3.44,0.67,10.77,5
334,Red,9.24,0.41,0.03,4.44,0.065,12.2,121.3,0.9951,3.42,0.83,9.79,5
335,Red,8.51,0.2,0.52,2.89,0.097,14.6,48.3,0.9939,3.35,0.82,9.93,6
336,Red,8.2,0.51,0.49,0.9,0.038,24.0,78.4,0.9941,3.45,0.8,10.54,5
337,Red,7.86,0.4,0.28,3.83,0.085,38.2,51.9,0.9967,3.37,0.65,10.76,5
338,Red,4.6,0.54,0.3,0.97,0.127,2.8,47.4,0.9967,3.35,1.01,11.1,6
339,Red,9.73,0.57,0.11,2.59,0.159,15.5,6.0,0.9961,3.27,1.06,10.72,5
340,Red,8.66,0.29,0.36,1.52,0.134,18.8,48.0,0.9961,3.11,0.64,11.06,6
341,Red,6.49,0.75,0.3,0.9,0.089,16.6,60.2,0.9953,3.17,0.51,9.68,6
342,Red,8.79,0.24,0.1,3.55,0.141,18.7,27.9,0.9988,3.23,0.67,10.08,5
343,Red,7.83,0.61,0.47,4.85,0.077,9.4,21.4,0.9953,3.35,0.68,11.08,7
344,Red,9.35,0.32,0.15,1.2,0.027,24.8,50.2,0.9951,3.31,0.51,11.52,5
345,Red,6.17,0.12,0.13,2.06,0.012,22.4,58.0,0.9954,3.29,0.88,9.92,5
346,Red,6.95,0.78,0.51,1.02,0.081,14.5,19.8,0.9966,3.18,0.68,11.12,5
347,Red,6.23,0.62,0.26,3.6,0.081,21.7,32.7,1.0005,3.36,0.53,11.27,7
348,Red,8.15,0.61,0.3,2.47,0.162,8.3,86.1,0.995,3.41,0.52,12.29,7
349,Red,9.11,0.53,0.32,1.14,0.067,10.4,39.7,0.9952,3.29,0.78,10.54,6
350,Red,9.15,0.53,0.48,1.76,0.02,10.2,32.7,0.9956,3.3,0.48,9.76,5
351,Red,6.85,0.89,0.26,4.1,0.154,28.5,35.0,0.9946,3.33,0.76,11.83,7
352,Red,8.27,0.67,0.12,3.92,0.054,13.9,6.0,0.9988,3.49,0.67,11.58,6
353,Red,7.39,0.42,0.01,3.56,0.112,28.7,38.8,0.9982,3.2,0.91,11.01,5
354,Red,10.6,0.45,0.34,3.13,0.042,18.0,43.1,0.995,3.36,0.75,12.37,5
355,Red,12.27,0.31,0.61,2.66,0.046,16.9,32.6,0.9973,3.38,0.33,10.23,6
356,Red,7.99,0.41,0.07,1.2,0.041,10.6,118.6,0.9951,3.12,0.62,10.54,6
357,Red,5.84,0.54,0.22,1.04,0.116,3.1,32.9,0.9964,3.05,0.73,12.08,5
358,Red,8.81,0.51,0.51,1.42,0.066,26.9,87.1,0.9948,3.2,0.6,11.75,7
359,Red,8.33,0.56,0.25,3.77,0.14,11.5,30.7,1.0011,3.23,0.6,10.88,6
360,Red,5.97,0.2,0.42,1.62,0.075,19.2,18.1,0.9972,3.33,0.58,10.13,5
361,Red,9.3,0.59,0.23,1.85,0.166,15.6,33.2,0.9966,3.28,0.77,12.11,7
362,Red,8.89,0.42,0.17,1.35,0.067,5.4,10.5,0.9967,3.43,0.8,9.74,5
363,Red,7.8,0.67,0.41,3.08,0.052,11.0,6.0,0.9974,3.27,0.85,10.7,5
364,Red,6.1,0.42,0.3,0.9,0.117,4.7,47.2,0.9959,3.51,0.56,10.6,6
365,Red,11.26,0.66,0.26,1.7,0.089,21.9,6.0,0.9953,3.19,0.5,12.19,6
366,Red,13.65,0.36,0.15,3.94,0.114,2.5,63.2,0.9975,3.5,0.47,9.19,5
367,Red,5.76,0.6,0.32,4.7,0.021,12.2,74.6,0.9964,3.42,0.5,9.69,5
368,Red,5.8,0.19,0.21,0.9,0.063,29.9,60.2,0.9934,3.08,0.66,10.1,6
369,Red,7.48,0.62,0.07,2.39,0.093,21.6,74.5,1.0,3.47,0.83,11.33,5
370,Red,6.52,0.44,0.21,2.15,0.1,20.9,20.8,0.9967,3.49,0.91,11.92,5
371,Red,8.08,0.23,0.0,1.98,0.146,22.4,58.7,0.9962,3.39,0.67,11.23,7
372,Red,10.83,0.61,0.03,2.96,0.098,9.1,63.1,0.9959,3.52,0.76,12.29,7
373,Red,8.7,0.66,0.21,3.57,0.1,15.8,78.8,0.997,3.16,0.72,12.14,6
374,Red,9.53,0.38,0.61,2.96,0.077,21.8,61.0,0.9968,3.32,0.66,11.17,6
375,Red,8.76,0.65,0.0,1.98,0.105,15.5,53.1,0.998,3.31,0.55,10.92,6
376,Red,5.19,0.71,0.0,1.68,0.081,36.4,61.5,0.9956,3.6,0.67,9.14,6
377,Red,8.63,0.59,0.37,0.9,0.012,7.6,12.0,0.9967,3.14,0.62,12.65,7
378,Red,8.54,0.59,0.16,2.84,0.085,15.7,97.9,0.9941,3.19,0.33,9.94,6
379,Red,8.05,0.71,0.06,3.07,0.031,18.9,69.7,0.9934,3.3,0.77,10.45,5
380,Red,11.44,0.42,0.73,1.88,0.087,9.7,6.0,0.9961,3.53,0.61,11.72,5
381,Red,10.71,0.97,0.5,1.16,0.086,22.4,50.2,0.9972,3.33,0.62,10.26,6
382,Red,6.03,0.42,0.52,2.26,0.076,32.8,73.9,0.9982,3.38,0.76,10.03,5
383,Red,9.35,0.39,0.24,4.69,0.022,6.3,81.5,0.999,3.55,0.52,10.85,6
384,Red,8.22,0.19,0.49,1.35,0.012,17.7,56.9,0.9955,3.25,0.47,10.17,5
385,Red,7.22,0.69,0.23,2.72,0.054,25.7,16.0,0.9944,3.53,0.68,10.8,6
386,Red,5.92,0.41,0.12,3.56,0.012,15.3,42.9,0.9965,3.22,0.75,10.78,6
387,Red,8.66,0.12,0.3,1.65,0.074,7.8,6.0,0.9956,3.5,0.64,10.79,5
388,Red,5.26,0.35,0.53,3.48,0.029,9.9,6.0,0.9936,3.53,0.43,9.93,5
389,Red,6.07,0.3,0.31,2.32,0.146,9.7,18.6,0.9957,3.4,0.81,11.49,5
390,Red,8.26,0.52,0.12,3.94,0.072,14.3,102.2,0.9984,3.22,0.52,9.07,5
391,Red,11.59,0.52,0.0,3.14,0.148,7.8,75.4,0.9999,3.5,0.33,10.93,5
392,Red,10.53,1.1,0.03,1.98,0.058,17.6,70.8,0.9961,3.43,0.76,11.48,6
393,Red,8.38,0.6,0.43,0.9,0.142,32.8,33.8,0.9945,3.18,0.53,10.79,6
394,Red,6.38,0.84,0.44,2.14,0.067,5.4,107.9,0.9984,3.07,0.42,10.41,6
395,Red,8.08,0.67,0.25,2.54,0.152,39.7,81.3,0.9963,3.28,0.8,9.78,5
396,Red,7.17,0.47,0.24,3.08,0.12,30.1,32.9,0.9958,3.26,0.93,10.71,4
397,Red,8.91,0.35,0.29,2.48,0.055,19.7,91.9,0.998,3.49,0.62,10.1,7
398,Red,11.27,0.34,0.32,2.11,0.045,8.6,6.0,0.9944,3.14,0.97,9.0,5
399,Red,9.0,0.35,0.1,3.77,0.096,1.0,36.3,0.9945,3.27,0.72,11.04,6
400,Red,7.96,0.45,0.31,1.88,0.02,20.1,61.7,1.0008,3.35,0.59,11.06,6
401,Red,8.48,0.95,0.31,4.01,0.152,15.7,6.0,0.9951,3.23,0.49,9.89,6
402,Red,5.91,0.88,0.47,4.15,0.013,2.2,33.7,0.9981,3.37,0.7,10.39,6
403,Red,11.25,0.35,0.0,0.9,0.164,14.1,28.9,0.9963,3.29,0.49,10.95,6
404,Red,8.76,0.77,0.47,1.89,0.099,2.8,51.9,0.9967,3.35,0.44,10.52,6
405,Red,10.87,0.52,0.56,0.9,0.079,1.0,69.4,0.9964,2.84,0.85,12.19,5
406,Red,5.99,0.83,0.11,3.9,0.118,37.2,36.5,0.9951,3.43,0.93,9.66,5
407,Red,11.3,0.71,0.39,2.57,0.095,8.8,64.0,0.9937,3.26,0.81,9.07,5
408,Red,8.83,0.67,0.07,0.9,0.16,24.4,14.7,0.9939,3.43,0.81,11.74,6
409,Red,9.42,0.38,0.54,4.0,0.126,27.7,7.1,0.9948,3.44,0.53,10.7,5
410,Red,10.54,0.64,0.35,3.04,0.148,31.5,116.2,0.9933,3.34,0.69,11.57,5
411,Red,8.34,1.14,0.14,4.07,0.034,29.6,6.0,0.9931,3.47,0.55,9.29,6
412,Red,6.06,0.7,0.34,3.08,0.137,6.0,96.1,0.9941,3.37,0.91,10.81,6
413,Red,6.05,0.37,0.0,4.49,0.06,15.3,49.2,0.996,3.31,0.67,10.35,7
414,Red,9.27,0.72,0.09,2.71,0.034,21.2,57.9,0.9972,3.41,0.6,10.43,6
415,Red,9.46,0.58,0.23,2.25,0.012,4.4,122.0,0.9964,3.2,0.93,9.32,5
416,Red,7.77,0.44,0.32,4.09,0.137,7.4,6.0,0.9952,3.4,0.84,11.67,6
417,Red,9.32,0.65,0.38,0.9,0.063,17.2,48.2,0.992,3.45,0.41,9.83,6
418,Red,8.68,0.49,0.0,3.48,0.072,32.9,54.6,0.9994,3.3,0.45,8.62,6
419,Red,10.21,0.57,0.22,4.14,0.145,30.0,60.6,0.9962,3.49,0.42,10.42,5
420,Red,11.55,0.49,0.28,4.29,0.079,22.9,66.2,0.9956,3.13,0.67,10.57,6
421,Red,9.53,0.28,0.69,1.01,0.136,24.2,40.0,0.9964,3.31,0.95,8.8,4
422,Red,9.5,0.32,0.15,2.47,0.061,32.6,53.1,0.9964,3.41,0.81,9.44,6
423,Red,6.25,0.54,0.4,5.41,0.056,31.8,75.3,0.9962,3.49,0.89,11.09,5
424,Red,9.67,0.63,0.26,3.73,0.08,25.9,90.4,0.998,3.07,0.68,10.83,6
425,Red,8.31,0.7,0.3,2.52,0.091,3.9,6.0,0.9968,3.34,0.61,10.28,4
426,Red,8.37,0.64,0.06,1.79,0.128,32.9,42.9,0.9997,3.62,0.36,9.57,4
427,Red,8.67,0.66,0.29,2.06,0.103,19.8,89.1,0.995,3.42,0.63,13.14,6
428,Red,6.15,0.14,0.36,4.26,0.114,18.3,48.7,0.9952,3.46,0.47,11.51,6
429,Red,10.89,0.37,0.65,2.45,0.145,27.5,46.0,0.9986,3.04,0.7,9.51,3
430,Red,8.27,0.58,0.4,2.13,0.068,16.7,32.8,0.9973,3.2,0.57,11.12,5
431,Red,9.05,0.12,0.26,2.71,0.144,13.2,19.5,0.9953,3.02,0.63,10.16,5
432,Red,7.79,1.0,0.64,0.9,0.068,12.1,113.2,0.9985,3.62,0.98,10.95,6
433,Red,9.74,0.74,0.55,3.1,0.012,7.4,87.1,0.9977,3.5,0.84,12.53,6
434,Red,9.9,0.53,0.0,4.48,0.062,36.5,56.8,0.9917,3.6,0.64,10.58,6
435,Red,6.81,0.28,0.04,1.05,0.124,11.7,24.0,0.993,3.38,0.64,11.02,6
436,Red,9.23,0.5,0.5,1.97,0.109,23.0,37.7,0.9988,3.7,0.47,11.46,6
437,Red,11.19,0.93,0.49,4.17,0.064,20.9,44.3,0.9952,3.46,0.78,11.32,6
438,Red,9.56,0.67,0.2,0.96,0.12,12.5,6.0,0.9983,3.27,0.52,10.06,6
439,Red,7.76,0.39,0.24,2.24,0.063,10.1,55.5,0.9924,3.37,0.48,10.71,5
440,Red,9.2,0.72,0.0,3.74,0.116,28.5,57.8,0.9984,3.34,0.44,12.24,6
441,Red,5.61,0.81,0.08,1.8,0.161,33.6,112.1,0.9976,3.16,0.86,10.36,7
442,Red,7.74,0.85,0.23,2.01,0.162,18.6,49.6,0.9923,3.23,0.64,10.47,5
443,Red,7.2,0.73,0.52,3.08,0.101,22.9,63.7,0.9937,3.39,0.71,10.94,5
444,Red,6.44,0.66,0.36,5.9,0.012,16.2,14.6,0.9952,3.31,0.63,11.89,6
445,Red,7.53,0.4,0.22,2.97,0.052,11.0,14.9,0.9954,3.16,0.86,12.25,6
446,Red,6.31,0.5,0.12,1.69,0.146,35.6,127.3,0.9974,3.18,0.68,10.82,5
447,Red,10.58,0.71,0.59,1.92,0.069,25.8,6.0,0.9967,3.33,0.87,10.42,6
448,Red,8.2,0.75,0.4,2.32,0.072,13.3,45.2,0.9995,3.13,0.68,11.06,6
449,Red,5.89,0.67,0.11,2.29,0.152,26.8,27.5,0.9961,3.33,0.65,10.97,6
450,Red,8.16,0.53,0.36,2.3,0.065,8.2,85.6,0.9962,3.34,0.91,11.06,5
451,Red,8.3,0.61,0.06,2.53,0.113,9.0,71.8,0.9993,3.31,0.44,9.68,5
452,Red,7.74,0.77,0.36,2.17,0.155,10.7,44.7,0.9955,2.89,0.95,9.51,6
453,Red,10.48,0.45,0.01,2.69,0.121,22.0,93.9,0.9964,3.16,0.49,9.8,5
454,Red,10.9,0.52,0.38,1.33,0.093,22.1,60.9,0.9963,3.46,0.33,11.5,5
455,Red,5.7,0.57,0.0,2.85,0.135,13.7,32.9,0.9962,3.64,0.75,11.08,4
456,Red,5.47,0.51,0.4,1.97,0.111,19.7,96.3,0.994,3.29,0.42,9.69,5
457,Red,8.97,0.75,0.3,2.52,0.101,25.6,7.7,0.9993,3.51,0.46,10.82,5
458,Red,6.55,0.7,0.27,0.9,0.04,12.3,47.5,0.9939,3.23,0.72,10.1,6
459,Red,8.6,0.59,0.29,2.99,0.118,6.4,6.0,0.9964,3.2,0.63,12.24,6
460,Red,9.41,0.53,0.34,1.12,0.012,20.9,75.1,0.993,3.21,0.86,10.2,5
461,Red,9.05,0.52,0.38,2.34,0.012,23.0,40.5,0.9945,3.34,0.74,11.26,7
462,Red,9.91,0.67,0.42,1.99,0.136,37.7,39.7,0.9968,3.2,0.46,9.79,6
463,Red,8.3,0.84,0.48,1.43,0.1,23.2,38.3,0.9958,3.45,0.63,10.28,6
464,Red,8.75,0.81,0.19,2.31,0.027,22.5,52.4,0.9975,3.12,1.11,10.39,5
465,Red,7.48,0.56,0.62,3.73,0.033,11.5,42.6,0.9957,3.45,0.69,10.54,5
466,Red,9.73,0.54,0.19,0.9,0.056,22.2,7.4,0.9963,3.39,0.73,11.19,6
467,Red,7.76,0.68,0.37,3.11,0.179,27.7,7.6,0.9943,3.36,0.36,8.77,3
468,Red,7.57,0.62,0.69,3.28,0.109,17.5,47.3,0.9954,3.6,0.52,11.59,6
469,Red,8.02,0.71,0.31,0.9,0.105,25.6,6.0,0.9956,3.39,0.5,11.85,7
470,Red,10.6,0.33,0.38,2.64,0.104,19.0,71.0,0.9943,3.58,0.58,9.71,5
471,Red,5.51,0.42,0.7,0.96,0.082,19.9,81.3,0.9951,3.44,0.45,10.72,6
472,Red,9.8,0.28,0.22,5.16,0.118,21.1,46.9,0.9964,3.28,0.57,11.58,6
473,Red,4.96,0.23,0.06,0.9,0.02,6.7,86.1,0.9977,3.54,0.77,11.03,4
474,Red,8.73,0.58,0.25,3.17,0.141,24.8,90.4,0.9978,3.41,0.68,10.65,6
475,Red,9.64,0.37,0.59,2.53,0.042,4.3,50.8,0.9981,3.24,0.45,11.88,7
476,Red,7.92,0.75,0.05,1.74,0.078,29.2,50.6,0.9974,3.06,0.6,9.96,5
477,Red,7.26,0.47,0.58,2.24,0.064,23.5,57.7,0.999,3.43,0.64,11.63,5
478,Red,8.53,0.64,0.39,2.92,0.101,20.8,93.0,0.9955,3.22,0.77,11.75,5
479,Red,8.32,0.37,0.26,1.12,0.055,10.8,40.9,0.9966,3.19,0.9,11.51,6
480,Red,8.68,0.58,0.5,4.05,0.148,23.0,6.0,0.9998,3.24,0.55,9.56,5
481,Red,7.18,0.43,0.04,2.88,0.073,15.2,53.7,0.9978,3.44,0.86,12.25,5
482,Red,7.54,0.63,0.03,0.94,0.044,25.1,52.8,0.9951,3.22,0.62,10.51,7
483,Red,8.48,0.32,0.43,3.88,0.155,7.9,91.5,0.995,3.39,0.5,9.79,5
484,Red,9.04,0.46,0.33,1.61,0.082,9.0,6.0,0.9941,3.28,0.69,11.79,7
485,Red,10.24,0.79,0.15,4.48,0.11,14.5,69.7,0.9934,3.56,0.74,11.0,6
486,Red,6.11,0.38,0.08,0.9,0.199,6.4,76.6,0.9958,3.4,1.07,10.95,6
487,Red,9.62,0.21,0.0,1.28,0.121,21.4,99.0,0.9963,3.24,0.33,9.97,6
488,Red,9.75,0.22,0.23,1.98,0.018,1.0,20.5,0.995,3.26,0.38,10.13,3
489,Red,10.68,0.43,0.02,3.92,0.035,19.1,85.8,0.9917,3.27,0.5,9.35,5
490,Red,5.42,0.26,0.33,1.0,0.021,21.6,102.3,0.9968,3.11,0.43,9.95,6
491,Red,9.26,0.58,0.15,3.43,0.105,8.8,39.4,0.999,3.14,0.76,11.04,5
492,Red,8.24,0.44,0.3,2.33,0.05,28.0,90.1,0.9985,3.52,0.92,10.97,6
493,Red,8.43,0.24,0.29,1.56,0.106,1.0,54.9,0.9968,3.27,0.33,11.01,6
494,Red,9.15,0.43,0.13,1.84,0.022,22.3,122.6,0.9963,3.62,0.53,11.28,5
495,Red,9.99,0.92,0.26,1.57,0.046,19.6,27.8,0.9959,3.23,0.83,11.52,7
496,Red,8.62,0.23,0.43,4.77,0.129,7.8,6.0,0.9959,3.34,0.71,11.69,6
497,Red,8.22,0.43,0.15,3.12,0.114,1.0,68.9,0.9933,3.01,0.46,10.8,5
498,Red,10.81,0.47,0.3,1.65,0.109,9.4,91.7,0.9935,3.36,0.33,11.9,6
499,Red,7.68,0.76,0.28,4.2,0.093,4.2,18.3,0.997,3.32,0.67,11.17,6
500,Red,10.95,0.85,0.37,4.97,0.227,31.1,6.0,0.994,3.22,0.46,10.24,7
501,Red,8.09,0.82,0.24,2.61,0.024,27.9,64.8,0.9959,3.26,0.45,10.31,5
502,Red,7.41,0.69,0.45,3.14,0.042,10.5,25.9,0.9947,3.13,0.37,11.39,6
503,Red,6.92,0.47,0.4,1.01,0.112,11.7,86.0,0.9966,3.51,0.67,8.99,5
504,Red,9.76,0.45,0.6,3.19,0.022,18.7,6.0,0.9935,3.32,0.48,11.28,6
505,Red,7.14,0.49,0.38,2.51,0.012,26.2,6.0,0.9981,3.27,0.37,10.26,5
506,Red,8.88,0.34,0.0,3.77,0.069,14.0,42.5,0.9979,3.57,0.46,11.31,6
507,Red,6.85,0.65,0.29,3.28,0.073,5.7,6.3,0.994,3.27,0.64,10.17,5
508,Red,9.31,0.36,0.21,2.18,0.049,6.3,6.0,0.9967,3.21,1.02,11.06,5
509,Red,7.81,0.64,0.0,1.61,0.026,16.4,42.5,0.9972,3.23,0.61,10.35,5
510,Red,9.03,0.72,0.42,1.96,0.018,1.0,31.6,0.9945,2.89,0.7,10.11,7
511,Red,7.65,0.4,0.0,2.16,0.068,9.2,15.0,0.995,3.44,0.55,11.51,5
512,Red,5.49,0.4,0.25,2.57,0.083,19.3,51.4,0.9967,3.36,0.51,10.71,5
513,Red,7.32,0.5,0.05,2.4,0.08,22.7,61.1,0.9948,3.22,0.64,9.99,5
514,Red,5.53,0.41,0.32,4.56,0.062,30.5,16.4,0.9979,3.24,0.94,10.95,6
515,Red,7.48,0.22,0.42,0.99,0.093,38.1,65.9,0.9964,3.11,0.52,10.92,6
516,Red,8.04,0.47,0.39,0.9,0.069,8.2,48.6,0.9972,3.1,0.85,10.98,5
517,Red,8.3,0.3,0.16,3.56,0.082,19.9,74.3,0.9973,3.38,0.8,12.03,7
518,Red,8.95,0.42,0.44,0.9,0.07,25.4,44.4,0.999,3.38,0.75,11.4,5
519,Red,10.82,0.47,0.11,1.77,0.132,26.8,6.0,0.9997,3.21,0.65,11.13,6
520,Red,8.53,0.35,0.47,4.48,0.107,21.1,53.3,0.9978,3.11,0.49,9.27,4
521,Red,7.23,0.47,0.44,2.45,0.065,33.3,74.4,0.9965,3.4,0.54,11.34,6
522,Red,6.68,0.84,0.28,4.41,0.094,32.3,53.5,0.9975,3.02,0.81,10.02,6
523,Red,10.64,0.55,0.42,3.3,0.075,17.4,85.0,0.9958,3.18,0.61,10.41,5
524,Red,5.07,0.47,0.09,2.79,0.072,8.1,56.9,0.9942,3.27,0.7,11.85,7
525,Red,7.26,0.15,0.21,2.01,0.104,31.3,43.1,0.9972,3.74,0.73,10.98,5
526,Red,10.1,0.51,0.36,2.09,0.083,17.1,12.4,0.9992,3.23,0.77,10.93,5
527,Red,8.19,0.29,0.48,0.9,0.152,26.2,8.8,0.9977,3.28,0.57,12.1,5
528,Red,7.74,0.45,0.17,2.38,0.1,13.1,6.0,0.9999,3.37,0.62,10.75,6
529,Red,5.1,0.39,0.39,1.88,0.053,7.0,81.0,0.9987,3.27,0.45,9.98,6
530,Red,8.47,0.53,0.52,2.56,0.112,5.0,63.3,0.9972,3.52,0.56,9.16,5
531,Red,7.63,0.43,0.37,0.9,0.047,18.7,29.4,0.9961,3.51,0.69,9.24,5
532,Red,7.66,0.83,0.18,2.29,0.117,21.2,39.6,0.996,3.45,0.37,9.17,5
533,Red,7.5,0.34,0.16,0.9,0.012,7.0,30.6,0.9959,3.0,0.69,10.93,5
534,Red,7.83,0.77,0.11,1.9,0.126,38.7,75.3,0.9968,3.22,0.44,11.99,5
535,Red,8.08,0.5,0.0,3.19,0.103,25.8,6.0,0.9953,3.51,0.33,10.67,6
536,Red,8.32,0.76,0.14,3.05,0.046,26.1,6.0,0.9989,3.33,0.76,11.43,6
537,Red,10.48,0.43,0.49,2.81,0.06,16.3,98.6,0.9987,3.29,0.54,11.95,7
538,Red,10.17,0.32,0.12,0.9,0.012,35.5,50.0,0.9937,3.39,0.49,11.04,5
539,Red,8.59,0.62,0.48,0.9,0.015,11.1,46.1,0.9953,3.12,0.66,12.45,6
540,Red,6.62,0.49,0.0,2.93,0.177,13.5,98.7,0.9961,3.71,0.93,10.78,5
541,Red,5.48,0.28,0.25,2.82,0.07,22.1,137.1,0.9977,3.2,0.71,10.91,6
542,Red,7.03,0.54,0.37,4.45,0.023,14.5,69.6,1.0008,3.35,0.96,8.4,4
543,Red,10.87,0.77,0.04,3.7,0.057,23.1,33.4,0.9964,3.23,0.96,10.87,6
544,Red,12.1,0.69,0.1,0.9,0.038,24.4,70.6,0.9981,3.18,0.62,10.95,5
545,Red,7.3,0.19,0.09,1.62,0.151,7.1,96.0,0.9972,3.23,0.67,12.48,6
546,Red,5.66,0.76,0.54,3.59,0.11,20.5,57.6,0.996,3.29,0.36,11.34,5
547,Red,8.02,0.83,0.38,1.09,0.08,1.0,41.0,0.9968,3.32,0.94,11.52,6
548,Red,9.62,0.27,0.29,2.33,0.151,30.8,56.1,0.9996,3.04,0.56,10.71,5
549,Red,10.6,0.64,0.29,4.93,0.141,11.6,70.6,0.9944,3.12,0.71,10.55,6
550,Red,7.02,0.79,0.0,1.86,0.012,21.6,23.2,0.9977,3.25,0.36,10.35,5
551,Red,10.47,0.46,0.05,0.9,0.166,27.2,43.0,0.9946,3.52,0.44,9.88,5
552,Red,7.25,0.76,0.55,4.38,0.046,9.6,28.6,0.9964,3.19,0.53,9.36,4
553,Red,8.08,0.43,0.33,4.89,0.091,24.9,17.4,0.9982,3.36,0.62,9.57,5
554,Red,9.64,0.45,0.15,3.08,0.014,13.2,6.0,0.9961,3.37,0.64,9.33,4
555,Red,8.49,0.46,0.17,4.27,0.085,8.8,80.8,0.9969,3.1,0.58,11.03,7
556,Red,9.86,0.42,0.16,1.45,0.048,20.2,50.1,0.9975,3.42,0.69,10.37,7
557,Red,11.77,0.31,0.25,2.69,0.11,35.6,40.4,0.9972,3.37,0.5,9.7,5
558,Red,7.8,0.55,0.12,0.98,0.077,28.7,76.3,0.9976,3.46,0.71,10.84,6
559,Red,9.68,0.31,0.28,2.36,0.086,13.9,40.4,1.0006,3.36,0.68,10.64,5
560,Red,9.55,0.3,0.24,4.88,0.083,32.9,64.7,0.9993,3.19,0.67,10.94,5
561,Red,7.58,0.44,0.1,2.7,0.133,14.1,23.2,0.9954,3.15,0.93,11.05,5
562,Red,6.18,0.78,0.27,2.12,0.034,12.0,126.9,0.9944,3.63,0.59,11.73,6
563,Red,8.75,0.39,0.15,6.42,0.061,23.6,6.0,0.9965,3.18,0.48,9.79,6
564,Red,6.36,0.57,0.43,1.07,0.13,21.5,83.1,0.9969,3.41,0.98,9.74,5
565,Red,6.79,0.76,0.44,4.56,0.18,4.4,49.5,0.9929,3.47,0.66,11.53,7
566,Red,5.4,0.44,0.36,1.12,0.012,13.2,54.1,0.9988,3.54,0.55,11.53,6
567,Red,6.83,0.62,0.4,4.11,0.052,16.9,34.6,0.9983,3.41,0.96,9.48,5
568,Red,10.49,0.6,0.43,3.77,0.096,7.6,6.0,0.9934,3.86,0.74,9.52,6
569,Red,12.45,0.51,0.21,0.9,0.124,13.1,84.6,0.9985,3.58,0.83,11.96,7
570,Red,5.01,0.34,0.13,0.9,0.135,41.2,103.1,0.9979,3.27,0.68,10.05,5
571,Red,7.25,0.62,0.0,4.45,0.1,9.8,20.8,0.9943,2.95,0.74,10.83,6
572,Red,9.35,0.44,0.33,3.18,0.065,7.8,84.7,0.9934,3.38,0.74,8.78,5
573,Red,9.81,0.51,0.2,0.9,0.132,18.1,101.2,1.0017,3.52,0.33,11.94,4
574,Red,9.2,0.25,0.53,0.9,0.012,25.3,6.0,0.9955,3.35,0.74,9.7,5
575,Red,7.68,0.54,0.46,2.59,0.104,13.0,54.1,0.9948,3.72,0.52,11.85,5
576,Red,7.57,0.23,0.53,3.74,0.012,1.0,6.0,0.9949,3.31,0.71,10.83,7
577,Red,8.42,0.31,0.25,0.9,0.054,6.1,6.0,0.9969,3.08,0.88,10.81,5
578,Red,5.41,0.6,0.03,2.02,0.061,5.9,73.4,0.9945,3.06,0.41,11.37,6
579,Red,7.81,0.56,0.6,0.9,0.087,22.8,98.1,0.9982,3.15,0.87,11.04,7
580,Red,10.42,0.85,0.0,1.94,0.087,17.2,26.6,0.9963,3.32,0.55,9.97,5
581,Red,5.13,0.35,0.39,1.3,0.121,18.9,6.0,0.9973,3.31,0.73,11.22,6
582,Red,6.92,0.52,0.45,3.57,0.012,28.0,69.0,0.9974,3.46,0.7,9.75,5
583,Red,8.84,0.26,0.28,1.81,0.097,8.8,51.3,0.9971,3.14,0.93,11.88,6
584,Red,10.14,0.26,0.17,3.13,0.149,20.6,43.4,0.9943,3.37,0.55,10.88,5
585,Red,8.57,0.29,0.22,0.9,0.132,9.2,60.5,0.9972,3.12,0.7,11.74,6
586,Red,4.6,0.24,0.07,4.22,0.089,1.0,70.2,0.9949,3.34,0.81,12.48,6
587,Red,10.27,0.4,0.46,4.39,0.113,14.2,19.3,0.9971,3.33,0.64,11.66,8
588,Red,8.72,0.14,0.39,3.44,0.057,14.0,54.1,0.9996,3.53,0.43,10.36,5
589,Red,9.66,0.4,0.23,2.04,0.081,15.2,32.0,0.9973,3.23,0.8,10.36,4
590,Red,10.66,0.7,0.33,6.16,0.155,5.8,29.8,0.9969,3.26,0.72,11.52,6
591,Red,9.26,0.49,0.18,1.71,0.122,44.2,31.9,1.0003,3.22,0.5,12.8,8
592,Red,5.52,0.68,0.17,4.26,0.048,12.4,32.0,0.9992,3.22,0.7,11.64,7
593,Red,6.24,0.62,0.49,0.9,0.012,20.4,6.0,0.9943,3.36,0.68,11.31,7
594,Red,10.61,0.49,0.49,0.9,0.068,1.8,6.0,0.9981,3.28,0.76,11.27,6
595,Red,5.82,0.54,0.47,2.58,0.121,10.7,59.0,0.9964,3.35,0.33,11.56,6
596,Red,9.98,0.88,0.14,4.96,0.018,35.6,49.5,0.9952,3.44,0.57,12.41,7
597,Red,6.7,0.56,0.41,3.1,0.026,5.8,108.0,0.9954,3.22,0.48,10.77,6
598,Red,6.62,0.72,0.71,1.91,0.133,17.9,95.5,0.9976,3.29,0.49,10.03,7
599,Red,8.76,0.28,0.24,3.07,0.033,16.5,11.9,1.0002,3.23,0.96,11.1,5
600,Red,8.09,0.74,0.31,3.26,0.039,6.5,41.9,0.9968,3.53,0.69,10.67,5
601,Red,10.03,0.26,0.1,0.9,0.116,24.6,61.5,0.9978,3.26,0.56,10.64,4
602,Red,7.74,0.45,0.25,0.9,0.071,10.1,67.6,0.9953,3.58,0.33,9.13,5
603,Red,6.4,0.5,0.19,2.72,0.083,34.4,68.4,0.996,3.48,0.84,12.38,6
604,Red,7.49,0.58,0.43,0.9,0.125,9.1,21.0,0.9997,3.52,0.63,10.17,5
605,Red,10.0,0.43,0.36,0.9,0.125,16.1,41.0,0.9999,3.32,0.78,11.39,5
606,Red,8.63,0.27,0.3,0.9,0.128,11.8,36.2,0.9959,3.44,0.62,11.76,6
607,Red,10.25,0.3,0.55,1.98,0.107,31.5,78.6,0.9953,3.39,0.77,9.43,5
608,Red,8.73,0.62,0.29,2.39,0.138,24.7,16.1,0.9961,3.41,0.66,11.4,7
609,Red,4.67,0.8,0.3,2.16,0.049,3.2,58.9,0.9966,3.29,0.81,11.9,5
610,Red,8.41,0.72,0.48,2.48,0.012,23.8,17.1,0.998,3.54,0.78,10.29,7
611,Red,7.76,0.59,0.3,2.63,0.032,30.6,19.7,0.9963,3.22,0.66,10.35,5
612,Red,8.47,0.73,0.15,3.35,0.113,15.0,28.2,0.9974,3.31,0.83,10.57,6
613,Red,8.76,0.53,0.01,2.93,0.144,4.7,55.1,0.9962,3.27,0.48,10.91,6
614,Red,8.99,0.39,0.19,3.92,0.075,22.7,37.7,0.9999,3.55,0.46,10.81,5
615,Red,7.99,0.7,0.7,3.56,0.075,17.0,41.0,0.9988,3.42,0.61,10.09,5
616,Red,10.84,0.33,0.42,2.91,0.113,3.5,6.0,0.9965,3.36,0.6,11.26,5
617,Red,8.39,0.53,0.37,3.39,0.121,8.0,60.6,0.9963,3.21,0.48,10.1,5
618,Red,7.61,0.51,0.69,2.53,0.111,2.1,46.5,0.9992,3.48,0.73,9.96,7
619,Red,8.49,0.36,0.3,4.38,0.103,18.5,6.0,0.998,3.23,0.64,11.97,7
620,Red,6.98,0.37,0.08,4.17,0.068,26.7,84.3,0.9949,3.67,0.78,10.45,5
621,Red,6.77,0.3,0.11,1.3,0.135,15.3,61.4,0.996,2.99,0.89,10.64,5
622,Red,7.92,0.58,0.46,0.9,0.036,20.8,64.3,0.9971,3.2,0.53,11.67,7
623,Red,10.6,0.38,0.2,4.08,0.104,31.9,22.0,0.9962,3.4,0.62,12.0,5
624,Red,10.33,0.5,0.3,2.1,0.049,25.7,30.4,0.9974,3.35,0.69,10.13,5
625,Red,9.0,0.64,0.54,2.94,0.08,2.2,84.1,0.9983,3.4,0.78,9.36,5
626,Red,7.29,0.58,0.0,2.23,0.103,28.6,31.6,0.9975,3.56,0.45,11.59,6
627,Red,6.87,0.28,0.23,1.14,0.146,11.3,43.3,0.9993,3.38,0.53,11.85,5
628,Red,8.5,0.54,0.22,1.82,0.051,18.5,14.9,0.9953,3.52,0.85,11.55,7
629,Red,6.37,0.92,0.55,1.97,0.17,21.4,40.8,0.9984,3.15,0.36,9.45,5
630,Red,8.68,0.54,0.2,3.17,0.052,9.1,46.0,0.9961,3.3,0.63,8.59,4
631,Red,9.68,0.49,0.31,3.58,0.072,26.1,46.5,0.9996,3.13,0.8,10.57,6
632,Red,8.09,0.64,0.33,4.24,0.073,11.2,111.5,0.9976,2.98,0.55,10.18,6
633,Red,8.23,0.52,0.0,2.67,0.103,27.3,25.5,0.9954,3.52,0.45,9.76,5
634,Red,9.05,0.43,0.24,0.94,0.144,10.9,51.2,0.9944,3.35,0.34,11.01,6
635,Red,5.17,0.41,0.53,1.68,0.088,6.0,47.9,0.9971,3.69,0.46,11.32,6
636,Red,11.91,0.86,0.23,2.31,0.026,4.6,31.6,0.9971,3.13,0.64,11.07,5
637,Red,8.81,0.2,0.46,2.12,0.147,7.0,62.4,0.9946,3.31,0.69,10.98,6
638,Red,9.94,0.48,0.3,2.59,0.068,14.4,30.8,0.9971,3.22,0.66,11.17,6
639,Red,9.51,0.78,0.4,8.11,0.056,15.8,106.8,0.9978,3.2,0.61,9.58,7
640,Red,5.17,0.36,0.51,0.9,0.023,15.2,50.8,0.9953,3.56,0.64,10.77,4
641,Red,7.45,0.44,0.17,2.62,0.038,1.0,85.2,0.9934,3.47,0.83,12.46,6
642,Red,10.42,0.58,0.35,1.96,0.018,10.6,8.0,0.9976,3.33,0.56,9.71,5
643,Red,7.59,0.56,0.3,1.06,0.099,28.9,73.4,0.9978,3.57,0.59,10.23,5
644,Red,7.67,0.44,0.46,2.85,0.174,18.5,57.7,0.9955,3.31,0.75,10.53,6
645,Red,8.33,0.38,0.09,1.17,0.154,25.6,6.0,0.9961,3.38,0.82,8.49,4
646,Red,4.6,0.45,0.19,5.1,0.1,26.9,34.5,1.0017,3.54,0.67,11.23,7
647,Red,6.98,0.37,0.27,4.18,0.223,9.0,29.7,0.9977,3.14,0.6,11.48,6
648,Red,5.99,0.38,0.25,1.47,0.176,10.7,36.3,0.9973,3.62,0.72,10.82,5
649,Red,7.39,0.46,0.06,5.91,0.097,21.0,9.3,0.9936,3.41,0.86,10.14,5
650,Red,7.91,0.5,0.23,3.03,0.067,23.0,6.4,0.9969,3.01,0.43,11.17,7
651,Red,9.12,0.5,0.52,1.01,0.055,11.8,24.9,1.0012,3.16,0.84,9.83,5
652,Red,7.8,0.33,0.56,4.28,0.099,34.3,83.5,0.9945,3.05,0.79,10.12,6
653,Red,7.44,0.66,0.5,1.68,0.093,7.2,38.8,0.9948,3.3,0.79,11.01,4
654,Red,8.68,0.43,0.35,0.9,0.04,18.2,53.3,0.9987,3.5,0.58,11.41,6
655,Red,8.94,0.56,0.58,2.81,0.116,15.9,27.0,0.9973,3.11,0.47,11.29,6
656,Red,7.59,0.56,0.32,3.38,0.042,24.5,60.6,0.998,3.5,0.51,8.78,5
657,Red,8.62,0.57,0.12,1.94,0.081,1.2,91.4,0.9991,3.19,0.46,10.61,5
658,Red,6.64,0.68,0.54,3.26,0.08,1.0,50.8,0.996,3.37,0.67,12.02,5
659,Red,7.94,0.42,0.02,0.9,0.126,52.1,7.0,0.9954,3.52,0.92,10.87,6
660,Red,7.37,0.9,0.34,0.9,0.061,18.7,62.1,0.9953,3.38,0.33,11.15,7
661,Red,6.95,0.51,0.05,2.56,0.109,14.2,45.2,1.0003,3.33,0.72,11.19,6
662,Red,6.17,0.54,0.19,2.39,0.012,11.5,59.0,0.9982,3.48,0.5,9.92,5
663,Red,9.05,0.59,0.43,3.17,0.104,32.2,43.8,0.9962,3.22,0.66,10.83,5
664,Red,9.0,0.68,0.14,4.3,0.015,14.6,36.9,0.9972,3.5,0.58,10.39,6
665,Red,9.13,0.64,0.34,0.9,0.012,9.4,6.6,0.9974,3.22,0.47,10.25,6
666,Red,10.12,0.46,0.09,2.7,0.095,8.8,36.4,0.996,3.34,0.84,11.28,6
667,Red,6.04,0.59,0.0,3.89,0.124,27.0,35.4,0.9961,3.26,0.63,11.06,5
668,Red,6.46,0.41,0.31,3.1,0.055,2.6,41.2,0.9975,3.26,0.51,10.94,6
669,Red,9.05,0.71,0.42,3.56,0.19,20.2,6.0,0.997,3.29,0.73,9.58,5
670,Red,6.2,1.15,0.3,0.98,0.125,29.3,50.7,0.9992,3.26,0.75,11.05,5
671,Red,8.41,0.75,0.38,3.3,0.046,23.6,6.0,0.9952,3.32,0.44,12.39,6
672,Red,10.32,0.25,0.28,0.9,0.076,26.5,6.0,0.9965,3.08,0.61,10.04,6
673,Red,9.8,0.82,0.47,3.77,0.067,19.9,117.9,0.997,3.57,1.1,10.93,7
674,Red,9.46,0.6,0.3,3.36,0.099,17.5,34.7,0.9966,3.34,0.65,11.37,6
675,Red,8.02,0.47,0.0,1.5,0.117,23.5,43.9,0.9961,3.28,0.54,10.88,5
676,Red,8.2,0.48,0.33,0.9,0.044,1.0,29.3,0.997,3.25,0.59,9.37,5
677,Red,9.18,0.77,0.07,2.24,0.12,13.4,98.8,0.9965,3.13,0.56,11.34,5
678,Red,6.94,0.31,0.22,1.95,0.096,1.0,41.2,0.9964,3.19,0.62,10.45,6
679,Red,8.04,0.29,0.08,2.87,0.077,19.4,48.1,0.9992,3.49,0.87,12.6,6
680,Red,7.6,0.87,0.13,2.82,0.081,1.0,35.9,0.9978,2.92,0.78,12.4,6
681,Red,8.85,0.59,0.27,1.06,0.161,5.0,6.0,0.998,3.19,1.09,10.8,5
682,Red,8.61,0.48,0.13,3.98,0.123,21.8,61.7,0.9984,3.22,0.76,10.38,6
683,Red,8.21,0.61,0.38,5.63,0.089,23.1,6.0,0.9962,3.2,0.46,11.4,6
684,Red,9.76,0.68,0.12,2.33,0.088,23.5,86.6,0.9955,3.49,0.61,11.2,5
685,Red,11.86,0.56,0.24,2.38,0.091,5.7,50.3,0.9948,3.44,0.69,10.02,5
686,Red,10.38,0.31,0.0,2.68,0.201,26.7,27.4,0.9968,3.25,0.8,11.57,6
687,Red,7.11,0.76,0.24,4.82,0.183,23.9,57.3,0.9971,3.26,0.57,10.72,6
688,Red,5.69,0.42,0.29,0.9,0.092,11.0,37.6,0.9978,3.41,0.49,10.01,5
689,Red,9.59,0.58,0.49,1.94,0.022,26.9,48.1,0.9971,3.25,0.37,9.61,6
690,Red,9.94,0.69,0.06,3.16,0.012,18.0,53.3,1.0002,3.42,0.76,9.87,6
691,Red,9.12,0.27,0.19,2.42,0.111,2.3,51.6,0.9961,3.57,0.62,11.46,5
692,Red,5.59,0.37,0.5,1.61,0.039,1.0,98.5,0.9966,3.28,0.93,9.71,6
693,Red,8.48,0.39,0.23,1.7,0.111,3.5,9.1,0.9952,3.12,0.74,11.12,5
694,Red,9.09,0.26,0.2,0.9,0.118,12.7,63.3,0.9929,3.16,0.4,11.63,6
695,Red,4.73,0.59,0.06,4.25,0.015,28.2,60.0,0.9947,3.5,0.95,11.37,6
696,Red,9.16,0.58,0.0,1.11,0.201,18.4,53.9,0.9934,3.39,0.35,9.66,5
697,Red,9.37,0.62,0.48,4.16,0.029,12.8,38.4,0.9969,3.34,0.48,10.46,4
698,Red,10.63,0.88,0.18,0.9,0.086,2.6,16.4,0.9972,3.37,0.62,10.61,5
699,Red,11.42,0.59,0.0,1.25,0.054,22.0,6.0,0.9948,3.71,0.62,10.59,6
700,Red,8.08,0.51,0.33,2.46,0.118,12.6,64.6,0.9983,3.43,0.81,11.36,6
701,Red,8.61,0.37,0.07,4.29,0.08,22.7,10.4,0.9949,3.64,0.86,10.56,7
702,Red,8.87,0.13,0.22,2.83,0.044,6.2,100.5,0.9962,3.02,0.77,10.73,6
703,Red,9.07,0.66,0.36,4.69,0.012,24.7,59.3,0.9991,3.14,0.47,10.86,5
704,Red,10.19,0.28,0.17,1.25,0.093,1.0,40.8,0.9931,3.24,0.75,10.17,5
705,Red,6.85,0.49,0.47,2.7,0.094,16.6,56.9,0.9959,3.04,0.53,10.53,6
706,Red,6.91,0.52,0.16,2.48,0.206,19.3,17.2,0.9983,3.2,0.7,11.62,6
707,Red,7.29,0.29,0.26,1.77,0.064,13.1,110.8,0.9985,3.26,0.73,11.35,7
708,Red,9.73,0.47,0.1,2.89,0.07,16.6,70.5,0.9931,3.35,0.48,9.73,5
709,Red,9.57,0.66,0.1,3.57,0.063,17.7,36.1,0.9946,3.36,0.82,10.65,6
710,Red,7.32,0.58,0.77,1.93,0.119,11.1,74.9,0.9987,3.41,0.59,13.51,7
711,Red,9.39,0.58,0.41,2.94,0.074,20.9,83.2,0.9955,3.44,0.57,11.26,4
712,Red,8.07,0.62,0.41,0.9,0.028,32.2,6.0,0.9951,3.5,0.57,11.36,5
713,Red,9.45,0.46,0.25,3.22,0.047,30.9,100.7,0.9964,3.35,1.01,11.43,5
714,Red,7.12,0.59,0.0,0.9,0.122,22.6,11.9,0.9978,3.4,0.55,10.46,5
715,Red,7.44,0.69,0.53,1.79,0.126,1.0,66.0,0.9937,3.49,0.38,11.06,5
716,Red,10.54,0.35,0.24,0.9,0.065,1.0,51.7,0.9994,3.24,0.62,9.81,5
717,Red,9.43,0.39,0.1,1.09,0.012,10.2,20.8,0.9948,3.48,0.68,11.63,5
718,Red,9.45,0.53,0.24,1.75,0.054,31.1,35.8,0.9937,3.45,0.52,11.57,6
719,Red,6.81,0.39,0.04,1.4,0.085,20.2,46.2,0.9955,3.42,0.69,10.91,5
720,Red,10.25,0.37,0.4,0.9,0.023,23.7,52.3,0.9991,3.3,0.71,10.79,5
721,Red,7.74,0.25,0.21,1.31,0.159,13.1,11.3,0.996,3.32,0.53,9.69,6
722,Red,7.73,0.51,0.04,1.16,0.012,24.7,15.6,0.9975,3.43,0.54,9.18,6
723,Red,5.55,0.51,0.05,5.61,0.133,31.2,37.8,0.9984,3.19,0.6,10.04,6
724,Red,7.47,0.72,0.39,4.02,0.07,43.3,79.5,0.9977,3.45,0.58,12.0,5
725,Red,9.19,0.72,0.38,0.9,0.051,24.6,6.0,0.9934,3.16,0.51,9.48,6
726,Red,7.63,0.41,0.02,1.77,0.014,13.6,22.5,0.9981,3.13,0.84,12.33,6
727,Red,6.19,0.62,0.34,1.72,0.076,14.0,47.3,0.9945,3.44,0.56,9.98,6
728,Red,6.46,0.69,0.35,1.7,0.065,31.0,21.1,0.9998,3.31,0.65,10.38,6
729,Red,5.46,0.38,0.4,2.57,0.04,8.5,24.7,1.001,3.45,0.47,11.29,6
730,Red,7.39,0.6,0.77,3.48,0.07,12.8,71.0,0.9937,3.7,0.76,10.33,5
731,Red,7.91,0.51,0.21,3.26,0.108,10.4,50.8,0.9972,3.3,0.76,9.78,6
732,Red,8.76,0.75,0.52,1.91,0.176,5.3,78.4,0.9939,3.44,0.43,12.09,7
733,Red,10.97,0.71,0.0,3.46,0.135,8.0,8.6,0.9938,3.23,0.94,9.73,5
734,Red,9.2,0.61,0.4,3.53,0.123,24.7,45.0,0.9969,3.42,0.78,11.0,5
735,Red,10.3,0.68,0.39,3.33,0.074,9.1,15.6,0.9951,3.31,0.69,10.24,5
736,Red,5.0,0.55,0.13,2.74,0.046,21.1,28.6,0.9972,3.57,0.78,11.8,7
737,Red,9.47,0.8,0.27,3.27,0.086,1.0,61.7,0.9961,3.41,1.01,9.66,5
738,Red,10.53,0.71,0.35,2.09,0.054,2.7,81.3,0.9974,3.39,0.97,11.2,5
739,Red,10.15,0.85,0.55,5.16,0.117,17.7,55.7,0.9947,3.32,0.47,10.21,5
740,Red,7.87,0.36,0.61,1.85,0.152,7.6,44.2,0.9985,3.22,0.68,11.08,6
741,Red,7.19,0.48,0.15,3.25,0.074,6.9,27.5,0.9946,3.17,0.62,11.26,6
742,Red,7.26,0.35,0.49,3.44,0.116,6.0,84.2,0.9976,3.38,0.66,9.48,5
743,Red,9.19,0.7,0.39,1.58,0.078,22.6,59.4,0.9975,3.35,0.89,10.79,6
744,Red,10.55,0.54,0.35,1.86,0.196,27.0,6.2,0.9955,3.16,0.83,11.69,6
745,Red,8.94,0.36,0.33,0.9,0.111,1.6,95.8,0.9951,3.43,0.7,10.23,7
746,Red,8.56,0.76,0.28,3.23,0.157,27.6,83.6,0.9941,3.44,0.91,11.52,7
747,Red,7.84,0.61,0.09,0.9,0.012,15.3,79.2,0.9965,3.1,0.87,12.02,7
748,Red,6.72,0.12,0.18,0.9,0.085,23.5,50.8,0.9982,3.43,0.92,10.59,4
749,Red,5.83,0.58,0.15,2.79,0.059,28.7,6.0,0.9979,3.24,0.62,10.67,6
750,Red,9.89,0.4,0.2,4.71,0.159,12.5,24.0,0.9975,3.36,0.54,10.53,6
751,Red,7.58,0.38,0.09,2.62,0.066,10.4,19.2,0.9973,3.06,0.76,10.33,6
752,Red,8.97,0.47,0.16,1.45,0.195,15.7,67.0,0.9951,3.28,0.73,11.25,5
753,Red,6.29,0.75,0.04,3.22,0.044,19.9,82.4,0.9932,3.43,0.57,11.17,5
754,Red,8.82,0.63,0.44,2.25,0.166,19.2,73.7,0.9962,3.24,0.58,11.25,6
755,Red,4.6,0.59,0.12,3.3,0.055,9.1,14.1,0.9982,3.32,0.6,11.78,6
756,Red,8.74,0.72,0.0,2.26,0.108,14.2,63.8,0.9957,2.99,0.45,10.33,3
757,Red,6.56,0.48,0.38,1.04,0.131,8.7,6.0,0.9942,3.21,0.81,10.48,5
758,Red,11.92,0.38,0.21,5.25,0.136,1.0,68.6,0.9983,3.11,0.59,9.87,5
759,Red,7.81,0.69,0.48,2.46,0.095,30.8,79.9,0.9949,3.31,0.51,9.9,5
760,Red,8.96,0.47,0.18,4.66,0.171,13.4,6.0,0.9972,3.14,0.69,11.2,6
761,Red,8.33,0.52,0.21,6.28,0.119,21.9,43.6,0.9961,3.2,0.66,10.89,5
762,Red,7.92,0.8,0.0,4.59,0.058,23.8,41.8,0.9983,3.47,0.92,10.89,5
763,Red,8.7,0.44,0.0,2.24,0.077,12.7,6.0,0.9991,3.45,0.89,9.02,6
764,Red,8.39,0.36,0.09,2.1,0.134,22.5,118.8,0.9951,3.36,0.73,10.25,5
765,Red,6.3,0.67,0.34,1.01,0.09,32.3,57.5,1.0001,3.27,0.86,12.97,7
766,Red,8.45,0.73,0.14,1.04,0.085,12.6,68.0,0.9986,3.24,0.84,11.63,6
767,Red,6.65,0.56,0.32,2.05,0.074,7.1,6.0,0.9969,3.02,0.67,10.04,5
768,Red,4.6,0.61,0.1,1.32,0.059,29.0,15.7,0.9972,3.11,0.77,10.31,5
769,Red,7.97,0.32,0.13,4.27,0.047,13.9,8.8,0.9984,3.06,0.85,9.29,5
770,Red,6.29,0.85,0.26,3.5,0.11,28.5,47.3,0.9963,3.16,1.06,10.23,5
771,Red,6.31,0.65,0.2,1.91,0.071,14.2,50.1,0.9956,3.25,0.56,11.78,7
772,Red,6.56,0.39,0.35,4.37,0.036,33.6,27.1,0.997,3.42,0.47,10.66,5
773,Red,11.46,0.47,0.1,0.9,0.066,22.0,67.9,0.9997,3.14,0.33,10.09,5
774,Red,8.77,0.64,0.6,0.9,0.083,17.4,33.9,0.9936,3.45,0.79,10.88,5
775,Red,8.27,0.59,0.5,4.24,0.048,12.9,18.0,0.9964,3.29,0.72,11.55,5
776,Red,7.13,0.52,0.67,3.09,0.067,14.6,63.9,0.9976,3.5,0.6,11.92,6
777,Red,6.91,0.43,0.27,3.28,0.101,15.7,57.5,0.994,3.2,0.49,11.91,6
778,Red,6.21,0.43,0.11,4.11,0.022,1.0,81.7,0.9942,3.41,0.95,9.71,5
779,Red,6.34,0.39,0.62,3.23,0.085,1.5,12.7,0.9997,3.25,0.56,9.84,6
780,Red,10.96,0.27,0.19,3.1,0.111,23.8,87.5,0.9937,3.38,0.45,10.93,7
781,Red,6.82,0.69,0.49,3.43,0.074,17.4,50.4,0.9903,3.42,0.53,8.94,5
782,Red,5.34,0.28,0.01,1.35,0.173,24.9,81.2,0.9981,3.2,0.73,11.83,6
783,Red,10.99,0.49,0.0,0.9,0.088,15.0,39.0,0.9965,3.24,0.7,11.37,5
784,Red,7.44,0.58,0.19,3.91,0.155,15.6,49.4,0.9984,3.26,0.8,10.12,5
785,Red,9.98,0.4,0.06,1.59,0.123,2.4,56.1,0.9949,3.58,0.62,11.09,5
786,Red,9.35,0.14,0.28,3.74,0.152,13.1,69.7,0.9957,3.52,0.71,11.08,7
787,Red,8.95,0.6,0.5,3.41,0.062,6.0,77.5,0.9973,3.32,0.5,11.09,6
788,Red,9.62,0.49,0.29,3.73,0.05,15.0,6.0,0.9936,3.24,0.73,10.7,5
789,Red,11.41,0.52,0.0,5.48,0.116,10.6,32.7,1.0001,3.31,0.44,11.59,6
790,Red,11.39,0.5,0.67,3.87,0.113,7.9,86.6,0.9953,3.43,0.48,10.76,5
791,Red,6.09,0.34,0.4,2.67,0.035,28.0,6.0,0.993,3.36,0.38,10.38,4
792,Red,9.23,0.43,0.07,1.95,0.089,9.1,15.3,0.9946,3.19,0.7,8.44,5
793,Red,7.35,0.7,0.0,4.08,0.114,6.8,46.6,0.9934,3.38,0.64,11.06,6
794,Red,8.18,0.55,0.13,1.65,0.012,27.3,48.7,0.9984,3.38,0.73,9.99,5
795,Red,9.87,0.6,0.34,2.63,0.085,23.6,55.1,0.9957,3.21,0.33,10.16,5
796,Red,8.79,0.62,0.15,2.64,0.092,11.8,46.6,0.9991,3.57,0.84,11.03,6
797,Red,9.0,0.52,0.4,3.13,0.085,22.2,33.5,0.994,3.26,0.66,11.35,6
798,Red,8.43,0.73,0.2,3.35,0.118,11.1,60.5,0.9969,3.48,0.71,8.85,5
799,Red,8.95,0.56,0.58,0.9,0.099,11.0,45.3,0.9972,3.15,0.77,10.27,4
800,Red,8.72,0.27,0.31,2.49,0.082,19.1,11.6,0.9962,3.22,0.76,11.72,5
801,Red,6.01,0.55,0.36,2.83,0.149,22.3,52.8,0.9956,3.5,0.59,11.22,6
802,Red,6.26,0.69,0.05,3.38,0.058,27.2,36.6,0.9942,3.31,0.89,11.46,7
803,Red,6.93,0.79,0.06,1.8,0.062,13.8,77.2,0.9962,3.26,0.64,11.88,5
804,Red,10.81,0.42,0.15,0.9,0.101,15.8,82.1,0.9998,3.38,0.75,11.16,7
805,Red,7.58,0.65,0.0,2.37,0.058,1.0,30.1,0.998,3.07,0.63,11.31,6
806,Red,11.09,0.45,0.05,4.32,0.15,21.0,85.0,0.9955,3.45,0.42,11.3,6
807,Red,8.03,0.4,0.52,2.42,0.119,1.0,74.8,0.9974,3.3,0.87,11.18,6
808,Red,11.08,0.18,0.0,1.74,0.091,22.7,101.7,0.9936,3.29,0.73,12.01,5
809,Red,8.51,0.62,0.28,3.05,0.098,6.9,6.0,0.9941,3.29,0.62,12.06,7
810,Red,13.21,0.48,0.51,2.54,0.21,13.5,59.2,0.9959,3.17,0.69,11.38,7
811,Red,5.04,0.71,0.18,6.23,0.086,20.2,24.6,0.9979,3.16,0.46,10.31,5
812,Red,9.12,0.53,0.52,2.67,0.045,17.7,83.8,0.9959,3.47,0.76,10.18,5
813,Red,6.98,0.32,0.4,3.08,0.123,1.0,109.2,0.9953,3.39,0.6,11.57,6
814,Red,7.31,0.7,0.39,2.8,0.043,3.2,6.0,1.0009,3.23,0.96,12.13,6
815,Red,10.21,0.53,0.22,2.94,0.08,23.3,51.6,0.9997,3.27,0.85,11.28,5
816,Red,8.15,0.62,0.07,0.9,0.082,8.5,49.7,0.9983,3.31,0.62,13.17,7
817,Red,10.89,0.65,0.47,3.72,0.107,3.1,6.0,0.9978,3.14,0.83,12.11,6
818,Red,7.92,0.42,0.21,4.31,0.083,5.9,80.9,0.9962,3.23,0.83,11.2,6
819,Red,9.93,0.44,0.33,2.05,0.123,11.4,56.4,0.9967,3.54,0.52,10.33,5
820,Red,7.59,0.15,0.41,4.59,0.092,16.7,40.2,0.9973,3.31,0.49,9.75,6
821,Red,8.71,0.22,0.32,1.61,0.069,1.0,35.9,0.9977,3.35,0.64,11.67,7
822,Red,9.01,0.74,0.2,3.3,0.071,9.2,71.3,0.9987,3.12,0.47,10.73,5
823,Red,9.12,0.53,0.08,2.26,0.09,9.6,24.2,0.9996,3.22,0.76,10.8,5
824,Red,8.46,0.9,0.6,1.39,0.037,19.1,74.6,0.9972,3.37,0.38,10.07,7
825,Red,7.79,0.27,0.34,0.9,0.032,14.5,66.8,0.998,3.15,0.52,10.76,5
826,Red,9.01,0.12,0.38,2.37,0.148,28.9,55.9,0.9962,3.11,0.45,10.27,7
827,Red,10.08,0.17,0.0,2.44,0.038,14.8,83.0,0.9951,3.07,0.67,10.51,6
828,Red,6.8,0.52,0.2,1.44,0.088,16.9,112.8,0.9949,3.36,0.87,9.81,6
829,Red,8.1,0.73,0.11,1.4,0.016,33.9,27.0,0.9974,3.49,0.43,10.87,5
830,Red,9.64,0.82,0.29,0.9,0.077,27.0,28.7,0.9903,3.21,0.53,11.08,6
831,Red,10.61,0.86,0.23,1.3,0.098,16.6,78.2,0.9967,3.49,0.75,10.74,5
832,Red,6.17,0.43,0.32,1.53,0.121,39.2,72.4,0.9965,3.48,0.61,10.63,5
833,Red,8.66,0.34,0.1,2.24,0.043,1.0,6.0,0.9972,3.3,0.77,9.75,5
834,Red,7.51,0.79,0.3,4.44,0.118,22.0,119.8,0.9945,3.33,0.65,10.85,6
835,Red,7.92,0.53,0.35,1.55,0.083,23.6,56.1,0.9982,3.19,0.52,11.32,6
836,Red,6.12,0.46,0.0,0.9,0.104,9.3,6.0,0.9973,3.5,0.91,9.84,6
837,Red,8.4,0.5,0.19,2.43,0.107,6.2,6.0,0.999,3.25,0.68,10.41,5
838,Red,6.81,0.34,0.0,2.58,0.124,26.7,38.8,0.9979,3.28,0.53,9.5,6
839,Red,7.22,0.79,0.34,0.9,0.054,1.0,30.2,0.9956,3.29,0.47,10.82,5
840,Red,7.92,0.76,0.0,2.16,0.032,1.0,52.6,0.9958,3.04,0.61,10.31,5
841,Red,9.89,0.4,0.63,2.15,0.11,11.3,38.2,0.9974,3.1,0.63,10.16,5
842,Red,11.46,0.26,0.09,1.52,0.159,4.3,12.4,0.9989,3.47,0.68,10.75,5
843,Red,8.5,0.45,0.16,2.46,0.012,29.8,29.2,0.9962,3.18,0.71,8.88,5
844,Red,11.29,0.72,0.09,4.18,0.059,16.7,22.5,0.9963,3.39,0.88,11.23,6
845,Red,8.47,0.45,0.13,0.9,0.061,16.6,65.6,0.9993,3.08,0.33,10.95,6
846,Red,6.25,0.5,0.23,0.9,0.069,9.9,79.0,0.9987,3.34,0.64,10.95,7
847,Red,5.86,0.9,0.0,3.83,0.053,28.9,34.9,0.9975,3.35,0.64,10.23,4
848,Red,10.06,0.77,0.51,0.9,0.147,19.3,50.2,0.9974,3.25,0.67,11.18,6
849,Red,8.59,0.34,0.09,4.21,0.16,21.3,36.9,0.994,3.59,0.33,9.83,6
850,Red,10.64,0.71,0.07,3.22,0.021,10.4,30.6,0.9983,3.21,0.68,11.25,5
851,Red,6.94,1.0,0.26,4.24,0.109,26.6,83.0,0.9973,3.52,0.78,9.71,5
852,Red,6.97,0.42,0.17,2.07,0.1,10.8,24.1,1.0004,3.41,0.82,10.54,7
853,Red,7.64,0.28,0.14,2.24,0.076,23.2,6.0,0.9968,3.28,0.61,10.1,6
854,Red,4.6,0.38,0.35,1.12,0.084,25.6,26.8,0.9976,3.53,0.51,12.84,6
855,Red,8.9,0.58,0.22,2.9,0.049,27.6,32.0,0.9951,3.05,0.81,10.32,6
856,Red,8.96,0.4,0.0,3.38,0.099,1.0,61.1,0.998,3.27,0.72,10.54,5
857,Red,8.68,0.44,0.23,1.95,0.177,1.0,88.9,1.0009,3.29,0.57,10.68,6
858,Red,8.79,0.77,0.39,3.46,0.121,16.8,6.0,0.9953,3.23,1.03,11.34,6
859,Red,8.3,0.22,0.28,2.69,0.012,30.2,37.1,0.9948,3.19,0.61,10.1,5
860,Red,9.19,0.46,0.0,2.61,0.065,14.7,6.0,0.9962,3.31,0.84,10.36,5
861,Red,8.81,0.51,0.33,0.9,0.038,3.6,31.4,0.998,3.47,0.54,10.67,5
862,Red,7.42,0.18,0.3,0.9,0.089,19.9,6.0,0.9957,3.32,0.66,10.72,6
863,Red,8.31,0.91,0.67,5.39,0.115,1.4,6.0,1.0004,3.43,1.01,10.4,6
864,Red,10.02,0.51,0.21,2.01,0.107,22.2,42.0,0.9949,3.53,0.72,11.87,5
865,Red,10.19,0.49,0.13,2.84,0.082,9.4,27.5,0.9957,3.52,0.64,12.06,5
866,Red,9.46,0.12,0.22,2.33,0.017,31.0,32.1,0.9958,2.92,0.52,10.25,6
867,Red,7.84,0.36,0.19,3.59,0.088,35.6,30.7,0.9967,3.08,1.07,11.19,6
868,Red,6.61,0.87,0.0,1.17,0.079,19.8,88.4,0.9974,3.2,0.86,10.46,6
869,Red,10.27,0.43,0.72,0.9,0.089,1.0,21.8,0.9973,3.32,0.7,11.59,6
870,Red,7.39,0.76,0.39,2.35,0.134,1.0,6.0,0.9976,3.23,0.48,11.14,5
871,Red,6.36,0.59,0.44,0.9,0.138,31.5,6.1,0.9978,3.29,0.72,10.62,4
872,Red,7.65,0.51,0.53,1.91,0.087,22.7,103.0,0.9942,3.17,0.77,8.53,3
873,Red,9.72,0.3,0.29,2.63,0.067,13.4,25.6,0.9963,3.57,0.72,10.04,5
874,Red,7.27,0.77,0.35,2.46,0.066,31.3,75.0,0.9957,3.07,0.41,11.45,6
875,Red,8.01,0.93,0.48,3.71,0.039,1.0,6.0,0.9961,3.51,0.68,10.62,7
876,Red,5.46,0.38,0.39,3.03,0.08,15.9,55.1,0.9959,3.41,0.79,10.53,7
877,Red,7.79,0.73,0.25,4.14,0.117,13.3,50.7,0.999,3.38,0.76,10.46,6
878,Red,7.47,0.28,0.21,3.28,0.082,19.2,30.4,0.9936,3.42,0.8,10.71,4
879,Red,8.52,0.65,0.5,2.68,0.027,27.7,116.3,0.9943,3.31,0.7,10.34,7
880,Red,7.73,0.26,0.05,2.82,0.14,1.0,59.8,0.9977,3.22,0.54,12.91,7
881,Red,6.58,0.28,0.21,4.02,0.074,13.2,49.9,0.998,3.16,0.64,10.27,5
882,Red,9.0,0.48,0.15,2.22,0.012,19.2,51.1,0.9934,3.2,0.61,11.32,7
883,Red,5.82,0.4,0.01,1.69,0.059,29.0,33.1,0.9949,3.46,0.92,10.54,6
884,Red,8.59,0.69,0.57,2.19,0.052,25.2,36.2,0.9968,3.08,0.81,9.92,5
885,Red,8.47,0.63,0.42,5.23,0.115,1.0,65.1,0.9956,3.17,0.41,11.1,6
886,Red,5.58,0.43,0.28,1.33,0.047,35.3,76.4,0.9935,3.21,0.82,12.0,6
887,Red,8.56,0.4,0.38,2.17,0.085,1.0,53.7,0.9966,3.45,0.65,10.58,6
888,Red,8.64,0.37,0.15,1.82,0.012,1.0,46.3,1.0008,3.14,0.44,9.61,5
889,Red,8.84,0.7,0.51,3.2,0.04,22.7,52.4,0.9993,3.23,0.44,10.18,4
890,Red,8.7,0.52,0.44,2.81,0.144,8.0,60.8,0.997,3.46,0.62,10.41,5
891,Red,9.03,0.45,0.12,2.71,0.117,1.0,36.6,0.9966,3.3,0.63,10.27,5
892,Red,10.58,0.81,0.26,0.95,0.056,15.1,40.0,0.9943,3.14,0.45,11.25,6
893,Red,7.55,0.53,0.29,2.64,0.012,1.0,62.4,0.997,3.37,0.65,12.26,7
894,Red,9.36,0.72,0.31,1.15,0.078,20.9,10.8,0.9958,3.25,0.53,10.44,6
895,Red,7.61,0.61,0.05,0.9,0.09,17.6,51.2,0.9978,3.04,0.33,10.6,6
896,Red,10.19,0.42,0.14,3.8,0.075,5.0,105.7,0.9977,3.34,0.6,10.12,6
897,Red,4.6,0.49,0.01,2.66,0.176,27.0,49.9,0.9966,3.49,0.57,11.1,6
898,Red,6.77,0.43,0.24,2.37,0.117,30.5,6.0,0.997,3.5,0.4,11.04,6
899,Red,6.93,0.35,0.05,0.9,0.063,1.0,47.4,0.9947,3.54,0.66,9.86,5
900,Red,6.37,0.48,0.53,1.61,0.116,25.8,26.4,0.9947,3.4,0.56,9.6,5
901,Red,7.53,0.51,0.4,2.96,0.064,8.3,30.7,0.9961,3.54,0.33,11.86,7
902,Red,9.89,0.73,0.24,3.41,0.117,14.0,42.8,0.9971,3.24,0.61,11.53,5
903,Red,5.07,0.42,0.17,0.9,0.096,13.0,55.1,0.9942,3.45,0.89,12.03,6
904,Red,8.48,0.67,0.4,1.06,0.045,14.6,52.1,0.9998,3.41,0.68,9.83,4
905,Red,7.58,0.59,0.16,4.33,0.114,8.1,65.5,0.9956,3.38,0.45,11.11,7
906,Red,8.01,0.44,0.12,3.26,0.121,26.2,25.3,0.9971,3.39,0.67,10.12,5
907,Red,5.43,0.12,0.1,2.91,0.162,1.0,58.6,1.0015,3.39,0.84,11.2,5
908,Red,6.66,0.46,0.0,2.01,0.08,18.3,13.3,0.9939,3.38,0.34,11.46,5
909,Red,6.74,0.35,0.48,2.98,0.168,2.1,34.2,0.9971,3.33,0.67,10.43,6
910,Red,10.84,0.62,0.15,5.39,0.103,22.1,77.3,0.9976,3.28,0.6,9.71,5
911,Red,5.06,0.98,0.0,2.44,0.12,6.1,46.7,0.9979,3.39,0.81,12.19,6
912,Red,10.96,0.57,0.0,2.97,0.078,28.2,68.2,0.9944,3.29,0.57,10.4,5
913,Red,7.7,0.26,0.33,1.64,0.148,32.1,49.7,0.9972,3.51,0.77,11.5,6
914,Red,9.71,0.37,0.37,3.85,0.099,2.2,11.2,0.9993,3.45,0.71,12.15,6
915,Red,7.48,0.37,0.37,4.92,0.104,24.0,32.3,0.997,3.44,0.43,9.76,5
916,Red,7.88,1.16,0.22,2.41,0.012,24.5,46.9,0.999,3.39,0.33,10.9,5
917,Red,8.09,0.68,0.41,0.9,0.074,18.0,43.0,0.9975,3.5,0.6,12.31,7
918,Red,8.71,0.62,0.0,3.26,0.141,7.1,27.0,0.996,3.19,0.8,9.42,5
919,Red,11.02,0.29,0.32,2.01,0.059,8.3,40.9,0.9944,3.32,0.84,11.17,5
920,Red,9.55,0.3,0.1,0.92,0.087,37.1,51.8,0.995,3.61,0.64,11.69,4
921,Red,9.37,0.77,0.33,3.56,0.102,8.2,6.0,0.999,3.34,0.93,9.7,5
922,Red,9.46,0.56,0.2,3.68,0.125,8.7,34.3,0.9965,3.34,0.81,10.98,5
923,Red,7.25,0.64,0.23,2.19,0.101,17.3,41.3,0.9942,3.16,0.78,10.67,5
924,Red,11.24,0.53,0.46,4.43,0.178,22.7,51.1,0.9981,3.13,0.84,11.15,6
925,Red,9.09,0.6,0.06,2.15,0.114,15.8,98.0,0.9983,3.26,0.51,9.64,6
926,Red,11.16,0.12,0.0,0.9,0.109,36.6,37.8,0.9979,3.16,0.55,11.18,5
927,Red,8.75,0.43,0.29,5.42,0.133,16.6,22.9,0.9966,3.18,0.81,11.18,7
928,Red,8.65,0.44,0.0,0.9,0.12,20.1,53.5,0.996,3.22,0.62,11.59,7
929,Red,10.01,0.63,0.14,3.26,0.089,10.7,56.9,0.9967,3.4,0.58,12.55,6
930,Red,6.05,0.44,0.49,2.04,0.012,30.1,55.6,0.9961,3.2,0.54,11.21,6
931,Red,6.5,0.6,0.28,1.06,0.058,25.2,40.6,0.9974,3.39,0.68,10.58,5
932,Red,10.11,0.41,0.61,3.01,0.012,17.2,39.9,0.9963,3.38,0.76,9.74,5
933,Red,7.48,0.64,0.16,2.02,0.08,15.1,25.5,0.9992,3.3,0.61,10.41,5
934,Red,8.52,0.3,0.4,1.78,0.06,13.7,114.9,0.9977,3.39,0.81,11.99,5
935,Red,10.82,0.57,0.34,2.53,0.071,1.0,94.0,0.9954,3.13,0.85,11.57,6
936,Red,8.47,0.42,0.04,1.96,0.085,32.0,6.0,0.9972,3.43,0.72,11.64,6
937,Red,7.87,0.8,0.7,1.64,0.052,18.6,27.2,0.9969,3.32,0.6,11.72,6
938,Red,6.15,0.44,0.33,2.37,0.047,2.5,6.0,0.9963,3.16,0.84,10.49,6
939,Red,7.14,0.76,0.24,4.91,0.025,9.4,13.0,0.9983,3.42,0.75,9.27,5
940,Red,5.23,0.56,0.53,2.27,0.083,31.5,73.4,0.9982,3.17,0.53,11.33,6
941,Red,4.6,0.77,0.1,3.4,0.194,9.6,107.5,0.9971,3.34,0.51,11.47,6
942,Red,6.83,0.44,0.42,3.5,0.075,4.8,46.6,0.9978,3.4,0.33,10.38,6
943,Red,8.74,0.31,0.02,0.9,0.089,9.8,66.2,1.0005,3.5,0.65,9.35,6
944,Red,7.02,0.89,0.23,0.9,0.095,16.1,47.8,0.9995,3.42,0.62,10.21,5
945,Red,7.08,0.58,0.0,2.93,0.196,41.6,50.6,0.9965,3.23,0.77,10.89,7
946,Red,9.95,0.43,0.54,2.19,0.012,15.0,51.2,0.9952,3.31,0.49,11.24,6
947,Red,10.32,0.77,0.22,4.8,0.07,2.8,73.6,0.9968,3.36,0.53,9.88,5
948,Red,10.63,0.65,0.26,3.73,0.06,7.0,29.7,0.995,3.49,0.89,11.25,6
949,Red,9.89,0.42,0.47,3.84,0.08,16.9,23.7,0.9958,3.45,0.72,11.14,5
950,Red,10.58,0.52,0.37,2.88,0.049,21.9,97.0,0.9931,3.28,0.77,10.99,5
951,Red,8.96,0.55,0.2,1.24,0.119,9.8,62.4,0.9947,3.46,0.69,9.96,5
952,Red,6.56,0.4,0.0,1.76,0.137,13.3,13.7,0.9993,3.53,0.82,10.8,5
953,Red,6.17,0.38,0.17,1.12,0.075,16.1,120.2,0.9975,3.34,0.48,11.34,4
954,Red,7.78,0.54,0.37,3.59,0.11,13.5,88.4,0.9971,3.37,0.89,11.77,6
955,Red,8.4,0.29,0.5,0.9,0.083,34.6,51.1,0.9939,3.46,0.66,10.37,6
956,Red,8.25,0.58,0.13,1.45,0.194,20.1,56.9,0.9944,3.42,1.01,12.54,8
957,Red,6.2,0.66,0.41,1.32,0.07,12.9,30.4,0.9972,3.51,0.78,11.53,6
958,Red,6.6,0.32,0.33,5.09,0.122,21.1,34.7,0.9995,3.31,0.53,12.91,7
959,Red,6.8,0.5,0.5,1.79,0.105,15.4,60.7,0.996,3.35,0.68,10.99,6
960,Red,9.97,0.48,0.28,3.64,0.095,9.5,99.9,0.9974,3.39,0.67,11.73,6
961,Red,10.9,0.5,0.61,3.79,0.121,11.0,23.8,0.9922,3.22,0.66,11.2,6
962,Red,6.91,0.46,0.28,2.41,0.087,5.5,10.3,0.997,3.34,0.62,9.82,6
963,Red,6.86,0.12,0.54,0.9,0.081,17.8,13.8,0.9974,3.31,0.51,11.97,5
964,Red,4.6,0.66,0.32,4.86,0.012,23.1,80.3,0.9942,3.19,0.5,11.74,5
965,Red,8.11,0.6,0.01,2.24,0.021,1.0,56.3,0.9942,3.52,0.74,11.81,6
966,Red,6.48,0.43,0.47,0.9,0.122,17.1,27.0,1.0029,3.19,0.87,11.23,6
967,Red,9.46,0.34,0.33,2.78,0.096,6.3,39.0,0.9976,2.97,0.77,9.44,4
968,Red,8.45,0.69,0.21,2.18,0.062,17.2,33.9,0.9951,3.14,0.55,11.54,4
969,Red,11.43,0.61,0.26,1.81,0.067,20.4,6.0,0.9971,3.43,0.79,9.85,7
970,Red,7.23,0.84,0.35,2.61,0.116,20.2,45.6,0.9984,3.28,0.66,12.12,7
971,Red,11.23,0.42,0.54,0.9,0.041,18.5,20.9,0.9978,3.16,0.42,11.21,6
972,Red,7.35,0.43,0.12,2.53,0.012,12.8,94.0,0.9976,3.4,0.75,12.07,6
973,Red,8.0,0.4,0.13,3.0,0.025,7.7,78.3,0.9999,3.1,0.95,12.19,6
974,Red,7.92,0.72,0.53,2.17,0.012,14.2,73.5,0.9921,3.32,0.83,11.68,7
975,Red,6.4,0.53,0.54,4.33,0.114,1.0,28.0,0.9986,3.49,0.79,10.18,5
976,Red,11.49,0.42,0.26,1.67,0.1,16.2,47.8,0.996,3.36,0.38,8.55,3
977,Red,10.14,0.78,0.48,1.92,0.167,10.3,6.0,0.9983,3.31,0.63,12.18,6
978,Red,10.58,0.5,0.32,1.21,0.075,20.2,6.0,0.9967,3.25,0.48,10.43,5
979,Red,8.43,0.76,0.46,4.08,0.085,8.9,56.7,0.9956,3.26,0.53,12.21,7
980,Red,5.11,0.43,0.49,3.54,0.067,1.8,86.9,0.9992,3.06,0.65,10.98,5
981,Red,6.73,0.62,0.34,2.36,0.022,12.6,41.2,0.9963,3.07,0.6,10.48,5
982,Red,7.75,0.47,0.32,1.56,0.127,1.6,58.3,0.995,3.41,0.84,10.08,6
983,Red,7.74,0.7,0.26,4.27,0.062,15.7,35.8,0.9939,3.17,0.65,12.0,7
984,Red,9.84,0.48,0.17,1.24,0.132,13.8,56.2,0.9955,3.02,0.57,9.25,5
985,Red,9.66,0.44,0.32,2.23,0.091,9.2,70.9,0.9954,3.31,0.35,11.29,6
986,Red,4.9,0.64,0.74,2.27,0.157,18.1,8.6,0.9985,3.19,0.66,10.75,5
987,Red,6.44,0.89,0.0,3.0,0.201,22.4,48.1,0.9964,3.6,0.5,10.99,6
988,Red,8.24,0.35,0.32,0.9,0.104,21.0,6.0,0.9977,3.41,0.63,10.6,7
989,Red,9.79,0.62,0.39,2.61,0.108,7.5,70.6,0.995,3.31,0.89,11.11,5
990,Red,8.49,0.58,0.14,2.24,0.012,13.8,35.9,0.993,3.33,0.7,10.12,5
991,Red,7.53,0.59,0.14,1.87,0.138,17.9,47.5,0.9971,3.53,0.44,11.33,6
992,Red,8.13,0.54,0.27,3.01,0.058,1.0,6.0,0.9972,3.28,0.71,10.67,6
993,Red,10.02,0.86,0.08,0.9,0.012,36.2,32.5,0.9964,3.33,0.54,10.88,5
994,Red,8.1,0.19,0.41,3.04,0.105,17.1,93.9,0.9972,3.32,0.78,10.75,5
995,Red,9.44,0.53,0.25,0.9,0.167,23.5,66.7,0.996,3.38,0.86,11.61,6
996,Red,6.35,0.48,0.28,3.17,0.123,2.5,106.4,0.997,3.34,0.59,10.32,5
997,Red,8.14,0.57,0.3,3.0,0.044,20.0,6.0,0.9951,3.3,0.43,10.44,5
998,Red,6.16,0.84,0.14,0.9,0.057,19.0,57.1,0.9952,3.45,0.61,10.75,5
999,Red,4.6,0.78,0.25,3.53,0.012,27.0,23.4,0.9966,3.39,0.49,10.44,5
1000,Red,10.68,0.72,0.22,2.61,0.069,20.8,23.5,0.9963,3.24,0.63,10.63,5
1001,Red,8.59,0.33,0.23,1.84,0.029,26.4,27.5,0.9912,3.29,0.7,11.6,5
1002,Red,9.5,0.33,0.57,0.97,0.119,34.6,52.9,0.9985,3.44,0.62,10.55,6
1003,Red,8.33,0.42,0.16,3.6,0.028,17.3,43.8,0.9945,3.26,0.78,9.24,5
1004,Red,6.24,0.46,0.67,3.6,0.147,21.4,75.9,0.9957,3.46,0.67,10.37,5
1005,Red,5.4,0.31,0.18,0.9,0.179,41.0,82.3,0.996,3.24,0.83,10.51,5
1006,Red,8.52,0.58,0.66,1.08,0.059,22.1,47.3,0.996,3.52,0.82,10.44,5
1007,Red,11.41,0.49,0.21,2.91,0.015,19.1,80.6,0.9969,3.39,0.83,10.77,5
1008,Red,7.52,0.41,0.17,0.9,0.072,6.0,33.8,0.9965,3.4,0.74,10.0,5
1009,Red,7.29,0.55,0.33,0.9,0.1,35.4,38.4,0.9967,3.54,0.81,11.86,7
1010,Red,7.96,0.72,0.17,3.51,0.075,22.9,34.0,0.9968,3.49,0.6,12.23,7
1011,Red,10.93,0.51,0.43,1.89,0.105,13.0,31.2,0.9971,3.42,0.72,9.45,5
1012,Red,10.5,0.39,0.0,3.48,0.145,12.4,80.5,0.997,3.33,0.38,9.72,6
1013,Red,6.59,0.59,0.53,2.41,0.054,17.7,6.0,0.9935,3.08,0.95,9.88,5
1014,Red,13.11,0.66,0.34,3.29,0.122,10.3,89.3,0.9955,3.1,0.77,10.97,6
1015,Red,8.81,0.85,0.13,0.9,0.081,19.6,84.5,0.9963,3.25,0.66,11.69,6
1016,Red,6.09,0.63,0.51,2.96,0.118,1.0,64.5,0.9998,3.33,0.64,10.84,6
1017,Red,6.28,0.68,0.36,4.5,0.012,7.5,69.1,0.9964,3.14,0.73,10.88,6
1018,Red,11.19,0.56,0.5,2.72,0.158,21.8,29.3,0.998,3.38,0.67,11.61,6
1019,Red,11.44,0.88,0.15,0.9,0.012,16.7,59.4,0.9977,3.26,0.52,11.59,5
1020,Red,8.79,0.69,0.14,2.88,0.177,25.7,55.6,0.994,3.44,0.48,10.12,5
1021,Red,9.0,0.44,0.02,2.26,0.193,20.3,76.2,0.9952,3.04,0.72,9.29,5
1022,Red,4.91,0.48,0.35,3.24,0.012,15.9,16.2,0.9945,3.54,0.72,10.13,6
1023,Red,11.27,0.67,0.29,3.25,0.115,1.0,63.6,0.9966,3.74,0.38,10.06,5
1024,Red,10.23,0.51,0.2,3.8,0.152,31.2,137.9,0.9942,3.36,0.76,9.57,5
1025,Red,10.84,0.36,0.21,2.62,0.158,4.5,18.6,0.9944,3.13,0.58,9.1,5
1026,Red,9.23,0.14,0.39,2.21,0.028,34.1,22.1,0.9946,3.13,0.58,10.74,7
1027,Red,10.88,0.47,0.39,1.21,0.045,35.2,49.9,0.9944,3.33,0.69,9.81,5
1028,Red,10.83,0.46,0.53,3.1,0.119,11.6,37.2,0.9939,3.25,0.88,11.93,7
1029,Red,7.08,0.67,0.54,2.89,0.184,21.3,6.0,0.9968,3.39,0.97,11.57,6
1030,Red,8.26,0.45,0.45,3.33,0.091,10.9,52.9,0.9984,3.44,0.5,9.04,5
1031,Red,6.08,0.4,0.41,4.51,0.08,29.4,32.1,0.9993,3.04,0.76,11.17,5
1032,Red,5.5,0.76,0.1,1.01,0.012,33.5,116.5,0.9986,3.33,0.68,10.29,5
1033,Red,4.6,0.56,0.02,0.9,0.086,12.0,6.0,0.9958,3.32,0.57,12.07,7
1034,Red,7.29,0.67,0.02,1.53,0.127,29.7,46.9,0.9974,3.21,0.74,10.37,6
1035,Red,7.96,0.39,0.26,3.75,0.088,1.0,46.7,0.9959,3.2,0.68,11.28,5
1036,Red,7.33,0.69,0.17,3.54,0.078,5.1,21.1,0.9984,3.28,0.82,10.78,5
1037,Red,6.79,0.46,0.05,3.82,0.048,24.5,51.3,0.9947,3.48,0.67,10.83,5
1038,Red,9.95,0.65,0.0,4.18,0.095,25.8,56.3,0.9967,3.06,0.71,11.56,5
1039,Red,10.78,0.68,0.0,3.24,0.122,24.4,72.2,0.9964,3.56,0.82,9.47,5
1040,Red,6.8,0.6,0.3,1.84,0.09,1.0,49.2,0.9972,2.97,0.71,12.68,6
1041,Red,8.79,0.58,0.43,4.39,0.184,15.6,80.8,0.9969,3.49,0.8,8.86,5
1042,Red,4.6,0.64,0.27,2.32,0.183,1.0,84.5,0.9991,3.26,0.64,11.71,6
1043,Red,7.9,0.57,0.34,3.44,0.136,6.0,40.6,1.0001,3.27,0.92,10.93,6
1044,Red,9.37,0.62,0.68,1.8,0.057,33.4,57.6,0.9974,3.35,0.66,10.51,5
1045,Red,7.39,0.56,0.74,4.17,0.107,23.0,53.2,0.9969,3.4,0.71,11.06,5
1046,Red,6.86,0.49,0.56,2.59,0.016,7.8,30.1,0.9955,3.01,0.61,12.73,7
1047,Red,7.07,0.33,0.26,4.07,0.084,6.3,6.0,0.9966,3.37,0.81,10.9,7
1048,Red,4.99,0.4,0.36,4.03,0.033,1.6,6.0,0.9979,3.11,0.73,9.21,6
1049,Red,10.31,0.58,0.42,1.44,0.104,5.3,85.5,0.9996,3.38,0.78,10.19,6
1050,Red,10.11,0.79,0.84,3.01,0.137,15.5,75.6,0.9984,3.41,0.96,11.62,7
1051,Red,5.49,0.69,0.41,5.1,0.059,1.0,58.8,0.9972,3.43,0.84,9.65,5
1052,Red,5.64,0.16,0.03,1.59,0.076,17.3,17.7,0.9981,3.27,0.52,11.52,5
1053,Red,10.04,0.57,0.22,4.3,0.089,14.2,70.0,0.9954,3.22,0.47,10.27,5
1054,Red,10.43,0.48,0.63,0.9,0.012,14.7,10.9,0.9987,3.41,0.73,10.83,5
1055,Red,6.59,0.73,0.33,1.89,0.158,15.4,9.7,0.9967,3.02,0.62,9.58,4
1056,Red,6.92,0.72,0.39,1.21,0.149,31.9,6.0,0.9977,3.19,0.83,9.05,4
1057,Red,5.32,0.72,0.41,1.95,0.04,32.9,14.3,0.9946,3.15,0.64,10.76,6
1058,Red,9.55,0.65,0.72,5.4,0.045,7.2,30.0,0.9962,3.54,0.92,9.08,6
1059,Red,8.27,0.52,0.46,2.26,0.043,6.6,36.2,0.9988,3.13,0.45,9.89,6
1060,Red,9.78,0.46,0.25,3.89,0.012,8.7,28.1,0.9973,3.41,0.33,9.05,6
1061,Red,8.69,0.32,0.22,0.9,0.012,29.2,80.2,0.9959,3.12,0.82,10.29,5
1062,Red,6.93,0.46,0.32,3.52,0.038,11.1,59.2,0.9971,3.35,0.61,11.29,6
1063,Red,7.6,0.41,0.2,5.38,0.012,9.2,67.2,0.9979,3.31,0.63,9.83,5
1064,Red,9.16,0.61,0.41,2.52,0.097,12.0,21.5,0.9978,3.26,0.72,10.42,5
1065,Red,6.58,0.57,0.21,4.83,0.132,29.3,14.3,0.9989,3.31,0.53,12.02,6
1066,Red,10.11,0.87,0.47,2.25,0.129,36.2,64.0,0.999,3.22,0.47,10.61,6
1067,Red,8.06,0.57,0.0,2.49,0.095,7.3,6.0,0.9946,3.39,0.42,11.88,4
1068,Red,8.01,0.48,0.09,2.6,0.098,12.2,32.7,0.9964,3.32,0.56,9.18,5
1069,Red,5.95,0.47,0.13,0.9,0.127,22.8,10.4,0.9971,3.26,0.73,9.83,5
1070,Red,9.36,0.7,0.22,3.65,0.078,3.2,51.9,0.9942,3.38,0.41,11.64,6
1071,Red,7.0,0.28,0.24,3.31,0.116,24.9,85.1,0.9987,3.47,0.91,10.88,5
1072,Red,9.67,0.82,0.38,1.67,0.137,13.0,19.9,0.9952,3.34,0.71,8.79,5
1073,Red,8.14,0.55,0.29,0.9,0.075,23.3,32.1,0.9987,3.18,0.69,10.37,6
1074,Red,9.43,0.56,0.22,3.75,0.121,10.1,28.2,0.9989,3.27,0.74,10.93,6
1075,Red,8.21,0.33,0.23,2.05,0.019,23.9,6.6,0.995,3.44,0.57,12.05,7
1076,Red,9.44,0.42,0.15,2.13,0.18,21.2,27.8,0.9974,3.56,0.73,11.31,6
1077,Red,10.11,0.39,0.34,3.41,0.072,22.2,41.6,0.9946,3.5,0.43,10.05,5
1078,Red,7.54,0.35,0.21,3.3,0.08,16.6,6.0,0.9963,3.11,0.89,9.16,4
1079,Red,9.46,0.25,0.42,2.76,0.025,13.6,25.4,0.9983,3.35,0.87,9.88,5
1080,Red,6.79,0.26,0.28,3.73,0.117,29.1,19.8,1.0006,3.11,0.6,10.41,5
1081,Red,8.85,0.53,0.22,2.21,0.012,8.9,10.6,0.9966,3.37,0.33,11.25,5
1082,Red,8.49,0.57,0.61,3.29,0.104,13.1,6.0,0.9953,3.3,0.33,11.05,6
1083,Red,7.6,0.29,0.42,4.31,0.044,6.2,69.5,0.9957,3.24,0.69,10.1,5
1084,Red,8.47,0.33,0.11,0.9,0.129,15.9,62.3,0.9964,3.29,0.52,11.09,6
1085,Red,4.98,0.42,0.0,2.2,0.086,16.4,56.8,0.9975,3.15,0.74,10.71,6
1086,Red,6.76,0.49,0.44,1.19,0.091,27.2,40.7,0.9998,3.23,0.79,9.24,5
1087,Red,4.6,0.29,0.29,2.86,0.088,24.4,24.9,0.9947,3.48,0.8,12.15,6
1088,Red,8.92,0.38,0.23,0.9,0.076,10.8,10.4,0.9974,3.21,0.71,11.16,5
1089,Red,8.57,0.82,0.0,2.58,0.063,1.0,7.1,0.999,3.37,0.5,11.7,6
1090,Red,8.41,0.61,0.3,2.86,0.07,4.6,56.5,0.999,3.41,0.69,8.92,5
1091,Red,6.84,0.88,0.01,0.99,0.099,20.2,76.3,0.997,3.55,0.68,11.64,7
1092,Red,11.8,0.43,0.22,1.7,0.108,16.2,6.0,0.9985,3.28,0.44,9.9,6
1093,Red,8.71,0.39,0.3,0.9,0.081,5.7,10.5,0.9968,2.96,0.77,10.2,6
1094,Red,8.08,0.9,0.38,1.85,0.12,24.8,48.6,0.9958,3.16,0.71,11.0,6
1095,Red,8.15,0.59,0.05,4.09,0.177,22.5,87.2,0.9969,3.38,0.58,11.05,5
1096,Red,7.31,0.43,0.67,3.29,0.067,12.3,10.6,0.9935,3.38,0.33,11.12,6
1097,Red,9.18,0.25,0.18,2.12,0.022,10.0,9.4,0.9987,3.44,0.94,12.49,6
1098,Red,7.67,0.4,0.26,0.9,0.186,5.6,36.7,0.9991,3.29,0.97,10.92,5
1099,Red,11.89,0.63,0.46,1.73,0.075,20.2,26.4,0.9967,3.46,0.62,10.74,5
1100,Red,5.4,1.0,0.42,4.13,0.145,12.4,99.6,0.9965,3.09,0.69,9.31,6
1101,Red,9.38,0.87,0.18,1.55,0.04,25.6,41.9,0.998,3.4,0.85,10.89,5
1102,Red,12.12,0.48,0.67,0.96,0.136,16.1,33.9,0.9963,3.42,0.89,9.89,6
1103,Red,4.6,0.81,0.49,0.9,0.169,12.6,21.7,1.0005,3.21,0.48,10.06,6
1104,Red,10.42,0.55,0.36,3.7,0.154,20.1,51.0,0.9952,3.33,0.74,11.23,5
1105,Red,7.54,0.35,0.12,2.65,0.09,19.0,6.0,0.9995,3.43,0.75,11.16,6
1106,Red,6.27,0.62,0.43,1.66,0.097,27.5,112.0,0.9967,3.22,0.87,11.44,8
1107,Red,8.22,0.33,0.08,1.25,0.121,15.2,6.0,0.9988,3.32,0.63,10.11,5
1108,Red,12.19,0.61,0.34,4.1,0.064,21.8,62.0,0.9976,3.45,0.71,11.47,5
1109,Red,5.83,0.23,0.21,1.09,0.17,27.4,6.0,0.9994,3.17,0.65,10.48,6
1110,Red,7.12,0.81,0.17,1.51,0.164,25.3,78.2,0.9966,3.43,0.38,10.38,6
1111,Red,8.6,0.72,0.35,1.38,0.119,13.0,63.5,0.995,3.29,0.56,12.12,7
1112,Red,6.11,0.69,0.03,2.74,0.181,18.9,19.4,0.9965,3.01,0.69,10.47,6
1113,Red,10.13,0.61,0.14,2.44,0.128,18.3,57.6,0.9993,3.48,0.56,12.2,5
1114,Red,9.17,0.55,0.38,2.48,0.121,9.2,69.0,1.0002,3.24,0.69,10.05,6
1115,Red,4.6,0.38,0.1,1.67,0.108,35.1,82.2,0.9973,3.57,0.84,10.82,6
1116,Red,8.91,0.73,0.61,2.09,0.06,20.8,109.9,0.997,3.27,0.53,11.54,6
1117,Red,6.21,0.16,0.0,4.31,0.069,20.4,26.9,0.9956,3.51,0.54,11.47,6
1118,Red,8.76,0.55,0.38,0.9,0.103,19.2,40.8,0.9969,3.44,0.7,11.17,5
1119,Red,7.83,0.19,0.56,2.4,0.055,33.0,43.3,0.9954,3.24,0.88,11.17,6
1120,Red,11.19,0.35,0.19,2.48,0.088,20.4,80.7,0.9955,3.27,0.8,12.1,7
1121,Red,10.3,0.74,0.37,2.62,0.037,1.0,74.3,0.9973,3.44,0.6,11.51,5
1122,Red,11.42,0.34,0.53,0.9,0.097,3.6,11.0,1.0003,3.37,0.59,8.79,5
1123,Red,11.63,0.25,0.22,1.14,0.012,11.6,50.0,1.0008,3.3,0.48,10.9,4
1124,Red,8.09,0.41,0.33,3.52,0.059,5.2,113.4,0.996,3.32,0.6,10.96,5
1125,Red,8.39,0.63,0.34,5.63,0.05,14.3,67.9,0.997,3.27,0.59,10.83,6
1126,Red,7.27,0.64,0.27,2.5,0.211,26.8,57.4,0.992,3.12,0.75,11.49,5
1127,Red,7.88,0.6,0.64,5.52,0.089,1.0,64.5,0.9951,2.96,0.83,9.2,6
1128,Red,6.3,0.33,0.18,2.91,0.028,25.3,38.5,0.9969,3.14,0.53,11.94,6
1129,Red,9.03,0.76,0.02,2.87,0.134,1.0,59.4,0.9955,3.4,0.38,11.1,6
1130,Red,8.48,0.43,0.25,2.07,0.073,23.5,55.2,0.9947,3.11,0.57,10.45,5
1131,Red,9.34,0.38,0.2,2.95,0.057,10.7,58.8,1.0,3.22,1.14,10.89,5
1132,Red,5.3,0.24,0.42,3.56,0.012,9.5,36.0,0.9968,3.29,0.84,11.51,6
1133,Red,9.87,0.58,0.22,4.44,0.085,21.0,27.9,0.997,3.31,0.53,11.53,5
1134,Red,8.68,0.6,0.28,0.9,0.164,15.1,56.2,0.9994,3.2,0.8,9.59,5
1135,Red,8.38,0.52,0.31,4.86,0.14,11.3,6.0,0.9985,3.28,0.61,11.51,5
1136,Red,4.89,0.46,0.25,1.57,0.052,36.7,17.4,0.9965,3.3,0.65,10.48,5
1137,Red,5.41,0.78,0.47,4.01,0.172,37.4,63.9,0.9977,3.31,0.55,11.62,6
1138,Red,11.52,0.53,0.3,0.9,0.089,18.0,6.0,0.994,3.06,0.58,10.88,6
1139,Red,8.47,0.8,0.31,3.62,0.096,10.9,35.9,0.9972,3.33,0.67,10.74,6
1140,Red,10.35,0.36,0.05,2.34,0.07,14.3,11.8,0.9956,3.32,0.49,11.46,6
1141,Red,6.07,0.77,0.33,0.9,0.06,14.4,45.4,0.9988,3.48,1.0,10.7,5
1142,Red,10.32,0.49,0.52,3.74,0.096,26.0,27.1,0.9948,3.27,0.87,11.42,5
1143,Red,8.28,0.55,0.1,1.26,0.02,18.7,30.2,0.9973,3.18,0.74,11.34,7
1144,Red,8.62,0.67,0.45,2.68,0.057,10.8,52.1,0.9997,3.34,0.96,11.28,6
1145,Red,7.4,0.39,0.59,4.19,0.154,18.2,104.2,0.9973,3.27,0.39,10.57,6
1146,Red,7.98,0.36,0.06,4.01,0.012,43.2,17.2,0.9975,3.48,0.49,10.01,5
1147,Red,5.74,0.27,0.4,2.58,0.04,24.2,6.0,0.9966,3.34,0.46,8.44,5
1148,Red,5.52,0.69,0.36,2.57,0.125,13.3,6.0,0.9954,3.27,0.72,10.9,5
1149,Red,6.19,0.8,0.54,2.19,0.049,34.0,6.0,0.9977,3.35,0.54,12.1,6
1150,Red,7.97,0.45,0.16,2.29,0.11,14.8,6.0,0.9977,3.45,0.54,8.7,5
1151,Red,9.45,0.71,0.0,2.54,0.028,36.3,18.8,0.9957,3.21,0.8,11.0,5
1152,Red,7.0,0.46,0.18,2.04,0.1,19.1,10.0,0.9961,3.24,0.43,9.74,6
1153,Red,5.44,0.59,0.43,2.39,0.05,2.4,119.4,0.9941,3.36,0.65,11.0,5
1154,Red,8.05,0.46,0.28,4.61,0.138,1.0,22.7,0.998,3.6,0.91,9.41,4
1155,Red,8.71,0.53,0.32,3.22,0.031,12.3,19.5,0.9962,3.38,0.89,10.48,6
1156,Red,8.51,0.46,0.41,3.99,0.106,1.0,19.4,0.9973,3.39,0.7,10.4,6
1157,Red,9.52,0.31,0.15,4.11,0.116,24.6,49.4,0.9983,3.5,0.79,10.91,5
1158,Red,10.03,0.83,0.51,1.66,0.102,7.8,52.0,0.9958,3.23,0.53,10.29,5
1159,Red,4.82,0.39,0.53,0.9,0.124,22.2,36.2,0.9948,3.14,0.71,10.69,6
1160,Red,7.28,0.44,0.51,2.14,0.017,34.3,43.3,1.0008,3.23,0.52,10.94,5
1161,Red,10.89,0.57,0.3,3.72,0.139,27.7,6.0,0.9978,3.45,0.64,10.34,6
1162,Red,5.2,0.47,0.43,3.55,0.103,1.0,35.1,0.9971,3.31,0.79,13.09,7
1163,Red,6.12,0.53,0.11,3.55,0.085,20.5,95.3,0.9968,3.5,0.82,10.5,5
1164,Red,8.15,0.43,0.23,3.25,0.112,11.4,48.2,0.9951,3.41,0.76,10.42,6
1165,Red,5.64,0.37,0.43,1.68,0.1,14.5,78.2,0.9988,3.33,0.53,10.28,5
1166,Red,9.54,0.64,0.53,3.76,0.139,19.9,89.4,0.9946,3.12,0.74,11.66,5
1167,Red,7.68,0.75,0.19,0.9,0.052,16.7,6.0,0.9974,3.24,0.8,10.93,5
1168,Red,8.23,0.78,0.0,0.9,0.081,10.9,50.8,0.9967,3.44,0.74,12.1,6
1169,Red,9.59,0.56,0.25,3.45,0.17,13.0,36.7,0.9945,3.58,0.52,11.59,7
1170,Red,7.85,0.43,0.0,2.9,0.077,13.7,117.3,0.9968,3.15,0.87,10.52,6
1171,Red,9.57,0.41,0.09,3.43,0.118,17.1,45.2,0.995,3.09,0.5,9.68,6
1172,Red,7.73,0.21,0.28,2.62,0.049,5.7,61.4,0.9991,3.18,0.57,11.03,6
1173,Red,9.52,0.31,0.25,2.5,0.149,24.2,36.3,0.9981,3.47,0.82,11.46,6
1174,Red,7.01,0.56,0.45,2.2,0.14,30.7,48.4,0.9986,3.38,0.58,8.95,6
1175,Red,8.29,0.73,0.49,2.51,0.068,33.5,49.1,0.9957,3.19,0.43,11.89,5
1176,Red,8.89,0.16,0.15,1.69,0.084,24.1,72.6,0.9947,3.28,0.47,12.06,6
1177,Red,7.02,0.64,0.09,0.9,0.06,7.1,21.0,0.9966,3.11,0.68,9.7,5
1178,Red,7.58,0.57,0.47,2.54,0.083,24.9,6.0,0.9975,3.21,0.92,10.41,6
1179,Red,11.45,0.84,0.0,1.69,0.019,17.0,23.9,0.9964,3.19,0.97,9.97,5
1180,Red,10.5,0.32,0.2,3.27,0.144,8.8,47.7,0.9965,3.33,0.33,11.52,6
1181,Red,9.09,0.3,0.45,0.9,0.049,8.6,58.3,0.9965,3.47,0.49,11.15,7
1182,Red,9.25,0.65,0.13,1.26,0.045,17.2,43.5,0.9985,3.43,0.57,10.29,5
1183,Red,9.26,0.51,0.48,1.28,0.051,34.9,23.7,0.997,3.54,0.81,10.17,5
1184,Red,5.76,0.25,0.46,2.85,0.122,18.7,114.3,0.9951,3.22,0.69,10.84,7
1185,Red,7.95,0.5,0.11,3.69,0.114,17.0,23.4,0.996,3.26,0.71,10.73,5
1186,Red,9.23,0.6,0.4,2.37,0.135,23.6,10.6,0.9973,3.4,0.62,9.98,5
1187,Red,4.6,0.47,0.19,1.5,0.134,7.8,60.5,0.9974,3.38,0.56,10.52,5
1188,Red,5.94,0.19,0.33,2.41,0.037,20.0,53.1,0.9968,3.3,0.56,9.69,5
1189,Red,9.63,0.69,0.12,1.25,0.112,6.8,32.8,0.9979,3.34,0.53,11.7,8
1190,Red,6.5,0.56,0.31,1.81,0.098,19.1,37.5,0.9977,3.33,0.84,11.14,5
1191,Red,9.22,0.38,0.03,5.07,0.031,23.2,38.1,0.9963,3.13,0.33,10.53,6
1192,Red,7.24,0.55,0.31,1.29,0.061,22.5,45.2,0.9932,3.22,0.49,8.4,4
1193,Red,8.06,0.67,0.48,1.89,0.037,25.9,93.1,0.9969,3.18,0.81,10.2,5
1194,Red,7.93,0.38,0.28,3.76,0.137,1.0,56.8,0.994,3.47,0.89,9.18,5
1195,Red,8.62,0.86,0.11,4.67,0.079,12.9,71.9,0.9946,3.3,0.84,10.35,5
1196,Red,10.55,0.31,0.53,4.58,0.089,1.0,29.6,0.9943,3.2,0.86,10.91,5
1197,Red,7.63,0.42,0.36,2.03,0.012,27.5,52.2,0.9945,3.12,0.64,11.11,7
1198,Red,7.07,0.36,0.44,1.7,0.05,20.2,25.3,0.9996,3.45,0.33,11.29,6
1199,Red,9.1,0.73,0.09,2.32,0.064,8.4,97.3,0.9965,3.52,0.7,10.17,5
1200,Red,7.23,0.8,0.22,1.47,0.082,9.6,47.4,0.9987,3.26,0.49,8.53,4
1201,Red,5.64,0.38,0.47,2.96,0.14,17.8,32.7,0.9933,3.26,0.48,11.54,6
1202,Red,10.09,0.46,0.18,0.9,0.068,1.0,6.0,0.9942,3.5,0.82,10.82,5
1203,Red,8.58,0.38,0.22,4.7,0.175,10.2,19.5,1.0002,3.52,0.74,8.72,4
1204,Red,6.56,0.61,0.43,3.22,0.107,2.0,12.5,0.9964,3.04,0.85,11.81,5
1205,Red,11.92,0.31,0.04,0.9,0.105,27.4,80.8,0.9948,3.13,0.5,11.43,5
1206,Red,4.6,0.22,0.47,3.65,0.081,15.8,115.2,1.0002,3.46,0.5,10.78,6
1207,Red,7.71,0.6,0.07,2.04,0.097,15.4,103.6,0.9954,3.12,0.56,12.27,5
1208,Red,4.82,0.56,0.19,4.56,0.085,1.0,91.4,0.9945,3.09,0.63,10.85,6
1209,Red,6.23,0.47,0.32,0.9,0.106,9.4,62.4,0.9967,3.29,1.05,11.49,5
1210,Red,6.39,0.41,0.17,4.81,0.093,1.0,50.2,0.9978,3.1,0.72,11.13,7
1211,Red,9.3,0.52,0.05,3.19,0.012,33.2,12.2,0.9975,3.18,0.63,11.08,6
1212,Red,7.67,0.74,0.14,3.44,0.062,22.4,6.8,0.9972,2.96,0.54,10.51,5
1213,Red,12.0,0.19,0.24,3.37,0.094,39.9,6.0,0.9958,3.39,0.59,10.14,5
1214,Red,9.16,0.34,0.19,1.22,0.107,26.8,32.1,0.9979,3.35,0.7,11.33,7
1215,Red,9.17,0.79,0.19,4.82,0.106,8.8,32.0,0.9972,3.14,0.48,9.91,6
1216,Red,9.48,0.39,0.25,0.9,0.152,19.5,62.5,0.9959,3.49,0.94,10.53,5
1217,Red,8.18,0.42,0.34,1.51,0.115,30.4,64.8,0.9954,3.23,0.59,11.46,6
1218,Red,9.51,0.57,0.45,1.66,0.056,17.5,29.9,0.9964,3.33,0.78,9.44,5
1219,Red,8.22,0.4,0.26,1.6,0.1,13.3,29.5,1.0004,3.33,0.6,11.13,6
1220,Red,8.84,0.43,0.43,1.22,0.022,8.5,27.7,1.0008,3.3,0.77,9.46,5
1221,Red,10.08,0.66,0.3,4.18,0.127,4.8,16.0,0.9955,3.35,0.7,10.6,6
1222,Red,10.28,0.65,0.0,0.9,0.181,25.3,80.0,0.9949,3.17,0.46,9.55,5
1223,Red,7.05,0.53,0.41,3.66,0.083,1.0,20.0,0.9941,3.29,0.84,11.12,6
1224,Red,7.18,0.54,0.11,1.15,0.084,13.6,11.4,0.9972,3.21,0.78,10.23,5
1225,Red,7.49,0.43,0.31,3.58,0.052,1.0,86.0,0.9962,3.41,0.64,10.16,5
1226,Red,8.92,0.88,0.2,1.66,0.073,6.1,6.0,0.9937,3.3,1.01,10.24,6
1227,Red,8.23,0.75,0.31,2.01,0.121,12.4,6.0,0.9983,3.26,0.43,10.52,4
1228,Red,7.96,0.43,0.0,2.46,0.135,20.2,31.0,0.9955,3.34,0.65,11.44,5
1229,Red,7.16,0.54,0.06,1.64,0.114,21.7,70.2,0.9957,3.47,0.78,9.35,5
1230,Red,6.95,0.38,0.11,2.47,0.133,10.4,54.9,0.9966,3.39,0.49,11.75,6
1231,Red,8.65,0.64,0.06,1.85,0.13,30.8,82.4,0.9969,3.45,1.04,12.53,6
1232,Red,5.66,0.7,0.33,2.37,0.197,29.8,44.2,0.9941,3.2,0.8,11.29,6
1233,Red,10.43,0.3,0.17,4.14,0.065,32.2,6.0,0.9955,3.41,0.53,8.77,6
1234,Red,9.9,0.47,0.13,1.44,0.161,9.9,64.8,0.9966,3.44,0.37,10.78,7
1235,Red,7.9,0.65,0.31,3.7,0.049,1.0,31.0,0.9924,3.37,0.44,11.65,6
1236,Red,7.08,0.57,0.58,2.7,0.11,6.1,55.0,0.9933,3.27,0.8,9.56,5
1237,Red,7.56,0.51,0.19,1.48,0.052,10.1,17.8,0.9963,3.07,0.72,12.9,7
1238,Red,7.42,0.7,0.37,2.01,0.022,14.9,66.9,0.9976,3.2,1.08,12.05,7
1239,Red,13.08,0.58,0.0,1.63,0.135,8.2,106.0,0.9984,3.28,0.49,11.72,7
1240,Red,6.51,0.39,0.49,4.04,0.1,8.0,35.8,0.9973,3.46,0.53,10.51,6
1241,Red,8.47,0.3,0.46,3.73,0.12,23.4,22.9,0.9966,3.44,0.65,11.44,6
1242,Red,8.46,0.57,0.58,2.45,0.096,7.4,110.7,0.9981,3.24,0.7,10.81,5
1243,Red,7.02,0.65,0.58,3.81,0.134,7.4,95.1,0.9971,3.34,0.83,9.77,6
1244,Red,8.92,0.58,0.49,1.85,0.074,29.3,34.8,0.996,3.08,0.53,11.54,6
1245,Red,9.4,0.41,0.55,3.38,0.012,28.0,6.0,0.9967,3.3,0.67,11.57,5
1246,Red,7.47,0.21,0.0,2.11,0.124,15.9,12.6,0.9982,3.08,0.4,11.47,6
1247,Red,6.59,0.4,0.17,0.9,0.098,9.2,38.1,0.9955,3.35,0.71,12.77,6
1248,Red,7.62,0.12,0.2,2.43,0.012,4.8,43.8,0.9987,3.32,0.68,10.21,6
1249,Red,7.19,0.28,0.45,1.63,0.087,39.3,6.0,0.9995,3.13,0.87,10.43,4
1250,Red,9.23,0.64,0.45,2.06,0.06,14.0,16.7,0.9949,3.41,0.58,9.48,5
1251,Red,5.56,0.26,0.28,2.43,0.084,30.1,6.0,0.9982,3.31,0.47,12.18,6
1252,Red,6.72,0.61,0.41,4.56,0.056,22.4,23.1,0.9959,3.34,0.65,9.83,4
1253,Red,10.9,0.53,0.42,1.74,0.135,16.4,96.8,0.9968,3.38,0.77,11.54,6
1254,Red,7.16,0.45,0.51,1.25,0.088,5.7,6.0,0.9993,3.51,0.37,11.14,6
1255,Red,7.27,0.48,0.3,4.5,0.108,8.6,78.9,0.9988,3.72,0.64,10.38,6
1256,Red,10.28,0.33,0.55,2.89,0.145,37.1,60.6,0.9981,3.13,0.45,9.21,5
1257,Red,11.08,0.46,0.32,2.52,0.065,17.1,19.6,0.9969,3.66,0.8,11.81,5
1258,Red,9.49,0.71,0.23,3.23,0.067,4.0,49.4,0.9997,3.5,0.6,11.21,6
1259,Red,10.56,0.77,0.14,2.49,0.048,21.3,72.3,0.9954,3.26,1.04,10.83,5
1260,Red,9.77,0.33,0.23,4.97,0.13,17.3,61.8,0.9978,3.12,0.57,10.89,7
1261,Red,7.9,0.63,0.01,2.36,0.06,3.2,34.0,0.996,3.18,0.82,10.84,5
1262,Red,10.44,0.71,0.47,4.1,0.085,4.6,85.4,0.9953,3.12,0.44,11.47,5
1263,Red,7.14,0.52,0.41,4.07,0.126,8.9,66.9,0.9967,3.09,0.73,11.42,6
1264,Red,8.1,0.21,0.57,5.45,0.04,19.0,51.9,0.9943,3.37,0.79,10.75,4
1265,Red,8.32,0.6,0.63,3.69,0.143,30.4,20.7,0.9932,3.0,0.34,9.22,5
1266,Red,8.83,0.49,0.0,0.9,0.188,13.7,27.4,0.9947,3.46,0.6,11.88,6
1267,Red,7.63,0.68,0.23,3.65,0.077,1.6,32.1,0.9994,3.29,0.48,10.9,6
1268,Red,6.45,0.8,0.31,4.09,0.06,12.5,94.1,0.9986,3.22,0.64,10.62,6
1269,Red,8.91,0.54,0.28,1.74,0.041,8.0,56.5,0.9977,3.02,0.86,10.08,6
1270,Red,10.42,0.52,0.14,4.49,0.097,14.1,77.4,0.9981,3.5,0.8,10.09,5
1271,Red,7.09,0.65,0.15,1.33,0.154,15.3,87.9,0.9987,3.3,0.65,11.77,6
1272,Red,8.78,0.72,0.57,2.63,0.101,1.0,98.1,0.9986,3.16,0.93,10.17,6
1273,Red,7.94,0.7,0.33,1.83,0.172,19.2,57.5,0.9975,3.28,0.67,11.36,6
1274,Red,5.32,0.62,0.4,2.78,0.081,11.3,78.5,0.9962,3.56,0.86,10.45,5
1275,Red,8.44,0.67,0.48,0.9,0.131,12.8,85.0,0.9928,3.27,0.91,9.79,5
1276,Red,8.61,0.57,0.15,1.09,0.029,6.8,106.7,0.992,3.36,0.6,10.1,5
1277,Red,10.2,0.35,0.29,3.21,0.079,2.9,76.0,0.9965,3.69,0.62,10.22,7
1278,Red,10.19,0.35,0.45,1.23,0.058,29.9,75.9,0.998,3.18,0.36,11.87,6
1279,Red,9.42,0.61,0.29,4.78,0.099,7.8,11.6,0.9998,3.59,0.65,12.0,6
1280,Red,5.38,0.67,0.42,3.48,0.07,1.0,44.5,0.9984,3.03,0.55,11.71,6
1281,Red,8.91,0.68,0.52,4.28,0.068,31.2,118.9,0.9965,3.26,0.67,9.93,5
1282,Red,10.68,0.64,0.0,1.03,0.15,30.1,89.0,0.9973,3.34,0.68,9.62,5
1283,Red,8.71,0.59,0.07,2.09,0.163,23.7,32.2,0.9996,3.27,0.76,10.06,6
1284,Red,7.2,0.49,0.26,3.24,0.144,1.0,42.1,0.9996,3.25,0.38,11.76,5
1285,Red,11.28,0.48,0.21,2.0,0.09,16.8,50.0,0.9989,3.06,0.58,11.6,6
1286,Red,9.5,0.6,0.0,0.9,0.055,11.7,82.3,0.997,3.7,0.65,9.83,6
1287,Red,9.22,0.7,0.0,4.27,0.106,15.7,75.9,0.9942,3.43,0.88,10.31,6
1288,Red,9.23,0.78,0.22,3.07,0.012,31.1,32.3,0.9981,3.16,0.99,10.86,7
1289,Red,9.62,0.58,0.39,2.02,0.064,12.5,9.9,0.9965,3.18,0.63,10.67,6
1290,Red,8.15,0.56,0.55,3.72,0.085,26.9,61.2,0.9936,3.35,0.55,12.17,6
1291,Red,9.53,0.52,0.43,1.32,0.088,16.0,55.1,0.9974,3.36,0.89,8.74,5
1292,Red,8.57,0.69,0.08,2.27,0.057,19.2,64.0,0.9961,3.57,0.59,10.82,6
1293,Red,7.28,0.41,0.28,2.17,0.042,20.9,23.7,1.0024,3.18,0.65,10.07,5
1294,Red,10.04,0.77,0.55,4.22,0.133,43.9,6.0,0.9963,3.14,0.82,11.75,8
1295,Red,9.5,0.6,0.27,2.94,0.031,11.9,50.9,0.9969,3.18,0.33,10.4,5
1296,Red,7.19,0.58,0.15,2.59,0.033,27.4,19.1,0.999,3.35,0.65,10.39,5
1297,Red,7.69,0.46,0.17,3.3,0.154,15.7,47.8,0.9973,3.43,0.54,10.34,5
1298,Red,6.6,0.44,0.86,0.9,0.045,6.0,129.0,0.9948,3.51,0.71,10.07,5
1299,Red,10.71,0.35,0.44,1.98,0.06,1.0,118.8,0.9987,3.09,0.6,12.29,6
1300,Red,7.84,0.33,0.23,1.29,0.087,17.6,126.9,0.9958,3.25,0.92,11.68,6
1301,Red,9.07,0.26,0.27,2.18,0.208,32.8,6.0,0.9951,3.34,0.77,11.15,5
1302,Red,8.19,0.69,0.29,3.41,0.129,20.1,6.0,0.9979,3.36,0.86,11.22,7
1303,Red,9.53,0.66,0.52,2.06,0.061,27.9,79.9,0.9956,3.36,0.82,10.76,5
1304,Red,8.9,0.53,0.47,2.23,0.167,14.1,65.7,0.9973,3.38,0.74,9.67,5
1305,Red,5.22,0.9,0.32,2.71,0.124,6.2,122.8,0.9965,3.34,0.75,10.53,6
1306,Red,8.52,0.12,0.21,4.99,0.183,11.6,81.9,0.9979,3.38,0.88,11.24,6
1307,Red,6.49,0.26,0.09,5.0,0.084,18.9,6.9,0.9956,3.32,0.63,10.14,6
1308,Red,9.8,0.54,0.04,3.39,0.063,36.5,48.1,0.9952,3.43,0.33,10.95,6
1309,Red,5.99,0.43,0.27,4.4,0.012,1.0,9.3,0.9965,3.32,0.7,11.14,5
1310,Red,9.15,0.42,0.32,3.34,0.085,1.0,66.1,0.9936,3.32,0.59,11.44,5
1311,Red,8.61,0.32,0.01,1.99,0.063,15.6,38.7,0.9944,3.53,0.55,10.92,5
1312,Red,5.84,0.44,0.13,1.41,0.048,4.0,44.2,1.0001,3.33,0.63,10.84,5
1313,Red,8.34,0.51,0.09,0.9,0.021,11.0,41.2,0.9973,3.19,0.45,11.1,5
1314,Red,7.47,0.77,0.21,3.33,0.094,7.5,6.0,1.0008,3.25,0.9,10.56,5
1315,Red,8.53,0.61,0.09,1.93,0.109,26.3,75.3,0.9965,3.28,0.49,10.24,5
1316,Red,10.42,0.34,0.03,2.43,0.09,12.3,6.0,0.9942,3.47,0.82,11.1,5
1317,Red,6.72,0.27,0.28,4.38,0.134,37.2,23.8,0.9988,3.24,0.67,10.57,6
1318,Red,11.35,0.79,0.06,3.33,0.131,19.2,87.6,0.997,3.28,0.62,11.08,6
1319,Red,5.14,0.52,0.66,4.05,0.112,6.9,57.9,0.9987,2.92,0.93,10.54,6
1320,Red,8.84,0.81,0.15,3.79,0.109,1.0,29.7,0.9966,3.32,0.84,11.45,6
1321,Red,9.73,0.42,0.3,2.3,0.077,14.0,6.0,0.9954,3.11,1.0,11.52,5
1322,Red,6.32,0.53,0.25,2.02,0.012,22.9,43.1,0.9962,3.52,0.8,10.18,5
1323,Red,10.22,0.49,0.5,4.43,0.122,10.3,16.1,0.9971,3.28,0.47,11.72,7
1324,Red,12.2,0.65,0.49,1.71,0.126,1.0,18.1,0.9999,3.47,0.79,11.48,5
1325,Red,11.74,0.36,0.58,3.82,0.029,11.2,28.5,0.9977,3.37,0.73,11.34,6
1326,Red,8.0,0.87,0.36,3.16,0.07,44.2,68.2,0.9955,3.36,0.41,10.4,5
1327,Red,8.02,0.58,0.26,1.74,0.068,18.3,24.3,0.9987,3.39,0.62,12.55,6
1328,Red,7.21,0.71,0.18,1.36,0.072,11.1,7.1,0.9975,3.09,0.44,11.83,6
1329,Red,7.93,0.46,0.53,0.9,0.11,15.7,71.4,0.9986,3.24,0.7,10.95,6
1330,Red,10.33,0.51,0.17,2.4,0.171,18.1,59.9,0.9942,3.28,0.65,10.72,8
1331,Red,8.12,0.7,0.44,4.48,0.043,13.0,70.6,0.997,3.26,0.59,12.04,6
1332,Red,4.94,0.52,0.19,1.19,0.093,5.5,93.1,0.9963,3.28,0.61,11.5,7
1333,Red,7.62,0.42,0.0,1.23,0.012,25.6,6.0,0.9952,3.25,0.7,9.64,5
1334,Red,9.26,0.63,0.41,1.34,0.154,26.5,85.0,0.9941,3.22,0.91,11.54,6
1335,Red,6.73,0.63,0.42,1.93,0.017,17.1,117.2,1.0003,3.08,0.92,11.65,7
1336,Red,8.91,0.59,0.16,3.22,0.066,1.0,63.1,0.9986,3.1,0.52,11.11,5
1337,Red,6.14,0.43,0.19,2.95,0.042,31.4,43.8,0.9992,3.36,0.62,10.14,5
1338,Red,4.6,0.83,0.21,1.71,0.035,26.9,36.3,0.9962,3.15,0.69,10.08,5
1339,Red,6.97,0.65,0.43,1.99,0.1,5.9,63.6,0.9939,3.4,0.65,11.47,6
1340,Red,8.29,0.55,0.01,2.6,0.119,13.4,39.2,0.9974,3.41,0.69,11.02,6
1341,Red,9.06,0.91,0.08,1.77,0.012,22.5,62.7,0.9953,3.34,0.47,10.15,5
1342,Red,8.21,0.59,0.29,3.8,0.012,27.7,37.6,0.9979,3.13,0.9,11.46,7
1343,Red,7.63,0.68,0.16,1.46,0.109,7.7,6.0,0.9971,3.23,0.6,11.09,5
1344,Red,7.43,0.6,0.28,3.83,0.084,21.2,6.0,0.9972,3.38,0.5,10.07,5
1345,Red,9.48,0.51,0.48,0.9,0.121,1.0,26.6,0.9999,3.3,0.53,11.17,5
1346,Red,6.76,0.56,0.02,3.43,0.11,15.5,32.8,0.9985,3.26,0.73,11.11,6
1347,Red,7.15,0.66,0.4,2.07,0.049,3.3,62.7,0.9955,3.36,0.65,10.64,7
1348,Red,9.66,0.56,0.65,3.97,0.1,17.0,32.9,0.9964,3.27,0.37,10.88,5
1349,Red,7.42,0.41,0.05,1.06,0.033,7.4,66.2,0.9983,2.91,0.66,12.31,6
1350,Red,6.15,0.28,0.28,4.07,0.038,20.2,45.7,1.0009,3.23,0.54,11.38,5
1351,Red,11.16,0.52,0.47,3.85,0.012,20.7,136.2,0.997,3.2,0.93,11.05,6
1352,Red,6.78,0.72,0.39,3.8,0.093,18.3,40.5,0.9998,3.2,0.72,11.32,5
1353,Red,10.25,0.53,0.06,2.58,0.073,1.0,55.1,0.9974,3.14,0.42,10.32,5
1354,Red,9.39,0.72,0.38,1.07,0.144,6.6,87.3,0.9953,3.16,0.82,9.99,5
1355,Red,9.41,0.42,0.08,1.71,0.076,19.5,37.9,0.9979,3.2,0.69,11.82,6
1356,Red,5.92,0.58,0.18,0.9,0.078,10.6,42.2,0.9971,3.23,0.87,10.83,6
1357,Red,8.69,0.67,0.28,4.74,0.089,31.8,82.1,1.0008,3.25,0.95,10.42,5
1358,Red,9.28,0.68,0.4,0.9,0.059,29.7,64.3,0.9972,3.28,0.78,12.05,6
1359,Red,9.33,0.46,0.27,2.77,0.012,14.2,6.0,0.9983,3.33,0.96,10.04,5
1360,Red,10.19,0.58,0.13,1.19,0.13,13.9,91.4,0.9981,3.3,0.86,11.17,5
1361,Red,8.51,0.54,0.73,0.9,0.036,34.6,60.0,0.993,3.29,0.89,10.76,5
1362,Red,10.12,0.75,0.24,2.17,0.129,15.1,14.8,0.9996,3.33,0.65,10.31,6
1363,Red,5.84,0.3,0.11,2.92,0.051,1.0,51.8,0.9956,3.49,0.81,11.9,6
1364,Red,8.65,0.65,0.27,1.47,0.116,6.2,8.0,0.9973,2.98,0.44,11.6,5
1365,Red,6.01,0.37,0.13,3.73,0.05,17.9,52.9,0.9958,3.29,0.79,10.39,5
1366,Red,4.89,0.3,0.27,4.9,0.074,7.9,16.7,0.9962,3.34,0.59,10.25,6
1367,Red,9.13,0.36,0.11,3.34,0.029,7.7,6.0,0.9971,3.51,0.62,10.81,6
1368,Red,9.71,0.49,0.12,2.77,0.055,14.9,80.8,0.9998,3.1,0.74,9.61,5
1369,Red,7.49,0.53,0.06,2.4,0.034,17.6,32.3,0.9956,3.32,0.81,10.26,6
1370,Red,7.73,0.72,0.13,3.42,0.071,12.5,34.3,0.9962,3.31,0.7,10.97,5
1371,Red,6.22,0.25,0.54,0.9,0.048,14.9,52.7,0.9973,3.45,0.56,11.01,6
1372,Red,6.98,0.84,0.03,3.84,0.036,34.7,39.9,0.9948,3.48,0.84,12.44,7
1373,Red,5.54,0.29,0.24,2.48,0.012,6.7,6.0,0.9954,3.39,0.82,10.07,5
1374,Red,5.79,0.13,0.09,1.85,0.122,5.1,71.5,0.9981,3.31,0.64,11.06,6
1375,Red,7.02,0.56,0.11,3.58,0.093,24.0,58.2,0.9965,3.25,1.0,9.85,5
1376,Red,5.84,0.42,0.09,1.39,0.213,24.2,6.0,0.996,2.9,0.73,11.03,5
1377,Red,7.87,0.46,0.45,3.26,0.08,7.1,41.3,0.997,3.33,0.69,11.06,5
1378,Red,6.85,0.37,0.09,3.95,0.098,24.4,57.1,0.9944,3.53,0.44,10.19,7
1379,Red,7.17,0.78,0.49,4.53,0.064,14.0,74.7,0.9973,3.17,0.39,9.96,5
1380,Red,6.57,0.57,0.22,2.04,0.107,20.5,71.6,0.9937,3.35,0.39,12.08,6
1381,Red,8.09,0.28,0.0,0.9,0.086,11.1,51.4,0.9983,3.28,0.63,8.74,5
1382,Red,8.22,0.5,0.48,1.75,0.108,25.5,6.0,0.9958,3.33,0.75,10.55,5
1383,Red,8.36,0.3,0.03,3.85,0.113,15.3,6.0,0.9953,3.25,0.81,10.2,5
1384,Red,9.68,0.36,0.39,4.03,0.012,33.9,73.4,0.9969,3.2,0.33,10.9,5
1385,Red,7.23,0.38,0.23,1.81,0.113,2.8,6.0,0.9965,3.42,0.69,10.85,6
1386,Red,7.55,0.63,0.31,4.18,0.061,16.4,45.8,0.9912,3.27,0.44,10.3,7
1387,Red,7.77,0.52,0.25,3.23,0.204,9.5,57.0,0.9963,3.31,0.9,10.37,6
1388,Red,9.95,0.61,0.16,3.93,0.067,25.1,9.2,0.997,3.19,0.65,10.51,5
1389,Red,11.08,0.66,0.15,5.51,0.012,17.8,78.8,0.9951,3.2,0.52,10.81,5
1390,Red,5.36,0.65,0.07,3.6,0.121,8.0,51.0,0.9967,3.56,0.77,10.56,8
1391,Red,7.22,0.8,0.28,3.96,0.162,29.4,102.5,0.994,3.43,0.58,11.87,6
1392,Red,9.41,0.75,0.03,0.9,0.118,18.2,44.9,0.9965,3.21,0.65,10.91,6
1393,Red,9.58,0.55,0.27,2.75,0.055,14.0,53.2,0.9945,3.26,0.77,10.81,6
1394,Red,8.84,0.31,0.33,2.7,0.167,1.0,54.2,0.9972,3.09,0.46,11.05,6
1395,Red,8.55,0.64,0.29,1.52,0.099,11.9,10.8,0.9959,3.27,0.56,9.24,4
1396,Red,10.37,0.64,0.2,2.54,0.052,24.6,98.8,0.9941,3.45,0.74,11.47,7
1397,Red,10.26,0.53,0.5,3.39,0.069,1.0,27.1,0.9977,3.25,0.76,9.3,7
1398,Red,8.98,0.47,0.21,1.79,0.125,25.0,14.2,0.9958,3.49,0.65,11.85,6
1399,Red,9.54,0.68,0.18,1.74,0.094,11.0,49.6,0.995,3.4,0.65,10.95,7
1400,Red,11.24,0.87,0.12,1.04,0.067,11.6,32.4,0.9972,3.06,0.82,10.63,6
1401,Red,6.61,0.33,0.27,0.9,0.059,1.0,51.1,0.9993,3.35,0.42,12.08,8
1402,Red,6.25,0.63,0.04,4.49,0.177,35.1,19.2,0.9963,3.27,0.84,12.53,8
1403,Red,5.98,0.56,0.19,5.11,0.097,15.1,6.0,0.9954,3.52,0.65,11.46,6
1404,Red,5.72,0.46,0.02,1.01,0.114,1.0,90.3,0.9957,3.51,0.55,10.57,6
1405,Red,8.83,0.54,0.31,2.01,0.044,10.0,70.4,0.9944,3.18,0.78,11.85,5
1406,Red,4.6,0.71,0.0,0.9,0.012,23.7,26.6,0.9928,3.37,0.77,10.92,6
1407,Red,5.03,0.34,0.12,2.68,0.088,23.1,62.3,0.9971,3.36,0.79,10.59,5
1408,Red,7.38,0.57,0.28,3.02,0.053,27.3,101.9,0.998,3.45,0.55,10.42,6
1409,Red,5.63,0.77,0.22,2.97,0.179,17.9,85.3,0.9958,3.42,0.67,9.59,6
1410,Red,8.78,0.71,0.17,1.1,0.146,11.2,53.6,0.9975,3.52,0.91,10.17,5
1411,Red,10.66,0.36,0.17,1.43,0.13,9.6,12.6,0.9932,3.29,0.77,12.01,6
1412,Red,7.81,0.26,0.22,3.99,0.168,31.2,48.6,0.995,3.18,0.88,10.49,5
1413,Red,10.4,0.59,0.26,0.9,0.1,10.6,14.6,0.994,3.52,0.44,12.58,8
1414,Red,6.23,0.68,0.38,2.88,0.042,15.0,13.0,0.9974,3.4,0.47,12.09,5
1415,Red,10.93,0.55,0.73,2.28,0.162,7.3,57.6,0.9971,3.36,0.68,11.46,7
1416,Red,6.53,0.34,0.5,0.92,0.042,36.0,67.1,0.9986,3.44,0.94,11.85,7
1417,Red,5.64,0.59,0.0,4.26,0.071,14.3,76.8,0.9974,3.12,0.9,10.85,6
1418,Red,9.68,0.81,0.19,3.14,0.06,1.0,6.0,0.9991,3.32,0.59,11.64,6
1419,Red,6.14,0.52,0.7,3.3,0.042,22.7,6.0,0.9966,3.42,0.85,9.73,6
1420,Red,6.56,0.54,0.22,2.67,0.069,17.2,54.7,0.9993,3.15,0.63,11.78,5
1421,Red,7.25,0.34,0.15,2.63,0.076,17.6,65.9,0.9938,3.3,0.48,10.91,6
1422,Red,7.66,0.83,0.26,2.27,0.167,38.8,52.7,0.994,3.41,0.48,9.7,5
1423,Red,9.81,0.55,0.21,1.48,0.02,21.0,40.5,0.996,3.32,0.55,11.71,5
1424,Red,9.45,0.19,0.32,1.55,0.095,23.4,90.2,0.9986,3.28,0.98,10.02,5
1425,Red,7.68,0.52,0.46,0.9,0.012,5.7,84.5,0.9972,3.35,0.8,9.78,5
1426,Red,9.73,0.7,0.18,3.06,0.069,8.5,31.7,0.9956,3.1,0.84,10.6,5
1427,Red,9.55,0.32,0.24,5.39,0.088,12.5,6.0,0.9976,3.3,0.73,11.71,6
1428,Red,7.97,0.66,0.24,3.21,0.061,32.0,53.1,0.9986,3.2,0.61,11.56,6
1429,Red,6.67,0.32,0.23,4.29,0.143,9.3,32.9,0.9949,3.47,0.71,9.95,5
1430,Red,6.24,0.66,0.05,2.66,0.014,9.1,23.8,0.9953,3.34,0.75,12.37,6
1431,Red,11.25,0.59,0.39,3.36,0.074,20.1,72.1,0.9941,3.26,0.68,11.55,6
1432,Red,10.9,0.6,0.0,3.69,0.021,6.0,83.6,0.9981,3.4,0.39,10.5,5
1433,Red,9.91,0.35,0.22,2.41,0.125,13.0,13.9,0.9978,3.3,0.5,12.0,5
1434,Red,8.86,0.76,0.46,2.94,0.012,25.3,53.0,0.9938,3.19,0.63,10.63,5
1435,Red,5.44,0.75,0.23,3.99,0.064,1.0,17.4,0.9933,3.3,0.56,12.09,7
1436,Red,7.61,0.86,0.52,0.9,0.035,1.0,114.3,0.9949,3.47,0.71,10.82,5
1437,Red,8.89,0.81,0.33,0.9,0.018,24.4,6.0,0.9961,3.51,0.58,10.34,5
1438,Red,8.76,0.42,0.0,2.95,0.076,26.2,57.8,0.9983,3.32,0.64,11.16,5
1439,Red,6.78,0.7,0.23,4.28,0.103,17.6,65.7,0.9957,3.45,0.66,10.88,6
1440,Red,6.21,0.46,0.75,2.44,0.038,32.8,27.1,0.9967,3.31,0.73,10.42,6
1441,Red,4.6,0.68,0.29,4.02,0.126,6.0,40.0,0.9948,3.38,0.53,11.58,5
1442,Red,8.45,0.25,0.21,0.9,0.02,24.1,49.5,0.9969,2.92,0.53,11.91,6
1443,Red,7.25,0.48,0.04,3.22,0.083,20.9,62.7,0.9969,3.59,0.42,10.94,7
1444,Red,8.68,0.69,0.29,2.56,0.067,4.6,6.0,0.9929,3.06,0.78,10.83,5
1445,Red,9.73,0.38,0.14,4.86,0.181,15.5,63.5,0.9979,3.33,0.82,11.56,6
1446,Red,8.13,0.55,0.44,3.19,0.113,12.2,67.6,0.9991,3.1,0.59,10.59,5
1447,Red,6.97,0.3,0.19,3.44,0.012,33.3,66.6,0.9998,3.26,0.36,12.74,7
1448,Red,4.66,0.68,0.43,2.72,0.014,7.1,60.5,0.9962,3.15,0.4,9.28,6
1449,Red,11.42,0.62,0.33,3.41,0.115,15.5,84.5,0.9959,3.41,0.53,11.56,6
1450,Red,6.48,0.67,0.0,3.12,0.116,40.2,30.3,0.9965,3.66,0.93,11.32,7
1451,Red,7.06,0.8,0.29,5.46,0.012,7.8,67.4,0.9992,3.19,0.73,10.81,6
1452,Red,7.66,0.58,0.44,0.9,0.013,7.7,6.0,0.9964,3.0,0.51,10.61,5
1453,Red,6.52,0.63,0.34,2.43,0.1,1.0,53.7,0.9986,3.33,0.63,10.05,5
1454,Red,8.62,0.72,0.1,2.8,0.026,16.9,35.0,0.9946,3.27,0.49,10.52,6
1455,Red,7.83,0.41,0.06,2.79,0.076,4.0,26.0,0.9968,3.2,0.8,10.62,5
1456,Red,5.82,0.47,0.0,1.43,0.106,34.1,6.0,0.9955,3.4,0.87,11.72,6
1457,Red,8.98,0.4,0.11,1.72,0.166,27.8,94.6,0.9975,3.35,1.03,10.58,5
1458,Red,9.36,0.36,0.57,3.2,0.124,3.2,24.5,0.9937,3.13,0.64,12.45,6
1459,Red,5.98,0.5,0.17,3.26,0.135,1.0,91.8,0.9987,3.45,0.77,12.17,6
1460,Red,10.1,0.15,0.55,2.87,0.12,13.5,42.2,0.9998,3.56,0.56,10.74,5
1461,Red,6.25,0.5,0.44,1.71,0.137,17.3,6.0,0.9999,3.18,0.82,10.7,5
1462,Red,6.42,0.66,0.92,1.02,0.022,41.9,71.0,0.9979,3.35,0.61,11.1,5
1463,Red,8.55,0.37,0.27,3.47,0.103,14.1,40.9,0.9962,3.25,0.65,11.6,5
1464,Red,8.16,0.64,0.29,2.7,0.101,4.2,54.4,0.9926,3.29,0.78,8.4,3
1465,Red,5.83,0.25,0.13,2.59,0.09,11.1,62.6,0.9966,3.1,0.52,11.92,7
1466,Red,8.73,0.7,0.41,5.3,0.016,11.5,6.0,0.997,3.27,0.86,11.3,4
1467,Red,8.43,0.21,0.0,1.81,0.101,18.2,84.1,0.9961,3.12,0.63,9.58,5
1468,Red,10.12,1.02,0.46,1.03,0.125,26.3,87.4,0.9965,3.55,0.52,10.19,5
1469,Red,9.68,0.38,0.08,0.9,0.021,15.9,56.2,1.0024,3.34,0.74,10.55,6
1470,Red,5.98,0.6,0.42,1.66,0.063,19.8,6.0,0.9957,3.29,0.8,9.24,6
1471,Red,10.3,0.51,0.28,2.0,0.078,12.1,76.1,0.9987,3.73,0.69,10.3,6
1472,Red,6.8,0.38,0.08,1.06,0.139,16.0,64.8,0.9982,3.34,0.77,10.82,6
1473,Red,8.78,0.44,0.21,3.14,0.1,18.8,6.0,0.9974,3.28,0.67,10.81,5
1474,Red,8.32,0.53,0.03,1.57,0.107,5.2,7.1,0.9947,3.66,0.89,12.55,7
1475,Red,6.09,0.55,0.03,2.08,0.051,1.0,54.2,0.9948,3.2,0.95,10.54,5
1476,Red,4.6,0.53,0.23,0.9,0.093,16.6,65.2,0.9966,3.34,0.63,8.42,5
1477,Red,9.02,0.47,0.43,1.87,0.088,3.1,65.2,0.9975,3.17,0.54,10.21,6
1478,Red,9.35,0.44,0.02,1.36,0.148,16.0,43.6,0.9946,3.44,0.71,11.18,5
1479,Red,5.51,0.52,0.13,2.16,0.169,24.3,6.0,0.9956,3.32,0.33,11.33,6
1480,Red,7.93,0.49,0.08,1.66,0.097,23.2,6.0,0.9957,3.43,0.77,10.81,5
1481,Red,7.51,0.62,0.18,4.6,0.142,1.0,52.8,0.9988,3.43,0.85,10.97,4
1482,Red,10.37,0.56,0.0,4.11,0.07,2.1,79.5,0.9984,3.3,0.79,11.96,7
1483,Red,8.28,0.67,0.02,3.81,0.118,29.6,18.5,0.9972,3.22,0.56,11.75,5
1484,Red,8.84,0.87,0.45,1.54,0.084,27.9,65.0,0.9956,3.33,0.53,11.54,6
1485,Red,8.48,0.64,0.33,0.9,0.134,1.0,34.0,0.9993,3.12,0.59,10.61,5
1486,Red,8.23,0.23,0.63,3.37,0.145,17.2,43.8,0.9956,3.53,0.74,9.53,5
1487,Red,7.05,0.74,0.2,3.7,0.064,14.3,6.0,0.9984,3.27,0.51,10.08,5
1488,Red,8.08,0.38,0.28,3.71,0.071,35.2,90.1,0.9985,3.19,0.41,11.04,6
1489,Red,8.61,0.57,0.4,1.3,0.031,29.5,77.5,0.9962,3.35,0.54,10.78,5
1490,Red,7.43,0.63,0.17,2.25,0.046,11.3,49.2,0.9967,3.35,0.75,9.88,5
1491,Red,8.4,0.44,0.47,3.67,0.046,9.8,50.6,0.995,3.45,0.94,11.71,6
1492,Red,8.56,0.47,0.29,1.27,0.171,34.6,30.6,1.0006,3.0,0.79,10.84,6
1493,Red,8.27,0.69,0.13,1.59,0.039,1.0,35.3,0.9987,3.04,0.48,10.9,6
1494,Red,7.49,0.77,0.37,3.3,0.12,18.9,8.2,0.999,3.37,0.36,10.16,4
1495,Red,9.04,0.48,0.64,2.69,0.077,17.5,70.4,0.9967,3.4,0.33,10.76,5
1496,Red,10.75,0.61,0.31,4.02,0.171,7.2,47.3,0.9974,3.23,0.59,11.57,6
1497,Red,8.18,0.46,0.24,1.85,0.141,15.9,53.7,0.9993,3.33,0.41,11.56,5
1498,Red,8.81,0.71,0.07,2.8,0.014,14.5,37.1,0.9976,3.53,0.78,11.6,6
1499,Red,8.5,0.35,0.0,1.74,0.098,16.3,45.6,0.9976,3.25,0.74,10.38,6
1500,Red,8.39,0.46,0.37,3.4,0.086,11.2,36.6,0.9962,3.41,0.33,9.1,5
1501,Red,4.8,0.54,0.12,0.9,0.116,19.5,37.0,0.9978,3.42,0.42,9.87,5
1502,Red,9.51,0.6,0.0,3.04,0.062,37.0,19.6,0.9946,3.25,0.67,9.89,5
1503,Red,8.08,0.39,0.41,1.33,0.078,11.1,29.8,0.9961,3.25,0.64,9.94,4
1504,Red,5.19,0.74,0.71,4.14,0.071,20.2,25.0,0.9988,3.2,0.67,11.03,5
1505,Red,6.66,0.68,0.29,2.49,0.112,28.6,107.3,1.0002,3.35,0.56,11.52,5
1506,Red,8.86,0.41,0.15,2.49,0.062,5.3,6.0,0.9956,3.34,0.68,11.6,6
1507,Red,8.24,0.66,0.0,3.99,0.053,8.2,60.6,0.9971,3.59,0.55,11.06,6
1508,Red,10.15,0.49,0.0,5.43,0.087,13.6,13.4,0.9961,3.32,0.88,11.3,6
1509,Red,9.26,0.5,0.18,3.28,0.062,19.4,12.0,0.9977,3.34,0.72,9.32,5
1510,Red,8.56,0.67,0.29,5.02,0.109,30.1,68.3,1.0001,3.26,0.94,11.98,6
1511,Red,10.74,0.25,0.25,4.69,0.044,23.2,86.3,0.9967,3.42,0.85,10.2,5
1512,Red,8.71,0.56,0.44,3.36,0.033,14.0,66.7,0.9971,3.69,0.33,11.13,5
1513,Red,9.27,0.45,0.28,1.39,0.16,19.8,58.9,0.9971,3.23,0.54,11.22,6
1514,Red,8.41,0.35,0.26,1.98,0.144,9.8,72.1,0.9948,3.32,0.72,12.35,6
1515,Red,10.82,0.35,0.26,5.77,0.051,9.0,9.2,0.9995,3.33,0.76,11.54,6
1516,Red,8.89,0.62,0.22,4.9,0.013,1.0,89.2,0.9999,3.32,0.49,11.24,6
1517,Red,8.63,0.71,0.43,3.63,0.012,33.8,7.5,0.9961,3.38,0.89,12.07,7
1518,Red,8.86,0.72,0.26,3.1,0.04,21.1,38.1,0.997,3.03,0.38,11.44,6
1519,Red,5.85,0.6,0.64,3.27,0.012,8.7,35.8,0.996,3.38,0.42,10.83,6
1520,Red,7.03,0.38,0.3,3.91,0.025,32.3,85.6,0.996,3.45,0.61,10.09,5
1521,Red,8.18,0.42,0.07,3.01,0.012,9.4,90.3,0.9995,3.25,0.7,9.95,6
1522,Red,7.6,0.28,0.2,2.18,0.109,13.7,63.7,0.9972,3.29,0.59,11.2,6
1523,Red,8.68,0.75,0.09,1.89,0.052,12.0,140.0,0.9985,2.79,0.52,11.89,6
1524,Red,6.98,0.62,0.0,2.21,0.107,20.4,25.7,0.9941,3.36,0.75,10.95,5
1525,Red,8.02,0.56,0.45,1.99,0.047,12.7,38.2,0.9981,3.41,0.8,12.67,7
1526,Red,10.24,0.59,0.15,1.01,0.097,35.5,84.5,0.9973,3.38,0.73,10.35,5
1527,Red,8.21,0.35,0.16,1.22,0.065,13.6,15.9,0.998,3.33,0.69,8.4,5
1528,Red,7.76,0.55,0.2,3.24,0.16,13.6,76.1,0.9964,3.1,0.89,10.25,6
1529,Red,10.54,0.6,0.14,2.55,0.051,13.9,27.2,0.9963,3.27,0.68,10.57,6
1530,Red,9.07,0.45,0.48,2.31,0.173,21.8,6.0,0.9945,3.54,0.7,11.24,5
1531,Red,7.23,0.65,0.31,0.9,0.012,26.5,32.5,0.9946,3.06,0.74,11.3,6
1532,Red,7.16,0.24,0.38,4.79,0.113,19.0,42.5,0.9935,3.11,1.06,10.06,5
1533,Red,11.02,0.54,0.19,0.9,0.098,11.8,10.4,0.9939,3.08,0.62,10.29,5
1534,Red,9.27,0.51,0.12,2.41,0.106,3.9,25.3,1.0006,3.47,0.68,10.62,5
1535,Red,7.2,0.6,0.33,3.15,0.18,33.8,28.1,0.9971,3.28,0.66,11.6,8
1536,Red,9.21,0.3,0.3,1.9,0.161,10.1,34.1,0.9956,3.38,0.58,11.77,7
1537,Red,8.85,0.63,0.29,4.12,0.128,15.0,32.3,0.9956,3.36,0.62,11.29,5
1538,Red,10.02,0.68,0.17,0.9,0.075,13.4,35.3,0.9959,3.2,0.57,10.93,5
1539,Red,7.54,0.68,0.58,1.35,0.099,2.2,66.9,0.9966,3.37,0.89,9.67,7
1540,Red,8.52,0.44,0.03,2.49,0.012,24.5,78.7,0.9981,3.29,0.69,11.71,5
1541,Red,8.69,0.2,0.19,1.87,0.041,5.8,42.6,0.9986,3.16,0.43,12.36,7
1542,Red,7.13,0.52,0.31,3.47,0.139,1.0,92.9,0.9987,3.39,0.58,11.93,6
1543,Red,8.6,0.44,0.21,2.92,0.043,1.0,6.0,0.9966,3.54,1.07,10.8,6
1544,Red,9.82,0.45,0.1,0.9,0.012,12.6,29.1,0.9974,3.3,0.74,10.67,5
1545,Red,7.53,0.99,0.27,0.9,0.158,27.5,81.9,0.999,3.3,0.49,12.71,7
1546,Red,6.17,0.52,0.27,4.97,0.012,8.5,121.5,0.9961,3.45,0.71,10.42,5
1547,Red,8.19,0.78,0.09,3.85,0.102,1.1,66.7,0.9981,3.14,0.62,11.34,5
1548,Red,7.7,0.21,0.21,4.22,0.078,19.2,20.1,1.0004,3.17,0.79,10.36,5
1549,Red,5.36,0.62,0.28,2.58,0.103,21.5,57.3,0.997,3.41,0.45,10.24,5
1550,Red,7.41,0.76,0.5,1.54,0.105,9.0,17.2,0.9965,3.22,0.48,9.35,6
1551,Red,9.39,0.71,0.07,3.0,0.056,15.1,53.8,0.9965,3.29,0.61,11.31,6
1552,Red,9.93,0.77,0.47,2.4,0.041,24.4,87.1,0.9946,3.42,0.46,10.99,5
1553,Red,9.47,1.05,0.68,1.74,0.059,22.8,27.3,0.9984,3.36,0.63,10.6,6
1554,Red,7.56,0.73,0.09,1.91,0.143,1.0,60.4,0.9955,3.26,0.59,10.89,5
1555,Red,6.87,0.56,0.5,4.61,0.171,10.6,36.7,0.9979,3.34,0.64,10.93,7
1556,Red,6.4,0.5,0.0,4.75,0.012,15.6,101.0,0.9956,3.18,0.76,11.07,5
1557,Red,10.2,0.64,0.22,1.46,0.013,1.0,41.5,0.9914,3.22,0.49,9.82,6
1558,Red,6.64,0.27,0.38,0.9,0.012,24.9,28.8,0.9993,3.45,0.92,11.18,5
1559,Red,7.86,0.55,0.31,2.73,0.088,11.6,25.6,0.9957,3.47,0.46,10.92,6
1560,Red,12.18,0.55,0.0,1.08,0.012,19.6,19.8,0.9974,3.18,0.57,11.35,5
1561,Red,9.52,0.24,0.31,3.25,0.128,18.8,48.8,0.9943,3.39,0.83,10.34,5
1562,Red,11.06,0.95,0.02,1.53,0.116,10.8,25.1,0.9954,3.4,1.02,11.08,5
1563,Red,9.58,0.94,0.37,0.9,0.083,1.0,43.0,0.9992,2.96,0.52,11.18,5
1564,Red,8.29,0.41,0.0,1.47,0.05,1.9,53.6,0.9967,3.55,0.94,12.57,7
1565,Red,9.3,0.6,0.15,0.9,0.092,16.8,59.7,0.9951,3.19,0.88,10.25,5
1566,Red,8.84,0.72,0.0,3.0,0.086,18.4,76.7,0.9949,3.5,0.43,9.72,4
1567,Red,6.1,0.56,0.67,2.54,0.176,41.0,7.8,0.9991,3.37,0.45,10.75,5
1568,Red,10.25,0.16,0.37,1.04,0.075,18.5,25.9,0.9968,3.19,0.79,10.07,5
1569,Red,8.19,0.69,0.31,1.27,0.141,4.2,65.9,0.9974,3.19,0.66,11.02,6
1570,Red,10.93,0.39,0.66,1.22,0.163,30.0,6.0,0.9954,3.44,0.62,12.4,7
1571,Red,6.87,0.68,0.55,3.11,0.055,13.3,23.2,0.9977,3.31,0.74,11.37,6
1572,Red,11.24,0.47,0.04,0.9,0.029,1.0,57.6,0.9978,3.58,0.66,12.39,7
1573,Red,9.88,0.5,0.49,4.53,0.097,14.5,44.2,0.9951,3.14,0.79,10.63,6
1574,Red,6.16,0.71,0.57,2.0,0.112,16.8,52.5,0.9967,3.49,0.74,10.42,5
1575,Red,7.89,0.44,0.06,0.9,0.078,18.1,55.7,0.9985,3.3,0.58,9.75,4
1576,Red,6.7,0.66,0.21,3.73,0.075,43.2,30.4,0.9982,2.96,0.57,10.69,6
1577,Red,9.91,0.72,0.56,1.56,0.113,36.5,84.0,0.9984,3.05,0.5,10.36,6
1578,Red,7.07,0.76,0.28,2.63,0.012,3.5,68.1,0.9948,3.54,0.56,11.73,6
1579,Red,12.68,0.51,0.14,2.79,0.16,4.8,52.8,0.9983,3.08,0.78,11.58,7
1580,Red,8.3,0.22,0.33,1.49,0.106,27.6,62.9,0.9944,3.25,0.69,11.08,7
1581,Red,11.17,0.28,0.11,4.62,0.113,21.8,99.4,0.9963,3.31,0.9,10.83,5
1582,Red,9.17,0.72,0.37,4.0,0.019,1.0,73.8,0.9977,3.29,0.4,9.19,5
1583,Red,6.85,0.52,0.13,1.45,0.102,27.8,85.1,0.9972,3.14,0.52,10.09,6
1584,Red,7.34,0.8,0.14,1.11,0.131,4.2,18.3,0.9972,3.25,0.55,10.04,5
1585,Red,5.73,0.69,0.08,2.29,0.114,9.8,6.0,0.9969,3.32,0.68,12.5,8
1586,Red,11.99,0.59,0.11,3.92,0.056,16.2,55.4,0.9948,3.24,0.64,10.72,6
1587,Red,9.1,0.35,0.32,2.71,0.041,8.9,50.9,1.0006,3.42,0.45,8.97,5
1588,Red,6.87,0.87,0.02,1.34,0.053,7.8,102.0,0.9984,3.39,0.51,11.22,5
1589,Red,7.25,0.43,0.09,2.72,0.115,3.6,37.4,0.9976,3.07,0.71,10.6,6
1590,Red,4.88,0.24,0.23,1.34,0.082,16.1,54.6,0.9964,3.33,0.83,9.25,6
1591,Red,8.0,0.23,0.1,3.23,0.012,1.0,22.2,0.9976,3.74,0.7,11.94,6
1592,Red,7.83,0.54,0.66,0.9,0.128,22.7,43.9,0.9998,3.09,0.72,10.72,7
1593,Red,8.63,0.96,0.3,1.92,0.066,28.7,47.1,0.9955,3.31,0.82,12.1,7
1594,Red,11.82,0.74,0.0,2.12,0.122,26.4,19.0,0.9986,3.31,0.42,11.07,6
1595,Red,7.73,0.58,0.11,2.66,0.16,14.2,15.4,0.9992,3.27,0.74,11.53,5
1596,Red,9.2,0.74,0.0,1.01,0.091,34.0,9.6,0.9917,3.09,0.38,9.8,6
1597,Red,5.55,0.66,0.05,4.23,0.082,29.3,6.0,0.9954,3.26,0.54,9.6,6
1598,Red,9.21,0.67,0.37,0.9,0.108,11.2,41.8,0.9952,3.23,0.57,10.03,5
1599,Red,8.9,0.38,0.16,0.9,0.151,7.8,120.3,0.9975,3.55,0.71,10.42,5
1600,White,8.16,0.33,0.34,0.6,0.053,55.4,120.1,1.0022,3.16,0.4,9.73,4
1601,White,5.54,0.22,0.22,0.6,0.067,39.7,130.3,0.9924,2.99,0.58,11.59,6
1602,White,6.7,0.37,0.23,5.07,0.039,45.7,127.1,0.9976,3.25,0.34,11.7,5
1603,White,6.71,0.33,0.32,10.62,0.047,52.3,91.8,0.9887,3.4,0.53,9.71,6
1604,White,7.6,0.25,0.36,0.68,0.071,52.3,128.7,0.9889,3.39,0.48,10.28,6
1605,White,8.29,0.51,0.29,12.33,0.067,30.0,108.5,0.9895,3.25,0.58,10.18,8
1606,White,7.85,0.08,0.47,1.67,0.027,47.6,167.4,0.9936,3.1,0.44,11.11,6
1607,White,7.22,0.31,0.29,8.45,0.052,24.8,182.2,0.9923,3.15,0.6,12.69,5
1608,White,6.81,0.34,0.16,13.61,0.029,24.7,192.0,0.9895,3.2,0.25,11.95,6
1609,White,7.32,0.37,0.31,12.77,0.068,45.7,197.8,0.9934,3.3,0.55,10.61,6
1610,White,6.88,0.13,0.3,7.27,0.045,19.9,186.2,0.9909,3.15,0.42,10.75,5
1611,White,6.05,0.08,0.25,9.81,0.053,72.1,89.3,0.9934,3.31,0.37,11.05,6
1612,White,5.71,0.29,0.21,3.49,0.019,41.3,245.6,0.993,3.16,0.62,11.41,7
1613,White,6.71,0.34,0.31,14.49,0.062,18.2,128.9,0.9935,3.3,0.52,11.43,7
1614,White,7.59,0.34,0.21,17.25,0.058,45.2,126.2,0.9928,3.21,0.51,10.92,6
1615,White,6.97,0.3,0.44,5.19,0.043,33.6,166.2,0.9907,2.91,0.57,12.09,7
1616,White,7.02,0.43,0.24,7.48,0.028,25.3,194.2,0.9937,3.31,0.4,13.39,6
1617,White,6.35,0.49,0.32,4.78,0.063,30.9,114.7,0.9937,3.22,0.52,9.49,4
1618,White,7.9,0.4,0.33,0.6,0.039,24.6,160.6,0.9909,3.03,0.39,12.56,8
1619,White,7.92,0.2,0.24,4.32,0.029,27.6,153.6,0.9931,3.42,0.47,10.97,6
1620,White,7.59,0.28,0.21,9.83,0.02,28.4,201.0,1.0027,3.18,0.39,11.98,6
1621,White,8.51,0.21,0.43,5.77,0.077,2.0,206.6,0.9977,3.12,0.36,9.93,7
1622,White,5.89,0.22,0.56,14.45,0.03,37.0,93.9,0.9924,3.23,0.59,10.82,6
1623,White,6.24,0.23,0.48,7.42,0.015,28.0,109.2,0.9945,3.0,0.62,9.66,6
1624,White,5.76,0.27,0.23,2.47,0.012,35.4,179.8,0.9938,3.14,0.55,12.04,7
1625,White,7.86,0.21,0.35,3.58,0.02,52.8,185.7,0.9952,3.06,0.38,11.47,7
1626,White,6.11,0.26,0.23,7.22,0.053,56.2,129.7,0.994,3.25,0.43,10.27,5
1627,White,7.45,0.51,0.31,10.32,0.059,39.7,167.4,0.9951,3.42,0.61,10.46,5
1628,White,5.58,0.33,0.46,11.53,0.053,41.7,159.3,0.9906,3.26,0.39,12.49,7
1629,White,8.03,0.18,0.27,9.02,0.057,53.1,95.7,0.993,3.27,0.49,12.17,7
1630,White,8.01,0.23,0.23,5.15,0.019,38.9,112.3,0.9947,3.03,0.68,11.56,6
1631,White,5.72,0.36,0.07,18.15,0.034,39.5,150.4,0.9928,2.88,0.59,11.29,5
1632,White,5.58,0.31,0.52,10.63,0.039,53.6,131.0,0.995,2.88,0.57,11.33,6
1633,White,5.85,0.22,0.29,0.6,0.06,61.5,118.3,0.9951,3.13,0.57,12.33,6
1634,White,7.26,0.46,0.39,7.99,0.025,59.3,106.7,0.9975,3.27,0.54,10.47,5
1635,White,5.9,0.19,0.26,8.36,0.062,30.1,101.8,0.9969,3.01,0.51,10.11,6
1636,White,6.96,0.32,0.43,1.17,0.034,21.8,134.3,0.9933,3.15,0.38,12.51,6
1637,White,7.52,0.21,0.45,12.58,0.046,41.0,131.4,0.9921,3.2,0.47,10.42,5
1638,White,7.98,0.31,0.49,9.3,0.044,34.4,156.0,0.9934,3.22,0.57,10.39,7
1639,White,6.28,0.08,0.41,10.79,0.028,13.4,60.5,0.9924,3.27,0.36,10.46,5
1640,White,7.07,0.36,0.55,16.81,0.009,27.8,66.5,0.9974,3.43,0.5,10.49,5
1641,White,7.46,0.29,0.25,16.41,0.047,7.4,112.0,0.9917,3.26,0.63,10.82,6
1642,White,5.42,0.38,0.36,4.04,0.054,54.7,156.5,0.9925,3.1,0.67,10.79,5
1643,White,8.39,0.26,0.55,4.43,0.03,54.3,161.4,0.9905,3.02,0.71,11.45,7
1644,White,7.54,0.22,0.23,2.4,0.054,47.3,208.9,0.9898,3.26,0.48,10.78,6
1645,White,5.7,0.32,0.26,6.44,0.044,25.7,94.2,0.9867,3.08,0.57,10.88,5
1646,White,5.49,0.46,0.24,13.15,0.01,56.3,172.6,0.9888,3.05,0.44,10.47,6
1647,White,6.18,0.11,0.35,11.88,0.065,35.2,98.2,0.9943,3.16,0.59,11.46,5
1648,White,6.8,0.5,0.37,2.72,0.061,2.0,143.8,0.9933,3.28,0.27,11.88,6
1649,White,6.47,0.12,0.14,5.56,0.033,27.0,150.7,0.9925,3.34,0.3,11.18,5
1650,White,6.49,0.3,0.35,7.88,0.034,46.4,80.5,0.9937,3.18,0.56,12.76,6
1651,White,5.96,0.28,0.5,7.26,0.065,2.0,140.1,1.0003,2.99,0.47,11.28,7
1652,White,7.55,0.25,0.3,3.76,0.045,32.2,197.3,0.9965,2.89,0.47,10.32,5
1653,White,4.8,0.26,0.06,17.96,0.052,23.1,70.9,0.9943,3.16,0.41,12.36,6
1654,White,7.78,0.47,0.45,7.9,0.012,64.6,106.2,0.9963,3.1,0.64,10.75,4
1655,White,6.66,0.37,0.44,4.45,0.041,34.1,109.9,0.9966,3.15,0.55,9.03,4
1656,White,6.54,0.35,0.41,3.72,0.038,45.6,193.3,0.9893,3.46,0.54,10.51,5
1657,White,7.55,0.22,0.33,14.79,0.077,41.8,209.1,0.9925,3.16,0.27,10.75,5
1658,White,5.48,0.14,0.23,12.03,0.042,36.6,13.6,0.9929,3.07,0.48,11.69,6
1659,White,6.23,0.23,0.4,0.6,0.064,38.6,75.1,0.991,2.97,0.52,12.73,5
1660,White,6.14,0.29,0.34,3.83,0.082,81.7,129.6,0.9949,3.28,0.41,11.65,6
1661,White,7.29,0.22,0.2,5.37,0.052,52.2,88.9,0.9934,3.39,0.37,11.72,6
1662,White,7.47,0.26,0.26,1.53,0.026,85.2,118.7,0.9939,3.41,0.64,11.35,6
1663,White,5.03,0.46,0.28,0.6,0.071,62.8,131.3,0.993,2.91,0.41,13.14,6
1664,White,6.9,0.31,0.44,5.38,0.032,23.2,177.6,0.9923,2.81,0.71,11.65,6
1665,White,7.51,0.11,0.19,14.01,0.041,42.9,137.9,0.9936,3.23,0.4,12.93,8
1666,White,5.24,0.16,0.24,0.6,0.08,38.2,170.1,0.99,3.27,0.43,12.01,7
1667,White,7.7,0.29,0.24,8.39,0.024,37.1,223.7,0.9908,3.09,0.37,11.2,7
1668,White,7.49,0.18,0.28,9.8,0.042,58.4,215.2,0.9911,3.13,0.49,12.08,8
1669,White,7.16,0.24,0.3,11.88,0.009,44.3,130.1,0.9929,3.47,0.44,11.59,5
1670,White,6.3,0.1,0.17,3.14,0.058,36.5,158.1,0.9899,3.26,0.35,10.28,5
1671,White,6.77,0.19,0.23,5.08,0.026,10.9,76.2,0.9918,3.21,0.55,11.09,5
1672,White,8.21,0.21,0.27,7.8,0.039,31.6,158.2,0.9914,3.44,0.53,12.54,8
1673,White,5.75,0.18,0.24,1.9,0.027,16.3,124.4,0.9935,3.1,0.53,9.8,6
1674,White,6.69,0.33,0.39,6.44,0.009,45.5,142.9,0.9923,3.03,0.39,10.39,7
1675,White,6.89,0.35,0.27,10.04,0.009,59.7,174.8,0.9933,3.17,0.74,11.1,7
1676,White,9.79,0.29,0.27,4.07,0.081,26.5,223.7,0.9937,3.05,0.56,11.06,5
1677,White,6.98,0.18,0.77,3.94,0.064,35.5,113.0,0.9913,3.31,0.39,10.3,6
1678,White,5.38,0.44,0.33,8.09,0.044,54.3,68.1,0.9992,3.13,0.46,9.47,5
1679,White,7.73,0.18,0.28,7.32,0.01,17.7,184.8,0.9929,3.28,0.37,11.93,6
1680,White,8.27,0.47,0.44,4.86,0.074,43.1,127.9,0.9964,2.98,0.48,11.37,5
1681,White,7.1,0.31,0.32,0.74,0.035,11.2,107.6,0.9919,3.31,0.57,12.69,6
1682,White,7.01,0.29,0.35,9.41,0.019,32.8,231.2,0.989,3.05,0.61,12.7,6
1683,White,5.96,0.22,0.28,1.08,0.035,41.0,123.5,0.9903,2.9,0.49,13.15,7
1684,White,7.68,0.26,0.24,13.12,0.033,40.8,118.3,0.9942,2.97,0.49,11.92,6
1685,White,7.13,0.43,0.24,0.6,0.071,25.8,117.7,0.9989,3.18,0.52,10.3,6
1686,White,7.51,0.36,0.55,2.67,0.017,24.8,116.9,0.9947,2.97,0.71,11.92,8
1687,White,6.66,0.46,0.3,4.57,0.061,56.1,99.4,0.9924,3.1,0.45,11.54,6
1688,White,6.93,0.29,0.36,1.98,0.047,48.7,124.4,0.9952,3.17,0.37,12.53,6
1689,White,5.2,0.29,0.28,5.29,0.074,25.6,90.3,0.9928,3.25,0.41,12.63,7
1690,White,6.66,0.17,0.51,14.86,0.034,21.6,154.6,0.993,2.76,0.46,11.69,5
1691,White,6.02,0.26,0.39,0.6,0.023,16.7,149.2,1.0001,3.08,0.58,12.34,5
1692,White,6.91,0.27,0.1,3.08,0.055,28.0,166.4,0.9948,3.27,0.42,11.74,6
1693,White,7.38,0.17,0.29,8.41,0.039,55.3,83.8,0.9986,3.43,0.37,10.58,5
1694,White,6.51,0.35,0.35,5.81,0.039,46.3,107.1,0.9992,3.3,0.48,12.49,6
1695,White,5.86,0.11,0.35,0.6,0.047,39.6,179.2,0.9933,3.08,0.31,11.1,5
1696,White,7.08,0.25,0.48,21.61,0.047,25.4,203.5,0.9921,3.29,0.53,12.54,7
1697,White,5.72,0.44,0.4,3.72,0.016,63.8,125.2,0.995,3.28,0.64,11.36,5
1698,White,8.82,0.32,0.45,2.02,0.073,33.3,167.5,0.9919,3.09,0.59,11.07,4
1699,White,7.51,0.44,0.3,0.6,0.041,37.4,104.1,0.9996,3.28,0.51,11.4,6
1700,White,6.98,0.48,0.21,6.85,0.034,40.1,118.1,0.993,3.4,0.62,12.01,7
1701,White,7.6,0.29,0.22,0.6,0.013,33.2,149.6,0.9982,2.78,0.35,10.8,6
1702,White,6.84,0.32,0.22,9.63,0.031,15.7,199.7,0.9916,3.17,0.44,12.66,7
1703,White,6.9,0.21,0.43,12.81,0.043,36.1,218.8,0.9963,3.34,0.47,12.58,6
1704,White,6.75,0.24,0.26,11.57,0.018,27.9,169.3,0.9962,3.44,0.28,11.26,5
1705,White,7.64,0.21,0.29,8.89,0.033,24.0,148.7,0.9913,3.44,0.53,10.15,7
1706,White,6.76,0.41,0.25,2.0,0.083,11.8,63.1,0.9944,2.93,0.55,11.84,6
1707,White,6.27,0.36,0.3,11.26,0.081,71.1,169.1,0.9983,2.99,0.62,11.25,7
1708,White,6.94,0.32,0.41,2.47,0.03,24.0,170.8,0.9987,3.13,0.68,11.99,5
1709,White,7.3,0.18,0.42,5.94,0.032,25.5,118.9,0.993,3.29,0.49,10.7,5
1710,White,6.35,0.21,0.31,6.69,0.009,70.0,226.4,0.9907,3.21,0.88,12.07,6
1711,White,5.94,0.18,0.2,6.4,0.048,24.2,233.5,0.9926,3.05,0.61,11.54,6
1712,White,5.7,0.32,0.29,3.57,0.009,39.1,137.3,0.992,3.5,0.59,10.85,5
1713,White,7.01,0.2,0.37,17.38,0.044,44.2,115.6,0.9969,2.94,0.31,10.86,6
1714,White,7.3,0.28,0.36,7.38,0.009,46.6,120.8,0.9889,3.24,0.34,9.96,6
1715,White,7.27,0.28,0.44,2.04,0.072,24.0,61.0,0.9892,3.0,0.41,11.83,6
1716,White,7.57,0.21,0.42,10.57,0.059,33.6,107.5,0.9961,3.32,0.43,12.08,6
1717,White,5.85,0.23,0.21,0.6,0.037,31.7,215.7,0.9955,3.23,0.35,12.0,7
1718,White,5.83,0.3,0.2,12.47,0.015,42.6,208.9,0.9972,3.09,0.3,10.9,5
1719,White,7.8,0.3,0.21,0.79,0.033,7.3,139.8,0.9949,3.39,0.52,12.17,6
1720,White,6.13,0.37,0.11,16.97,0.01,68.3,204.6,0.9951,2.96,0.41,10.3,5
1721,White,6.67,0.37,0.42,13.76,0.06,40.5,132.7,0.9928,3.1,0.4,11.58,7
1722,White,7.75,0.34,0.24,13.16,0.028,46.5,38.4,0.9926,3.08,0.45,11.04,5
1723,White,7.13,0.2,0.42,7.71,0.067,31.2,135.9,0.9984,3.33,0.46,10.82,6
1724,White,7.63,0.33,0.33,0.6,0.043,5.2,80.1,0.9919,3.14,0.69,11.71,6
1725,White,5.09,0.23,0.34,9.26,0.034,16.9,118.1,0.9949,3.03,0.82,11.41,6
1726,White,6.24,0.21,0.39,12.38,0.066,25.6,94.4,0.9985,3.29,0.5,11.28,6
1727,White,6.01,0.27,0.25,11.17,0.039,51.4,173.4,0.9935,3.35,0.55,10.36,5
1728,White,6.11,0.36,0.19,4.84,0.068,23.3,177.1,0.9947,3.18,0.37,12.01,6
1729,White,7.95,0.26,0.36,1.61,0.035,62.5,88.5,0.9896,3.23,0.68,11.73,6
1730,White,7.62,0.29,0.37,11.1,0.076,15.1,76.7,0.995,3.3,0.61,10.08,7
1731,White,6.89,0.35,0.34,11.19,0.058,8.5,134.9,0.9955,3.13,0.39,11.98,7
1732,White,6.2,0.45,0.32,5.09,0.023,19.0,78.4,0.9909,3.32,0.59,10.18,6
1733,White,7.7,0.32,0.33,0.6,0.051,39.3,200.1,0.9965,3.25,0.65,10.27,6
1734,White,5.63,0.26,0.29,8.32,0.02,60.8,132.6,0.9934,3.28,0.22,11.26,6
1735,White,6.02,0.38,0.38,4.87,0.048,60.9,191.4,0.9942,3.17,0.53,10.68,7
1736,White,4.55,0.33,0.48,11.39,0.05,69.1,163.9,0.9985,3.0,0.5,10.2,6
1737,White,4.83,0.16,0.31,5.39,0.067,77.4,188.2,0.9886,3.23,0.46,12.15,6
1738,White,6.73,0.15,0.31,3.98,0.044,48.4,169.2,0.9939,3.3,0.44,12.5,7
1739,White,6.0,0.26,0.27,7.11,0.022,30.7,122.5,0.9942,3.09,0.51,10.31,7
1740,White,7.61,0.14,0.31,3.62,0.028,48.2,55.6,0.9946,3.34,0.27,10.25,5
1741,White,5.92,0.23,0.17,12.98,0.051,58.4,143.4,0.9887,3.21,0.26,11.64,7
1742,White,8.26,0.16,0.52,13.05,0.044,51.9,138.0,0.9949,3.3,0.6,11.41,5
1743,White,6.49,0.37,0.25,12.09,0.053,71.2,132.4,0.9963,3.06,0.68,9.14,5
1744,White,7.15,0.5,0.37,6.54,0.066,30.0,90.7,0.9981,3.47,0.24,11.71,7
1745,White,7.25,0.15,0.41,8.44,0.061,30.4,99.3,0.9923,3.09,0.38,11.35,6
1746,White,7.13,0.27,0.41,8.49,0.021,37.2,97.3,0.9907,3.42,0.3,10.52,6
1747,White,6.06,0.12,0.35,3.03,0.024,21.1,147.8,0.9925,3.21,0.45,11.54,7
1748,White,7.08,0.24,0.29,5.53,0.059,60.8,208.8,0.9948,3.23,0.55,10.85,6
1749,White,8.36,0.4,0.28,0.6,0.046,26.1,95.2,0.9918,3.37,0.59,10.18,5
1750,White,6.32,0.23,0.4,0.6,0.009,38.9,158.4,0.9968,3.27,0.31,9.12,4
1751,White,5.31,0.12,0.11,10.32,0.025,26.8,74.2,0.9919,3.3,0.6,12.24,7
1752,White,7.09,0.2,0.17,2.98,0.057,53.0,142.7,0.9935,2.97,0.5,11.91,5
1753,White,7.35,0.37,0.22,0.6,0.031,18.4,130.3,0.9966,3.17,0.47,11.62,6
1754,White,6.65,0.37,0.21,0.6,0.036,55.4,180.6,0.9933,3.24,0.52,11.27,5
1755,White,6.05,0.31,0.31,5.03,0.063,45.6,137.4,0.9984,2.88,0.47,12.48,6
1756,White,6.17,0.3,0.41,14.66,0.043,26.5,152.1,0.9933,3.29,0.58,10.79,7
1757,White,7.76,0.24,0.09,3.51,0.037,25.0,180.0,0.9927,3.39,0.53,9.62,6
1758,White,5.84,0.38,0.13,0.77,0.094,44.6,203.5,0.9948,2.96,0.61,10.96,5
1759,White,7.75,0.26,0.33,2.13,0.091,29.8,215.2,0.9958,3.21,0.66,12.4,6
1760,White,7.79,0.19,0.39,9.37,0.078,50.7,90.6,0.9949,3.02,0.51,10.82,5
1761,White,5.39,0.28,0.43,3.62,0.018,10.0,191.1,0.9962,2.75,0.3,10.61,7
1762,White,5.77,0.31,0.36,7.61,0.055,20.0,79.9,0.9909,3.35,0.35,11.57,5
1763,White,6.86,0.34,0.47,3.63,0.057,48.0,167.9,0.9962,3.08,0.4,11.85,6
1764,White,7.09,0.24,0.36,13.58,0.027,52.9,147.5,0.9962,3.15,0.45,11.31,6
1765,White,6.35,0.4,0.36,4.89,0.017,70.2,98.9,0.9971,3.42,0.56,9.33,5
1766,White,7.64,0.27,0.35,0.68,0.091,51.1,144.6,0.9976,3.32,0.5,11.62,5
1767,White,8.36,0.29,0.33,11.1,0.054,8.3,140.7,0.9942,3.03,0.71,11.13,7
1768,White,8.0,0.39,0.17,0.6,0.051,44.7,188.7,0.9981,2.81,0.45,11.34,5
1769,White,5.35,0.13,0.32,11.33,0.061,55.9,129.9,0.9959,3.09,0.54,11.03,5
1770,White,7.89,0.16,0.37,5.45,0.057,74.3,116.4,0.9928,3.11,0.43,11.98,7
1771,White,7.95,0.48,0.27,8.2,0.082,25.0,177.2,0.9936,2.98,0.59,10.2,5
1772,White,6.99,0.39,0.31,11.0,0.024,34.7,174.6,0.9899,3.22,0.42,12.38,8
1773,White,6.79,0.35,0.42,7.98,0.019,38.8,163.9,0.9965,3.03,0.4,9.82,4
1774,White,7.09,0.24,0.42,11.02,0.031,36.4,50.4,0.9947,3.03,0.54,11.66,6
1775,White,5.93,0.28,0.39,6.11,0.043,35.1,121.7,0.9884,3.08,0.71,11.33,8
1776,White,6.85,0.27,0.12,9.52,0.053,22.1,130.6,1.0004,3.09,0.38,10.46,6
1777,White,6.59,0.12,0.46,10.93,0.08,39.3,85.6,0.9915,2.94,0.47,12.08,5
1778,White,7.13,0.22,0.36,8.13,0.027,50.9,210.9,0.9951,3.05,0.33,11.63,6
1779,White,5.69,0.23,0.44,9.45,0.019,49.8,171.2,0.9967,2.84,0.7,8.93,5
1780,White,7.31,0.13,0.36,15.73,0.026,62.4,174.0,0.9989,3.33,0.68,10.32,6
1781,White,7.64,0.23,0.54,8.01,0.067,48.5,133.5,0.9929,3.17,0.64,9.86,6
1782,White,5.84,0.21,0.23,16.73,0.009,52.7,187.8,0.9914,3.16,0.41,10.59,7
1783,White,5.78,0.26,0.37,4.25,0.049,46.8,92.9,0.9935,3.28,0.4,12.7,6
1784,White,8.54,0.37,0.43,4.87,0.064,26.7,143.4,0.9944,3.25,0.28,11.18,7
1785,White,6.79,0.29,0.34,7.3,0.029,26.2,69.6,0.9992,3.1,0.53,10.56,6
1786,White,6.65,0.33,0.03,15.79,0.058,52.6,77.9,1.0006,2.72,0.58,9.94,5
1787,White,6.9,0.25,0.46,17.33,0.062,18.9,168.7,0.989,3.4,0.3,10.14,5
1788,White,6.34,0.26,0.43,8.95,0.026,16.9,214.2,0.9959,3.41,0.59,11.22,7
1789,White,7.87,0.29,0.4,3.6,0.023,38.0,249.5,0.9983,3.18,0.68,10.47,6
1790,White,8.44,0.28,0.43,11.85,0.036,58.4,100.6,0.9963,3.13,0.22,11.85,6
1791,White,7.53,0.34,0.28,0.6,0.062,39.2,53.3,0.9957,3.14,0.51,14.2,7
1792,White,6.28,0.15,0.54,0.6,0.042,72.2,130.9,0.9954,3.25,0.59,10.14,6
1793,White,6.3,0.21,0.46,1.54,0.062,40.2,111.6,0.9941,3.26,0.54,11.32,4
1794,White,6.7,0.23,0.35,4.42,0.022,52.7,144.2,0.9878,3.01,0.55,10.98,6
1795,White,7.46,0.22,0.44,3.78,0.062,24.0,125.6,0.9967,3.23,0.49,9.75,5
1796,White,6.11,0.35,0.42,7.41,0.045,29.2,163.2,0.9921,3.18,0.42,11.97,6
1797,White,7.71,0.38,0.42,0.6,0.073,17.1,122.9,0.9984,3.28,0.55,11.43,6
1798,White,7.73,0.26,0.28,4.56,0.049,5.6,180.9,0.995,3.28,0.58,11.15,6
1799,White,7.39,0.42,0.06,11.09,0.075,27.9,75.6,0.9982,3.12,0.6,9.92,5
1800,White,8.22,0.44,0.29,6.98,0.053,27.8,79.8,0.9943,3.45,0.41,11.15,7
1801,White,5.9,0.11,0.3,4.38,0.065,67.2,156.0,0.9971,3.16,0.52,11.71,5
1802,White,8.25,0.21,0.29,6.99,0.062,24.5,87.6,0.9911,3.19,0.58,10.32,6
1803,White,7.37,0.19,0.4,12.84,0.029,33.3,104.2,0.9935,3.39,0.51,11.14,5
1804,White,6.65,0.54,0.53,8.91,0.044,45.7,113.7,0.9922,3.16,0.62,11.02,6
1805,White,8.58,0.45,0.15,10.48,0.078,48.6,135.8,0.996,3.14,0.38,12.28,5
1806,White,7.36,0.2,0.41,2.6,0.036,29.2,157.3,0.9926,3.25,0.47,11.12,6
1807,White,7.03,0.35,0.55,9.79,0.026,45.0,42.0,0.9916,3.14,0.43,11.69,7
1808,White,6.85,0.22,0.42,5.34,0.028,30.0,137.5,0.9941,3.4,0.43,11.75,7
1809,White,6.07,0.09,0.0,0.6,0.032,43.4,172.3,0.9936,3.2,0.36,9.88,7
1810,White,6.13,0.2,0.41,6.84,0.011,34.7,139.6,0.9984,3.22,0.42,10.88,6
1811,White,6.42,0.18,0.17,9.49,0.027,33.3,202.4,0.9999,2.96,0.55,10.41,6
1812,White,6.14,0.33,0.24,12.27,0.026,34.0,128.3,0.9975,3.14,0.66,11.0,6
1813,White,7.32,0.24,0.18,0.6,0.038,39.4,102.2,0.9923,3.09,0.33,10.7,6
1814,White,5.74,0.46,0.29,6.56,0.009,25.1,98.3,0.9917,3.31,0.5,11.26,7
1815,White,7.43,0.21,0.37,4.58,0.052,11.2,127.0,0.9964,3.41,0.52,10.09,6
1816,White,8.59,0.22,0.31,1.43,0.035,17.4,122.6,0.9954,3.16,0.24,11.04,4
1817,White,6.64,0.4,0.3,5.33,0.034,36.3,63.2,0.9945,3.0,0.53,9.82,5
1818,White,6.52,0.43,0.63,3.96,0.063,2.0,173.7,0.9969,2.89,0.55,11.7,5
1819,White,6.67,0.4,0.36,14.25,0.076,30.0,177.7,0.9927,3.4,0.61,10.69,6
1820,White,6.93,0.32,0.17,13.33,0.041,34.9,133.8,0.9903,3.22,0.49,9.79,6
1821,White,6.31,0.35,0.23,0.6,0.04,40.5,152.9,0.9931,3.19,0.66,9.82,5
1822,White,6.4,0.26,0.42,12.34,0.049,30.8,91.3,0.9945,3.3,0.57,12.33,7
1823,White,7.29,0.32,0.27,5.04,0.048,66.3,187.0,0.9909,3.17,0.29,11.62,6
1824,White,7.4,0.08,0.36,9.22,0.053,45.6,222.9,0.9915,2.92,0.57,10.71,5
1825,White,4.85,0.16,0.37,4.28,0.072,33.2,140.7,0.993,3.05,0.59,12.58,7
1826,White,7.77,0.29,0.25,3.51,0.081,31.6,146.9,0.9905,3.43,0.29,11.3,5
1827,White,6.81,0.24,0.31,11.9,0.009,21.2,100.4,0.9999,3.18,0.33,11.84,4
1828,White,7.79,0.26,0.34,1.67,0.043,29.7,146.9,0.9927,3.25,0.42,12.3,7
1829,White,6.91,0.13,0.35,3.0,0.052,44.8,126.6,0.9921,3.31,0.4,13.0,6
1830,White,7.87,0.32,0.45,2.89,0.099,28.4,167.7,0.9941,3.09,0.6,11.84,6
1831,White,6.48,0.3,0.35,10.49,0.066,21.1,141.4,0.9918,3.25,0.59,11.27,5
1832,White,6.84,0.16,0.22,19.22,0.041,46.3,85.2,0.9922,3.14,0.31,11.84,7
1833,White,6.72,0.29,0.29,20.48,0.052,9.9,122.7,0.9964,3.31,0.37,9.84,4
1834,White,7.67,0.41,0.43,11.09,0.033,16.9,126.7,0.9986,3.21,0.22,11.1,5
1835,White,7.81,0.3,0.36,7.42,0.031,51.4,189.8,0.995,3.13,0.64,11.33,6
1836,White,6.23,0.25,0.35,13.25,0.036,31.0,160.4,0.9976,3.32,0.5,10.51,5
1837,White,7.78,0.3,0.29,6.44,0.035,29.5,113.2,0.9904,3.22,0.45,10.48,5
1838,White,8.25,0.42,0.36,12.45,0.031,29.2,155.3,1.0002,3.08,0.38,11.17,7
1839,White,8.02,0.33,0.56,9.23,0.025,33.7,176.2,0.9968,3.46,0.55,10.78,6
1840,White,7.57,0.43,0.37,4.12,0.056,44.4,196.2,0.9935,2.96,0.61,12.32,6
1841,White,6.93,0.21,0.25,2.77,0.044,57.6,192.7,0.9935,3.14,0.52,11.45,6
1842,White,7.41,0.17,0.26,0.6,0.039,2.0,146.4,0.9965,3.21,0.57,11.1,8
1843,White,6.08,0.23,0.37,0.99,0.039,45.1,125.0,0.9943,3.41,0.49,11.67,6
1844,White,7.78,0.25,0.36,2.37,0.047,64.5,147.5,0.9955,3.13,0.41,11.21,7
1845,White,7.14,0.3,0.27,1.14,0.01,30.7,97.3,0.9933,3.22,0.23,11.41,6
1846,White,5.99,0.36,0.18,12.83,0.038,21.1,147.1,0.9981,3.16,0.49,11.21,7
1847,White,4.97,0.26,0.39,10.28,0.068,11.8,223.8,0.998,3.01,0.61,12.27,5
1848,White,6.26,0.27,0.32,2.66,0.059,22.7,122.4,0.9903,3.54,0.62,11.11,5
1849,White,6.18,0.19,0.33,6.26,0.044,43.4,207.4,0.9939,3.17,0.3,11.63,6
1850,White,6.85,0.33,0.42,9.88,0.009,5.6,130.4,0.996,3.28,0.5,11.69,6
1851,White,6.64,0.15,0.16,8.79,0.063,70.1,191.0,0.99,2.97,0.41,10.72,6
1852,White,8.26,0.2,0.3,0.6,0.051,4.5,106.0,0.9945,3.21,0.43,12.79,8
1853,White,6.57,0.29,0.26,1.68,0.086,8.7,197.8,0.9943,3.15,0.57,11.25,6
1854,White,6.3,0.33,0.42,2.67,0.035,53.6,120.3,0.9941,3.29,0.4,12.12,7
1855,White,6.66,0.29,0.27,5.76,0.069,45.9,163.8,0.9933,2.99,0.61,11.95,6
1856,White,7.44,0.34,0.36,1.73,0.038,37.1,205.5,0.9919,2.94,0.52,9.27,5
1857,White,7.33,0.33,0.22,11.52,0.048,17.7,101.2,0.9893,2.83,0.53,10.11,5
1858,White,6.06,0.34,0.34,12.63,0.1,31.2,175.5,0.9922,3.14,0.6,10.8,5
1859,White,8.72,0.51,0.4,9.47,0.036,22.6,152.7,1.0003,3.44,0.44,11.39,5
1860,White,8.03,0.24,0.36,13.76,0.065,40.2,188.0,0.9942,3.19,0.49,10.94,6
1861,White,6.74,0.41,0.25,0.6,0.041,39.3,196.0,0.9905,3.39,0.52,8.87,5
1862,White,5.59,0.4,0.43,11.85,0.087,25.5,125.2,0.9914,3.09,0.64,13.93,8
1863,White,7.41,0.2,0.23,3.32,0.014,20.0,106.3,0.9924,2.78,0.71,12.37,6
1864,White,7.42,0.41,0.27,11.26,0.017,64.8,150.9,0.9914,3.19,0.52,12.23,5
1865,White,6.01,0.35,0.38,8.8,0.063,2.0,150.4,0.9877,3.27,0.43,11.86,7
1866,White,6.33,0.36,0.34,3.96,0.032,61.6,128.2,0.9875,3.14,0.68,11.02,8
1867,White,6.91,0.24,0.37,9.71,0.014,26.5,140.4,0.9968,3.29,0.51,11.96,6
1868,White,5.97,0.29,0.46,15.45,0.056,19.6,144.0,0.9977,3.28,0.42,12.01,6
1869,White,7.22,0.19,0.45,5.95,0.041,53.7,99.7,0.9979,3.02,0.48,11.79,6
1870,White,8.39,0.43,0.15,3.83,0.058,40.3,133.5,0.9947,3.12,0.43,11.25,6
1871,White,6.04,0.48,0.06,0.6,0.044,35.6,99.7,0.9947,3.19,0.62,10.22,6
1872,White,6.67,0.23,0.32,5.6,0.079,57.1,105.1,0.9927,3.13,0.48,11.26,6
1873,White,6.2,0.35,0.49,10.18,0.012,38.2,213.4,0.9934,3.06,0.7,11.95,7
1874,White,7.7,0.22,0.2,5.85,0.027,19.5,137.0,0.9962,3.06,0.43,12.35,5
1875,White,6.58,0.36,0.32,5.06,0.032,42.3,182.4,0.9952,3.2,0.53,10.03,6
1876,White,8.81,0.13,0.37,5.13,0.058,10.8,122.1,0.9991,3.14,0.52,12.31,7
1877,White,7.48,0.35,0.29,13.74,0.047,27.5,135.1,0.9935,2.93,0.43,10.74,6
1878,White,7.13,0.31,0.54,8.8,0.024,52.0,99.9,0.9914,3.47,0.36,9.04,5
1879,White,7.35,0.08,0.29,14.06,0.012,46.0,113.2,0.9924,3.39,0.36,11.51,6
1880,White,6.8,0.29,0.32,6.46,0.051,32.8,179.9,0.9966,3.29,0.34,10.44,6
1881,White,7.42,0.41,0.36,3.8,0.015,28.4,128.3,0.9935,2.89,0.6,12.24,6
1882,White,6.53,0.37,0.38,8.63,0.086,49.7,141.2,0.9974,3.01,0.63,10.29,4
1883,White,6.94,0.31,0.42,2.08,0.033,14.0,185.0,0.9921,2.99,0.44,12.85,5
1884,White,7.66,0.29,0.17,0.6,0.028,24.0,114.7,0.9934,2.93,0.68,9.63,5
1885,White,7.8,0.31,0.36,3.08,0.084,37.4,142.0,0.9924,3.24,0.4,11.18,6
1886,White,8.55,0.4,0.2,8.23,0.028,23.5,39.8,0.993,3.29,0.38,10.6,6
1887,White,8.09,0.3,0.3,5.24,0.026,16.4,111.1,0.9944,3.09,0.46,11.18,7
1888,White,7.24,0.37,0.4,0.93,0.067,43.4,131.8,0.9983,3.11,0.31,12.2,6
1889,White,6.99,0.27,0.37,5.33,0.022,17.2,188.4,0.9931,3.24,0.48,11.77,6
1890,White,7.25,0.15,0.47,10.2,0.019,36.0,156.8,0.9967,3.36,0.41,11.16,6
1891,White,6.35,0.34,0.36,6.97,0.019,52.2,83.6,0.9898,2.92,0.38,10.82,6
1892,White,6.76,0.42,0.4,11.4,0.062,11.6,132.1,0.9937,3.26,0.46,11.6,7
1893,White,7.42,0.3,0.27,2.71,0.063,57.9,94.3,0.9973,3.11,0.43,11.2,6
1894,White,7.36,0.2,0.23,3.61,0.048,25.2,149.1,0.99,3.07,0.37,10.3,7
1895,White,5.55,0.45,0.27,3.63,0.047,46.0,255.0,0.9947,3.14,0.25,10.13,6
1896,White,7.01,0.22,0.4,6.03,0.035,42.9,136.0,0.9965,3.3,0.24,11.74,6
1897,White,5.82,0.2,0.24,10.47,0.009,23.5,74.7,0.9944,3.28,0.6,10.63,6
1898,White,8.18,0.46,0.4,1.73,0.064,52.0,128.3,0.9946,3.06,0.41,11.18,5
1899,White,5.72,0.17,0.19,3.21,0.029,66.8,113.6,0.9993,3.1,0.41,10.37,6
1900,White,6.58,0.16,0.33,9.34,0.082,38.2,196.3,0.9888,3.07,0.35,11.26,6
1901,White,7.5,0.23,0.36,6.68,0.055,40.2,109.6,0.993,3.1,0.37,11.27,5
1902,White,5.52,0.46,0.35,3.06,0.042,58.2,181.9,0.9955,3.16,0.45,13.01,7
1903,White,6.3,0.34,0.35,2.81,0.038,30.8,87.5,1.0007,3.13,0.52,10.99,6
1904,White,7.4,0.38,0.08,16.2,0.057,10.9,88.7,0.9944,3.22,0.53,10.21,5
1905,White,7.49,0.32,0.46,15.18,0.052,46.9,154.9,0.9965,3.1,0.52,11.86,6
1906,White,7.36,0.29,0.22,10.98,0.069,37.9,167.8,0.9883,3.19,0.31,12.85,7
1907,White,6.73,0.3,0.32,5.56,0.054,12.0,105.4,0.9983,3.32,0.4,11.28,5
1908,White,7.4,0.34,0.51,5.64,0.037,23.7,107.2,0.9978,3.23,0.55,11.79,6
1909,White,7.64,0.35,0.46,12.34,0.05,29.9,100.9,0.9948,3.05,0.5,12.4,8
1910,White,5.64,0.32,0.22,3.75,0.032,33.7,187.7,1.0003,3.01,0.42,11.15,5
1911,White,6.97,0.37,0.29,8.53,0.041,28.6,170.0,0.9963,3.27,0.58,12.46,6
1912,White,7.1,0.35,0.4,2.91,0.069,34.7,108.5,0.9945,2.96,0.63,11.74,6
1913,White,6.67,0.36,0.36,2.63,0.016,28.0,131.4,0.99,3.14,0.6,10.21,5
1914,White,7.41,0.44,0.39,5.49,0.013,11.3,174.2,0.9979,3.08,0.43,11.09,5
1915,White,7.54,0.19,0.42,2.42,0.103,16.5,205.2,0.9886,2.89,0.64,10.93,5
1916,White,6.58,0.15,0.22,0.6,0.018,57.3,139.8,0.992,3.25,0.27,10.68,6
1917,White,7.4,0.45,0.39,5.56,0.052,44.7,160.7,0.993,3.21,0.4,12.02,7
1918,White,6.85,0.4,0.32,5.7,0.038,19.2,218.8,0.9976,3.24,0.42,12.33,7
1919,White,6.24,0.42,0.72,7.5,0.034,3.2,154.2,0.9929,3.38,0.5,11.39,7
1920,White,6.64,0.28,0.28,10.84,0.119,21.9,155.0,0.9971,3.09,0.63,9.64,6
1921,White,7.44,0.39,0.42,6.08,0.057,11.0,128.3,0.9967,3.39,0.43,10.38,6
1922,White,7.35,0.32,0.4,15.98,0.038,6.8,162.8,0.9941,3.18,0.37,10.97,4
1923,White,6.23,0.25,0.34,0.6,0.051,34.2,177.0,0.99,3.44,0.66,11.24,6
1924,White,6.39,0.16,0.16,13.51,0.03,6.0,109.4,0.9957,3.28,0.46,10.28,5
1925,White,7.04,0.41,0.22,1.34,0.056,43.7,102.4,0.9952,3.28,0.41,10.66,5
1926,White,6.7,0.34,0.19,9.61,0.052,54.3,203.5,0.9945,3.13,0.45,10.3,4
1927,White,6.47,0.29,0.21,10.97,0.011,47.8,153.4,0.9953,3.04,0.33,8.97,6
1928,White,7.29,0.3,0.2,2.17,0.038,27.1,176.2,0.9924,3.29,0.94,10.89,5
1929,White,6.06,0.21,0.26,3.81,0.02,48.7,179.9,0.9959,3.13,0.49,11.98,6
1930,White,6.2,0.39,0.42,5.39,0.029,30.5,186.5,0.9899,3.08,0.61,11.38,5
1931,White,7.62,0.18,0.33,13.46,0.042,21.8,204.1,0.9936,3.18,0.42,11.83,5
1932,White,6.67,0.22,0.47,11.85,0.067,52.7,124.0,0.9968,3.24,0.41,12.58,7
1933,White,6.94,0.33,0.24,4.86,0.024,22.0,154.9,0.9939,2.97,0.5,10.94,5
1934,White,6.18,0.2,0.25,0.6,0.019,32.6,148.4,0.99,3.04,0.48,11.05,7
1935,White,8.22,0.39,0.05,5.46,0.009,22.4,62.1,0.9924,3.06,0.53,9.82,7
1936,White,6.78,0.28,0.57,1.5,0.031,32.4,163.0,0.99,3.47,0.42,13.21,7
1937,White,5.8,0.16,0.44,13.91,0.018,32.8,185.4,0.9917,3.43,0.44,10.32,6
1938,White,7.52,0.35,0.3,10.51,0.056,55.0,187.2,0.9925,3.25,0.66,9.11,5
1939,White,6.45,0.43,0.21,11.87,0.036,44.1,238.2,0.9975,3.31,0.22,10.48,5
1940,White,5.94,0.13,0.14,8.61,0.052,62.4,152.1,0.9968,3.17,0.46,12.0,6
1941,White,5.26,0.29,0.5,2.6,0.009,27.8,59.2,0.9976,3.16,0.61,11.01,6
1942,White,6.78,0.3,0.27,6.69,0.055,66.9,65.7,0.9919,3.19,0.41,12.34,5
1943,White,5.77,0.09,0.35,5.89,0.029,18.7,120.2,0.9957,3.21,0.37,11.79,6
1944,White,6.52,0.27,0.2,0.6,0.027,47.0,87.0,0.9918,3.01,0.48,10.24,6
1945,White,7.77,0.08,0.24,4.72,0.045,24.7,82.4,0.9961,3.36,0.64,11.37,6
1946,White,7.18,0.28,0.28,7.77,0.042,34.3,160.0,0.9911,3.11,0.57,11.56,6
1947,White,6.0,0.5,0.34,9.51,0.032,17.8,81.0,0.9928,3.45,0.54,12.08,6
1948,White,7.34,0.34,0.37,4.64,0.05,39.6,123.3,0.9962,3.27,0.6,10.41,5
1949,White,7.52,0.31,0.18,4.17,0.064,18.0,100.8,1.0001,3.02,0.28,12.96,6
1950,White,6.13,0.21,0.18,5.79,0.034,20.9,177.4,0.9952,3.2,0.69,9.84,5
1951,White,6.33,0.26,0.22,13.67,0.019,38.0,183.8,0.9937,3.27,0.49,8.92,6
1952,White,7.03,0.29,0.18,3.12,0.034,25.1,111.8,0.9951,2.88,0.59,11.41,6
1953,White,7.22,0.29,0.34,6.57,0.017,2.0,9.0,0.9968,3.18,0.49,12.39,6
1954,White,5.9,0.27,0.34,2.93,0.029,19.2,221.0,0.9948,3.02,0.54,9.47,5
1955,White,7.28,0.33,0.12,4.98,0.009,38.6,149.6,0.9935,3.07,0.6,9.67,6
1956,White,7.27,0.17,0.22,14.87,0.012,18.6,115.7,0.9966,3.2,0.38,12.02,6
1957,White,7.16,0.32,0.27,0.66,0.084,44.4,140.7,0.9918,2.72,0.71,10.49,5
1958,White,8.25,0.37,0.5,0.6,0.023,12.9,102.1,0.9957,3.27,0.62,12.84,7
1959,White,5.96,0.08,0.46,4.32,0.066,10.2,161.5,0.9952,3.34,0.39,10.92,5
1960,White,5.61,0.26,0.44,9.68,0.017,13.7,113.2,0.9887,3.38,0.65,8.94,6
1961,White,4.98,0.3,0.32,3.21,0.04,27.9,222.2,0.9941,2.89,0.5,10.63,7
1962,White,8.3,0.41,0.21,3.99,0.047,23.2,150.0,0.9942,3.15,0.47,10.03,6
1963,White,6.51,0.39,0.36,3.97,0.02,39.7,225.8,0.9961,3.13,0.38,10.1,5
1964,White,7.08,0.08,0.2,0.6,0.009,37.5,192.8,0.9913,3.26,0.63,11.23,5
1965,White,7.57,0.1,0.3,7.78,0.031,40.6,163.7,0.9918,3.2,0.48,12.51,8
1966,White,6.59,0.34,0.4,7.39,0.041,10.1,212.7,0.9954,3.08,0.36,11.64,6
1967,White,7.34,0.09,0.36,12.68,0.053,29.6,132.9,0.9923,3.15,0.56,10.94,4
1968,White,6.81,0.24,0.52,6.55,0.009,73.6,141.5,0.9955,3.34,0.42,11.41,6
1969,White,7.03,0.21,0.16,7.51,0.04,44.3,74.6,0.9968,3.21,0.53,10.88,6
1970,White,6.66,0.33,0.37,5.54,0.028,59.0,121.8,0.9937,3.22,0.43,10.12,6
1971,White,4.52,0.36,0.37,11.45,0.015,32.4,92.4,0.9937,2.97,0.48,8.34,4
1972,White,6.11,0.28,0.34,3.94,0.064,12.4,145.0,0.9941,3.27,0.42,11.84,6
1973,White,8.37,0.33,0.56,6.94,0.015,47.4,171.6,0.9894,3.37,0.58,11.25,5
1974,White,5.88,0.32,0.49,8.49,0.021,34.6,107.6,0.9911,3.14,0.47,10.58,5
1975,White,6.26,0.2,0.28,13.21,0.049,48.6,145.2,0.9915,3.17,0.58,9.42,6
1976,White,6.91,0.23,0.48,6.46,0.074,31.8,102.7,1.0002,3.21,0.68,10.88,4
1977,White,6.14,0.11,0.44,0.6,0.055,42.4,119.8,0.9938,2.99,0.54,11.2,5
1978,White,7.82,0.27,0.25,7.59,0.041,33.5,149.6,0.9951,3.1,0.4,10.45,4
1979,White,5.34,0.08,0.1,6.41,0.026,40.8,110.9,0.9961,3.5,0.42,13.36,7
1980,White,7.01,0.46,0.32,5.83,0.069,34.3,209.8,0.993,3.06,0.46,11.03,4
1981,White,7.07,0.4,0.39,4.59,0.047,32.6,136.2,0.9933,3.24,0.7,9.53,5
1982,White,6.75,0.26,0.3,3.75,0.057,62.7,180.0,0.9999,3.31,0.63,14.2,6
1983,White,6.94,0.21,0.32,0.6,0.085,53.5,158.0,0.9959,3.33,0.49,11.7,7
1984,White,6.47,0.33,0.49,0.6,0.049,20.1,175.8,0.9924,3.28,0.44,9.37,5
1985,White,7.42,0.27,0.21,5.96,0.086,38.7,258.9,0.9942,3.23,0.36,9.53,6
1986,White,6.48,0.14,0.36,3.76,0.041,27.3,179.4,0.9958,3.43,0.35,11.55,6
1987,White,5.81,0.24,0.29,11.33,0.009,50.3,163.0,0.9907,3.37,0.42,14.16,8
1988,White,5.79,0.47,0.2,3.78,0.009,22.3,148.4,0.9972,3.35,0.64,11.08,6
1989,White,5.29,0.33,0.34,9.37,0.066,43.8,135.5,0.995,3.14,0.36,11.45,6
1990,White,9.22,0.19,0.53,13.16,0.076,18.3,85.1,0.9895,3.31,0.54,9.44,5
1991,White,7.22,0.14,0.41,2.29,0.029,56.4,140.7,0.9977,2.83,0.43,10.89,6
1992,White,5.47,0.24,0.49,8.16,0.07,8.8,129.4,0.9959,3.19,0.49,13.31,6
1993,White,7.47,0.21,0.29,7.62,0.014,39.3,101.8,0.9938,3.17,0.32,10.27,5
1994,White,6.45,0.26,0.24,11.56,0.032,55.1,107.4,0.9957,3.3,0.36,12.07,7
1995,White,6.26,0.15,0.46,0.61,0.009,47.2,89.7,0.9948,3.07,0.48,9.76,6
1996,White,5.0,0.39,0.25,4.94,0.017,34.7,108.4,0.9965,3.05,0.66,11.99,5
1997,White,8.71,0.15,0.33,8.7,0.06,20.9,198.0,0.9893,3.29,0.55,11.17,7
1998,White,6.92,0.27,0.09,15.08,0.009,33.1,162.3,0.991,3.06,0.62,13.02,6
1999,White,6.86,0.46,0.33,11.65,0.035,33.4,111.7,0.9899,3.3,0.53,10.71,5
2000,White,6.31,0.29,0.27,12.8,0.034,24.1,135.3,0.9959,3.04,0.57,10.66,5
2001,White,7.73,0.39,0.13,3.86,0.029,25.6,76.2,0.9935,2.97,0.44,11.11,6
2002,White,8.19,0.16,0.12,11.38,0.072,29.8,172.0,0.9925,3.15,0.29,10.73,7
2003,White,7.16,0.25,0.44,7.22,0.051,31.4,100.2,0.9904,3.28,0.25,12.07,7
2004,White,6.85,0.31,0.35,4.99,0.06,22.2,160.4,0.9886,3.26,0.61,11.25,6
2005,White,7.18,0.26,0.32,9.18,0.043,52.3,197.4,0.9899,3.32,0.58,11.97,5
2006,White,6.68,0.19,0.34,11.14,0.069,53.3,141.9,0.9907,3.48,0.54,10.04,6
2007,White,7.5,0.37,0.24,0.9,0.043,11.1,55.0,0.9937,3.12,0.37,10.9,6
2008,White,7.31,0.46,0.12,7.28,0.039,34.2,162.7,0.9934,3.17,0.47,11.09,6
2009,White,6.79,0.18,0.08,0.6,0.03,14.7,133.0,0.995,3.16,0.34,10.31,4
2010,White,5.06,0.28,0.5,6.49,0.07,40.5,197.5,0.9938,3.17,0.65,9.3,5
2011,White,7.72,0.42,0.14,5.26,0.032,40.2,163.7,0.9966,3.13,0.48,11.94,6
2012,White,6.55,0.32,0.5,16.11,0.054,36.0,151.1,0.9912,3.05,0.43,11.08,5
2013,White,7.56,0.22,0.34,2.76,0.023,33.3,161.4,0.995,3.27,0.38,11.89,7
2014,White,6.43,0.47,0.41,9.74,0.009,34.1,58.5,0.9952,3.29,0.64,10.39,5
2015,White,7.27,0.18,0.32,5.73,0.014,61.4,126.2,0.9969,2.94,0.48,11.41,5
2016,White,6.85,0.2,0.32,2.85,0.049,34.1,160.4,0.991,3.23,0.56,11.82,5
2017,White,7.78,0.2,0.28,8.41,0.009,31.0,139.2,0.9957,3.38,0.64,12.2,6
2018,White,7.96,0.27,0.24,0.67,0.055,57.9,98.5,0.9948,3.17,0.58,12.26,6
2019,White,7.82,0.14,0.23,7.26,0.05,53.2,128.9,0.9919,3.12,0.51,11.69,7
2020,White,8.25,0.39,0.21,3.55,0.044,11.0,148.5,0.992,2.75,0.43,11.86,6
2021,White,6.8,0.31,0.09,1.89,0.025,9.0,119.5,0.992,3.18,0.43,11.22,5
2022,White,5.87,0.26,0.44,0.6,0.009,60.1,142.6,1.0004,3.2,0.32,11.68,6
2023,White,6.5,0.24,0.16,6.07,0.05,48.9,146.9,0.9981,3.51,0.39,11.43,6
2024,White,6.81,0.33,0.33,7.27,0.013,35.5,120.7,0.9941,3.38,0.65,12.93,7
2025,White,7.39,0.33,0.38,0.6,0.024,19.5,86.2,0.9921,3.12,0.49,10.84,5
2026,White,8.36,0.17,0.27,4.9,0.039,27.7,125.3,0.9928,3.16,0.6,11.56,5
2027,White,7.07,0.24,0.24,8.13,0.077,65.7,165.2,0.9944,3.14,0.61,10.16,6
2028,White,6.74,0.39,0.43,7.41,0.042,31.9,188.0,0.9965,3.11,0.49,11.2,6
2029,White,6.94,0.39,0.32,14.35,0.065,45.5,171.4,0.9969,3.4,0.49,11.61,6
2030,White,7.01,0.25,0.15,10.4,0.034,63.8,210.0,0.9941,3.12,0.42,11.97,6
2031,White,7.06,0.14,0.34,8.21,0.07,35.7,108.5,0.9962,3.04,0.51,11.78,6
2032,White,8.15,0.33,0.43,0.6,0.059,27.8,75.3,0.9923,3.09,0.58,11.89,5
2033,White,6.29,0.45,0.37,6.87,0.029,53.1,70.0,0.9911,3.17,0.32,11.79,5
2034,White,6.65,0.42,0.35,5.02,0.047,43.7,126.9,1.0002,3.08,0.27,10.08,5
2035,White,4.68,0.32,0.3,10.34,0.015,37.6,102.6,0.9957,3.02,0.35,10.41,6
2036,White,7.0,0.19,0.44,6.95,0.039,22.4,132.6,0.9932,3.33,0.5,10.49,6
2037,White,8.02,0.22,0.71,9.76,0.009,64.6,123.8,0.9921,3.42,0.41,11.56,6
2038,White,7.19,0.37,0.54,1.61,0.026,44.4,210.1,0.9932,3.26,0.55,11.67,5
2039,White,5.56,0.26,0.24,6.5,0.034,32.8,180.1,0.9953,3.23,0.64,12.13,5
2040,White,5.02,0.29,0.2,9.74,0.071,26.6,92.4,0.9895,3.04,0.43,10.85,7
2041,White,7.34,0.23,0.31,0.66,0.011,59.8,146.4,0.9899,3.11,0.47,10.87,6
2042,White,5.7,0.19,0.36,0.6,0.093,51.5,184.9,0.9896,3.07,0.49,9.88,4
2043,White,7.49,0.09,0.61,3.45,0.052,21.6,157.1,0.9942,3.39,0.41,10.06,6
2044,White,6.12,0.43,0.27,10.98,0.059,11.1,164.6,0.995,3.04,0.6,9.12,4
2045,White,6.52,0.19,0.34,11.82,0.034,45.0,102.1,0.9951,3.47,0.49,9.96,6
2046,White,7.36,0.25,0.47,5.44,0.044,34.0,20.2,0.9919,3.74,0.41,11.34,6
2047,White,7.07,0.17,0.24,15.97,0.089,17.9,145.8,0.9975,3.17,0.52,12.17,6
2048,White,6.66,0.19,0.33,5.73,0.04,53.1,63.9,0.9944,3.33,0.49,9.64,5
2049,White,7.5,0.31,0.43,5.35,0.039,48.6,98.2,0.9962,2.95,0.51,10.8,7
2050,White,7.1,0.36,0.28,17.09,0.034,20.6,164.4,0.9919,3.23,0.22,9.85,5
2051,White,6.01,0.27,0.23,8.0,0.044,44.6,176.5,0.9979,3.11,0.57,12.09,7
2052,White,6.32,0.12,0.46,0.6,0.042,31.1,206.4,0.9916,3.05,0.52,10.67,6
2053,White,6.5,0.37,0.18,10.83,0.055,21.5,98.2,0.9945,3.02,0.51,10.48,6
2054,White,5.44,0.14,0.29,13.95,0.059,41.8,162.5,0.9944,3.15,0.22,12.29,8
2055,White,6.54,0.24,0.27,9.57,0.042,14.0,214.8,0.9986,2.98,0.39,11.76,6
2056,White,5.45,0.32,0.32,2.52,0.062,16.6,93.9,0.9958,3.25,0.44,10.7,5
2057,White,7.18,0.16,0.43,0.6,0.092,52.4,124.4,0.99,3.16,0.51,12.22,5
2058,White,7.23,0.34,0.37,9.2,0.095,52.0,88.0,0.9992,3.11,0.54,11.13,6
2059,White,6.46,0.16,0.41,5.96,0.047,19.1,141.8,0.9882,3.39,0.47,11.24,8
2060,White,8.63,0.29,0.4,13.64,0.063,48.8,150.5,0.9929,3.15,0.68,9.53,5
2061,White,7.15,0.29,0.19,0.6,0.046,31.1,198.3,0.9954,3.25,0.42,11.87,6
2062,White,7.43,0.26,0.29,5.49,0.074,31.2,101.9,0.999,3.12,0.4,12.37,8
2063,White,7.34,0.17,0.48,4.72,0.031,44.0,129.5,0.9959,3.24,0.52,12.17,7
2064,White,7.44,0.43,0.24,6.3,0.047,46.3,88.9,0.9937,3.2,0.42,10.85,6
2065,White,6.93,0.27,0.31,7.82,0.051,35.6,70.5,0.9957,3.49,0.5,11.22,4
2066,White,6.72,0.19,0.38,7.17,0.085,32.7,118.7,0.9981,2.94,0.46,9.59,6
2067,White,7.83,0.11,0.25,4.82,0.033,23.0,153.1,0.9903,3.06,0.54,9.72,5
2068,White,5.68,0.32,0.23,2.59,0.009,33.3,94.1,0.9913,2.97,0.64,11.46,5
2069,White,6.97,0.31,0.39,8.21,0.035,64.2,105.4,0.9944,3.15,0.65,11.31,6
2070,White,7.7,0.37,0.42,0.87,0.058,29.9,144.7,0.9885,3.29,0.52,9.0,5
2071,White,6.56,0.24,0.32,7.04,0.017,25.5,165.7,0.9936,3.5,0.6,11.13,5
2072,White,6.61,0.17,0.27,12.72,0.038,40.6,136.2,0.9923,3.24,0.36,11.76,8
2073,White,7.72,0.28,0.33,2.98,0.023,22.0,83.7,0.9856,3.22,0.58,11.0,5
2074,White,6.59,0.47,0.34,7.4,0.066,23.8,128.2,0.9915,3.19,0.48,11.46,5
2075,White,8.41,0.36,0.2,13.26,0.05,38.0,116.1,0.9961,3.09,0.43,12.59,7
2076,White,6.01,0.38,0.38,4.44,0.045,41.9,173.5,0.9943,3.22,0.43,11.51,5
2077,White,6.62,0.2,0.32,8.59,0.035,29.7,166.7,0.9899,3.34,0.43,10.53,5
2078,White,6.86,0.32,0.52,0.6,0.095,88.0,121.9,0.9948,3.19,0.44,9.94,5
2079,White,7.28,0.3,0.14,7.18,0.058,23.8,129.9,0.9951,2.89,0.36,10.82,6
2080,White,5.94,0.15,0.24,4.47,0.072,19.1,140.1,0.9932,3.02,0.53,10.39,5
2081,White,6.8,0.14,0.26,3.32,0.058,42.3,88.7,0.999,3.43,0.61,12.05,6
2082,White,6.64,0.24,0.47,3.88,0.009,65.4,89.7,0.9902,3.44,0.5,11.94,5
2083,White,5.54,0.27,0.16,4.3,0.026,40.1,159.7,0.9888,3.13,0.61,11.29,6
2084,White,7.26,0.22,0.37,8.26,0.05,45.8,160.5,0.9919,2.99,0.42,9.61,6
2085,White,7.32,0.3,0.53,12.6,0.081,36.4,161.5,0.9943,3.11,0.31,11.34,7
2086,White,7.58,0.08,0.32,18.95,0.043,39.9,169.7,0.9938,3.26,0.62,13.59,7
2087,White,6.75,0.3,0.35,6.08,0.046,29.7,123.1,0.9932,3.1,0.35,11.5,6
2088,White,7.51,0.36,0.27,6.9,0.047,19.9,219.5,0.9889,3.25,0.39,10.7,6
2089,White,7.87,0.27,0.23,4.01,0.034,50.6,187.0,0.9917,2.98,0.62,10.94,6
2090,White,6.44,0.14,0.24,1.57,0.028,29.8,137.9,0.9921,3.41,0.38,12.12,7
2091,White,5.99,0.24,0.51,4.99,0.067,21.5,182.1,0.9935,3.26,0.61,12.22,5
2092,White,7.77,0.23,0.33,1.12,0.022,23.4,92.0,0.9926,3.24,0.44,10.72,5
2093,White,7.64,0.29,0.44,4.24,0.04,16.8,186.4,0.9909,3.17,0.55,11.94,6
2094,White,7.27,0.37,0.23,6.04,0.072,42.8,171.1,0.9936,3.33,0.52,12.17,5
2095,White,7.7,0.26,0.42,15.11,0.07,22.2,182.8,0.9909,2.97,0.3,10.48,5
2096,White,6.69,0.22,0.42,5.27,0.042,16.1,71.8,0.9947,3.21,0.54,12.48,6
2097,White,7.32,0.08,0.53,10.3,0.072,25.2,229.3,0.9956,3.19,0.48,10.77,7
2098,White,6.77,0.27,0.14,18.3,0.057,5.7,173.3,0.996,3.46,0.34,11.1,5
2099,White,6.01,0.27,0.44,4.25,0.052,47.8,169.2,0.996,3.37,0.58,11.53,5
2100,White,7.03,0.34,0.24,11.21,0.022,42.3,95.3,0.9946,3.17,0.64,11.97,6
2101,White,6.41,0.25,0.38,1.32,0.04,43.1,139.5,0.9886,3.36,0.52,11.6,8
2102,White,6.17,0.4,0.09,18.95,0.053,54.3,100.6,0.9919,3.16,0.41,11.47,6
2103,White,6.63,0.16,0.39,12.62,0.029,28.2,82.8,0.9934,3.27,0.43,10.88,6
2104,White,7.4,0.4,0.31,7.62,0.019,49.4,144.9,0.9962,3.15,0.45,11.14,6
2105,White,8.07,0.34,0.33,1.73,0.097,11.8,142.8,0.9937,3.36,0.67,11.08,6
2106,White,6.39,0.2,0.32,4.85,0.092,55.6,122.3,0.9897,3.15,0.48,10.1,5
2107,White,7.55,0.47,0.38,2.72,0.053,36.5,104.2,0.9957,3.24,0.42,12.04,7
2108,White,7.6,0.25,0.59,14.1,0.024,28.1,150.2,0.9954,3.22,0.57,11.74,6
2109,White,7.91,0.27,0.32,6.38,0.032,36.2,129.2,0.994,3.36,0.45,11.4,6
2110,White,8.12,0.27,0.13,7.28,0.059,28.2,73.4,0.9996,2.96,0.45,10.49,6
2111,White,6.49,0.17,0.22,7.13,0.053,26.2,184.4,0.9922,3.15,0.34,9.0,5
2112,White,7.5,0.25,0.29,6.73,0.059,24.4,184.1,0.999,3.17,0.38,12.61,6
2113,White,6.29,0.27,0.34,0.6,0.038,77.3,133.0,0.9927,3.34,0.52,10.49,6
2114,White,6.41,0.18,0.0,15.03,0.034,51.4,106.5,0.9918,3.04,0.57,8.0,3
2115,White,7.06,0.19,0.25,6.52,0.023,27.4,148.2,0.9933,3.14,0.72,10.62,5
2116,White,6.91,0.32,0.25,4.34,0.051,14.2,139.7,0.9974,3.05,0.4,9.87,5
2117,White,7.39,0.28,0.17,1.91,0.064,51.9,125.2,0.9945,3.21,0.42,10.18,6
2118,White,7.43,0.47,0.38,15.38,0.039,12.6,131.7,0.9921,3.13,0.54,13.05,8
2119,White,7.42,0.3,0.38,9.35,0.031,2.3,139.8,0.9913,3.14,0.59,9.81,5
2120,White,7.12,0.25,0.15,6.48,0.063,38.0,202.3,0.9947,2.88,0.64,11.78,6
2121,White,5.34,0.2,0.39,0.69,0.025,38.4,167.4,0.9966,2.99,0.56,11.15,7
2122,White,6.45,0.37,0.45,10.39,0.048,18.7,108.6,0.9974,3.16,0.42,11.2,7
2123,White,6.7,0.3,0.28,2.43,0.018,33.7,83.2,0.9942,3.11,0.56,10.73,7
2124,White,7.43,0.15,0.56,15.03,0.069,44.7,116.6,0.9967,3.41,0.42,10.25,5
2125,White,5.49,0.13,0.33,1.22,0.045,65.2,172.1,0.9919,2.88,0.22,11.36,5
2126,White,8.64,0.29,0.41,1.47,0.041,49.6,162.5,0.9928,3.46,0.5,10.56,6
2127,White,6.62,0.24,0.46,4.04,0.082,36.8,206.1,0.9948,3.25,0.38,8.94,4
2128,White,7.02,0.24,0.29,6.41,0.068,19.9,163.3,0.9932,3.51,0.34,10.7,5
2129,White,6.29,0.32,0.5,2.95,0.009,25.4,173.7,0.9965,3.4,0.39,10.65,6
2130,White,7.28,0.31,0.2,7.5,0.037,41.8,83.1,0.9976,3.02,0.5,10.15,5
2131,White,7.18,0.36,0.44,10.16,0.009,48.0,99.5,0.9957,3.15,0.41,9.73,5
2132,White,8.19,0.46,0.37,5.79,0.009,11.4,73.3,0.9954,3.19,0.81,11.19,5
2133,White,7.59,0.23,0.45,13.09,0.024,42.1,155.9,0.9929,3.43,0.36,11.89,5
2134,White,6.34,0.41,0.47,12.73,0.061,19.0,172.4,0.9898,3.27,0.35,11.67,6
2135,White,7.8,0.45,0.55,2.49,0.048,23.8,159.8,0.9857,3.23,0.46,10.76,5
2136,White,6.8,0.27,0.22,0.6,0.038,30.8,91.1,0.9985,3.01,0.5,11.37,6
2137,White,6.82,0.27,0.29,8.67,0.063,29.4,113.9,0.9949,2.73,0.4,10.36,6
2138,White,6.87,0.19,0.45,2.46,0.075,19.3,91.0,0.9946,3.26,0.52,9.62,5
2139,White,6.54,0.35,0.41,0.6,0.032,21.2,176.7,0.9926,3.04,0.41,11.16,6
2140,White,5.79,0.1,0.14,7.58,0.037,23.2,66.7,0.9946,3.32,0.32,11.46,7
2141,White,7.51,0.17,0.34,0.6,0.024,47.6,207.0,0.997,3.13,0.43,9.57,4
2142,White,6.46,0.23,0.42,0.6,0.023,43.0,168.3,0.9894,3.09,0.62,11.73,6
2143,White,7.21,0.36,0.44,0.6,0.04,24.4,176.8,0.9941,3.31,0.47,9.94,6
2144,White,5.84,0.33,0.43,11.23,0.034,17.9,137.7,0.9943,3.11,0.56,11.76,6
2145,White,7.68,0.18,0.37,2.79,0.046,21.6,220.3,0.9887,3.31,0.41,10.57,5
2146,White,5.43,0.35,0.32,7.38,0.042,57.6,140.3,0.9908,3.15,0.26,12.24,6
2147,White,7.96,0.35,0.33,8.04,0.039,30.2,96.3,0.9948,3.16,0.47,11.69,6
2148,White,6.81,0.22,0.26,11.28,0.058,8.5,102.7,0.9934,3.26,0.47,10.79,5
2149,White,5.9,0.19,0.34,9.53,0.019,34.3,184.6,0.995,3.1,0.49,11.08,6
2150,White,7.9,0.31,0.55,8.77,0.056,74.3,137.7,0.993,3.22,0.58,10.45,5
2151,White,5.81,0.37,0.22,6.58,0.046,47.1,99.7,0.9936,3.23,0.44,11.32,6
2152,White,6.48,0.33,0.45,0.6,0.079,48.6,104.8,0.9949,3.25,0.55,12.46,5
2153,White,5.73,0.46,0.22,0.6,0.065,33.2,158.4,0.9937,3.23,0.57,9.95,7
2154,White,7.48,0.23,0.23,2.77,0.053,24.9,179.4,0.9941,3.28,0.37,9.31,4
2155,White,6.69,0.15,0.33,3.21,0.033,51.9,158.2,0.993,3.38,0.38,11.01,5
2156,White,7.7,0.48,0.4,0.6,0.039,25.3,229.9,0.9937,3.41,0.38,11.89,7
2157,White,6.08,0.35,0.44,7.57,0.039,49.3,49.3,0.9905,3.09,0.48,11.7,6
2158,White,6.3,0.26,0.47,12.47,0.044,27.6,116.9,0.9917,3.45,0.71,11.14,5
2159,White,8.81,0.23,0.5,9.47,0.073,47.5,165.5,0.9963,3.28,0.61,11.53,6
2160,White,7.45,0.14,0.5,6.72,0.058,18.1,90.8,0.9938,3.0,0.37,10.16,5
2161,White,7.24,0.31,0.22,2.79,0.069,18.1,68.5,0.9977,3.59,0.32,10.81,7
2162,White,7.34,0.45,0.37,5.05,0.046,45.2,143.4,0.9943,3.24,0.84,12.83,7
2163,White,5.6,0.29,0.48,8.64,0.061,34.1,140.4,0.9916,3.2,0.64,10.42,5
2164,White,7.17,0.17,0.2,2.98,0.036,42.0,211.3,0.9974,3.07,0.24,12.88,8
2165,White,6.99,0.43,0.36,4.36,0.063,40.6,281.0,0.9927,3.03,0.39,13.21,6
2166,White,7.37,0.29,0.23,4.46,0.048,61.2,82.7,0.992,3.22,0.51,12.08,6
2167,White,6.77,0.3,0.53,2.95,0.073,17.0,111.5,0.99,3.26,0.63,11.03,8
2168,White,7.33,0.17,0.33,0.6,0.041,52.2,202.1,0.9912,3.11,0.36,12.03,7
2169,White,7.54,0.43,0.28,11.91,0.015,24.2,53.0,0.9909,2.83,0.55,12.1,7
2170,White,6.06,0.28,0.24,13.42,0.05,22.9,133.2,0.9909,3.26,0.31,11.58,7
2171,White,7.12,0.49,0.28,5.24,0.037,21.2,234.5,0.9871,3.33,0.42,10.85,5
2172,White,7.68,0.42,0.41,14.8,0.055,53.2,89.3,0.9961,3.24,0.5,11.12,5
2173,White,6.43,0.41,0.39,8.81,0.052,8.3,204.6,0.9906,3.17,0.53,10.63,5
2174,White,6.9,0.12,0.11,7.55,0.047,31.1,142.6,0.9906,3.1,0.44,9.07,5
2175,White,5.91,0.25,0.22,12.37,0.036,30.4,42.2,0.995,3.35,0.5,11.17,6
2176,White,6.46,0.33,0.32,15.76,0.072,29.7,224.1,0.9944,3.28,0.73,12.98,6
2177,White,7.41,0.25,0.51,14.16,0.088,53.7,100.9,0.9996,3.14,0.74,9.59,6
2178,White,5.39,0.33,0.32,4.4,0.053,40.0,156.3,0.9929,2.82,0.64,11.86,6
2179,White,4.91,0.29,0.22,4.38,0.062,32.2,108.9,0.9968,3.08,0.44,10.97,7
2180,White,6.75,0.2,0.31,4.58,0.04,40.8,117.4,0.9953,2.96,0.57,10.98,6
2181,White,5.35,0.12,0.26,0.6,0.038,35.0,107.6,0.9931,3.13,0.4,12.88,8
2182,White,6.01,0.3,0.3,0.6,0.086,33.2,86.9,0.9923,3.23,0.55,11.04,6
2183,White,6.01,0.21,0.42,7.8,0.059,36.3,127.2,0.9908,3.22,0.38,10.93,5
2184,White,6.74,0.27,0.34,7.69,0.031,24.9,90.6,0.9905,3.12,0.47,10.94,6
2185,White,6.56,0.3,0.21,0.6,0.06,15.9,95.1,0.9933,3.47,0.28,11.29,6
2186,White,7.43,0.23,0.28,10.96,0.017,26.5,151.7,0.9937,3.11,0.6,12.09,6
2187,White,6.75,0.3,0.29,15.26,0.041,10.4,157.7,0.9919,2.97,0.28,13.5,8
2188,White,6.37,0.31,0.2,3.56,0.058,57.9,181.4,1.0,3.11,0.51,11.0,5
2189,White,7.55,0.17,0.55,10.73,0.013,42.4,199.1,0.998,3.1,0.22,10.76,6
2190,White,7.78,0.15,0.19,10.29,0.055,18.9,141.2,0.9931,3.22,0.37,12.94,6
2191,White,7.45,0.43,0.29,8.36,0.056,16.3,101.6,0.9993,3.06,0.46,12.32,6
2192,White,7.04,0.49,0.34,11.66,0.046,29.1,96.7,0.9936,3.24,0.53,11.41,7
2193,White,7.41,0.29,0.35,2.71,0.017,39.7,121.3,0.9912,3.25,0.53,10.08,6
2194,White,6.68,0.3,0.31,5.43,0.041,41.0,63.6,0.9928,3.36,0.62,10.07,5
2195,White,6.74,0.31,0.51,8.52,0.052,47.2,126.2,0.9902,3.32,0.48,11.19,6
2196,White,6.34,0.35,0.18,7.45,0.035,39.9,159.6,0.9915,3.21,0.49,11.24,5
2197,White,5.79,0.29,0.24,0.6,0.009,29.1,93.4,0.9905,3.31,0.55,11.54,6
2198,White,5.83,0.4,0.49,4.81,0.029,48.1,79.1,0.9938,3.22,0.53,11.25,7
2199,White,7.5,0.24,0.32,9.58,0.078,22.5,74.7,0.9953,3.03,0.58,12.1,7
2200,White,6.74,0.42,0.14,0.6,0.03,28.0,108.9,0.9942,3.27,0.5,11.71,5
2201,White,6.58,0.31,0.45,7.9,0.076,35.7,120.7,0.9916,3.09,0.59,10.06,5
2202,White,7.45,0.27,0.27,10.96,0.05,21.2,127.0,0.9922,3.13,0.38,12.62,7
2203,White,8.14,0.55,0.43,0.6,0.031,30.2,118.3,0.9936,3.23,0.48,11.61,5
2204,White,7.0,0.29,0.29,4.11,0.037,43.8,161.6,0.9925,3.28,0.56,13.87,7
2205,White,7.77,0.3,0.29,0.93,0.054,32.6,167.2,0.9902,3.11,0.38,11.32,6
2206,White,7.73,0.27,0.37,2.96,0.047,54.7,92.7,0.994,3.22,0.55,10.81,7
2207,White,6.85,0.45,0.46,2.69,0.06,56.1,187.8,0.9944,3.11,0.64,11.57,8
2208,White,6.94,0.26,0.29,15.38,0.047,48.0,145.9,0.9983,3.31,0.39,11.91,6
2209,White,6.33,0.28,0.42,5.66,0.039,53.6,119.5,0.9973,3.03,0.47,11.18,5
2210,White,7.95,0.18,0.18,5.57,0.091,24.7,114.1,0.9934,3.07,0.4,11.73,5
2211,White,6.79,0.12,0.4,0.6,0.069,16.8,166.9,0.9969,3.39,0.65,9.45,5
2212,White,6.8,0.19,0.11,0.6,0.031,28.6,152.6,0.993,3.11,0.22,12.25,5
2213,White,6.5,0.36,0.35,1.1,0.023,62.2,67.0,0.9963,3.25,0.57,12.37,6
2214,White,5.82,0.24,0.36,11.31,0.009,6.4,180.2,0.9893,3.08,0.59,11.56,6
2215,White,5.52,0.39,0.06,5.22,0.034,44.7,195.4,0.9951,3.03,0.45,11.75,5
2216,White,6.57,0.32,0.16,0.6,0.052,42.2,209.4,0.9937,3.3,0.48,10.47,6
2217,White,7.25,0.36,0.25,0.6,0.057,60.0,179.7,0.998,3.06,0.27,11.49,5
2218,White,6.7,0.26,0.33,7.13,0.043,3.0,117.4,0.9944,3.09,0.42,10.85,7
2219,White,5.9,0.16,0.16,5.85,0.052,34.1,207.1,0.9996,3.36,0.47,9.55,5
2220,White,6.21,0.35,0.3,15.53,0.026,9.1,153.8,0.9932,3.13,0.22,10.89,5
2221,White,8.19,0.3,0.21,6.66,0.034,12.9,45.0,0.9968,3.16,0.38,10.7,6
2222,White,6.09,0.43,0.3,0.6,0.04,45.9,129.2,0.9916,3.16,0.49,11.87,6
2223,White,7.17,0.37,0.24,5.2,0.06,28.2,136.5,0.9936,3.17,0.48,13.41,8
2224,White,5.82,0.14,0.31,1.2,0.047,42.4,129.5,0.9937,2.84,0.51,12.45,7
2225,White,7.32,0.34,0.37,9.68,0.067,37.3,102.4,0.9929,3.31,0.54,10.81,7
2226,White,8.46,0.23,0.44,7.28,0.073,2.0,139.1,0.9953,3.04,0.57,10.48,5
2227,White,7.3,0.35,0.33,1.11,0.061,2.0,120.3,0.9926,3.05,0.61,10.97,6
2228,White,6.69,0.16,0.19,5.4,0.067,44.0,98.8,0.9922,3.13,0.48,10.26,5
2229,White,5.86,0.36,0.35,6.49,0.048,53.6,122.3,0.9958,3.18,0.45,12.39,7
2230,White,7.06,0.41,0.51,0.6,0.078,30.1,171.8,0.9946,3.07,0.51,12.4,6
2231,White,6.8,0.32,0.38,20.47,0.074,40.6,181.4,0.9904,3.02,0.4,10.82,6
2232,White,7.27,0.2,0.26,5.08,0.056,38.5,143.9,0.9899,3.07,0.52,10.84,5
2233,White,6.87,0.19,0.3,7.99,0.03,56.7,133.9,0.9962,3.24,0.63,10.67,6
2234,White,7.93,0.34,0.43,2.94,0.043,26.7,114.4,0.9924,3.52,0.51,10.99,6
2235,White,8.09,0.28,0.42,0.6,0.05,2.0,107.8,0.9914,3.01,0.67,12.58,6
2236,White,5.4,0.37,0.17,0.6,0.062,2.0,111.5,0.9931,3.06,0.54,12.02,5
2237,White,7.5,0.41,0.04,3.3,0.06,30.7,208.3,0.9917,3.16,0.52,11.48,5
2238,White,5.06,0.34,0.34,4.26,0.073,37.4,55.8,0.9919,3.07,0.61,10.47,5
2239,White,5.64,0.33,0.39,13.07,0.076,28.3,123.3,0.9943,3.18,0.57,10.81,5
2240,White,6.98,0.14,0.45,4.68,0.053,20.4,131.5,0.9966,3.38,0.48,12.16,5
2241,White,5.88,0.35,0.31,16.2,0.07,50.2,147.3,0.9904,3.4,0.66,13.77,6
2242,White,6.82,0.38,0.4,5.03,0.064,19.1,120.3,0.9946,2.9,0.58,9.61,5
2243,White,7.32,0.37,0.24,9.13,0.048,37.3,60.6,0.9947,3.14,0.48,9.71,5
2244,White,6.13,0.19,0.36,12.0,0.014,29.7,83.8,0.9945,3.35,0.51,10.34,5
2245,White,6.0,0.25,0.38,19.82,0.068,31.9,109.2,0.9931,3.02,0.53,9.11,3
2246,White,6.58,0.22,0.42,10.85,0.017,63.8,110.0,0.9882,3.33,0.54,11.14,5
2247,White,5.38,0.26,0.23,3.37,0.039,62.6,152.5,0.9945,3.16,0.57,11.12,7
2248,White,7.78,0.29,0.27,1.32,0.047,51.5,147.8,0.9982,2.97,0.63,12.04,6
2249,White,7.77,0.08,0.37,10.66,0.037,32.6,152.6,0.9999,3.33,0.7,10.47,5
2250,White,8.26,0.23,0.34,4.86,0.075,47.4,89.3,0.9911,3.25,0.57,9.77,6
2251,White,6.04,0.25,0.36,0.6,0.036,68.3,191.5,0.9936,3.34,0.39,10.66,5
2252,White,7.29,0.14,0.46,9.95,0.037,41.5,107.6,0.9929,3.01,0.57,11.64,6
2253,White,5.89,0.14,0.24,0.66,0.04,42.8,66.4,0.9968,3.07,0.52,10.75,6
2254,White,8.2,0.35,0.04,9.43,0.06,30.9,174.8,0.9977,3.31,0.56,11.87,4
2255,White,6.69,0.22,0.52,12.87,0.071,38.0,90.4,0.9935,3.5,0.7,11.04,6
2256,White,6.34,0.32,0.27,1.75,0.029,45.7,175.8,1.0012,3.26,0.57,10.76,7
2257,White,5.68,0.19,0.38,10.66,0.058,3.2,154.5,0.9948,3.14,0.46,10.94,6
2258,White,8.82,0.27,0.23,6.74,0.047,36.7,114.7,0.9927,2.91,0.55,10.64,5
2259,White,6.85,0.34,0.03,4.52,0.08,26.6,149.3,0.9945,3.22,0.57,10.0,5
2260,White,6.13,0.26,0.28,2.7,0.018,29.1,112.5,0.9905,3.17,0.53,11.72,5
2261,White,6.5,0.17,0.46,1.57,0.045,16.4,142.2,0.9994,3.37,0.49,12.77,5
2262,White,8.0,0.34,0.26,7.75,0.039,42.6,87.6,0.996,3.37,0.51,12.15,6
2263,White,6.61,0.22,0.38,1.06,0.037,20.4,163.2,0.9929,3.32,0.57,9.45,5
2264,White,7.49,0.14,0.28,8.66,0.012,11.4,143.5,0.9921,3.21,0.53,11.11,5
2265,White,6.95,0.29,0.35,1.9,0.035,26.9,111.7,0.9952,3.16,0.63,11.71,5
2266,White,6.56,0.13,0.34,2.58,0.009,34.7,142.9,0.9952,3.26,0.59,9.55,5
2267,White,7.13,0.21,0.61,0.69,0.055,29.0,78.9,0.9947,3.22,0.4,12.02,6
2268,White,6.39,0.08,0.34,0.6,0.046,21.5,158.4,1.0006,2.96,0.36,11.89,5
2269,White,7.15,0.12,0.39,6.17,0.025,19.1,94.8,0.9933,3.18,0.42,10.82,6
2270,White,6.56,0.32,0.37,12.36,0.065,57.5,100.6,0.9977,3.01,0.62,11.35,6
2271,White,7.08,0.29,0.46,4.94,0.073,26.2,144.5,0.9965,3.22,0.55,10.99,6
2272,White,6.4,0.22,0.29,0.6,0.031,44.8,103.7,0.9863,3.11,0.38,10.92,5
2273,White,6.7,0.25,0.36,4.22,0.038,2.3,135.1,0.9982,3.35,0.58,11.56,6
2274,White,6.61,0.32,0.15,10.94,0.04,57.1,94.7,0.9945,2.96,0.58,10.32,6
2275,White,6.85,0.16,0.19,0.6,0.081,3.3,90.3,0.9962,3.21,0.64,8.17,5
2276,White,6.27,0.16,0.44,6.97,0.018,45.8,94.3,0.9931,3.35,0.54,12.36,7
2277,White,6.89,0.26,0.41,11.19,0.061,28.6,132.8,0.9946,3.29,0.56,10.9,5
2278,White,7.71,0.26,0.21,7.66,0.021,37.0,89.8,0.9907,3.18,0.52,10.0,6
2279,White,7.55,0.46,0.39,9.16,0.034,27.4,130.3,0.9934,3.18,0.42,9.91,4
2280,White,5.3,0.33,0.47,8.28,0.044,19.6,131.0,0.9991,3.01,0.26,10.44,6
2281,White,8.38,0.31,0.42,12.8,0.03,62.7,130.2,0.9896,3.24,0.56,13.0,8
2282,White,6.09,0.24,0.29,6.97,0.018,40.3,159.9,0.9973,3.34,0.47,10.85,7
2283,White,7.86,0.09,0.38,5.54,0.047,21.1,52.7,0.9939,3.21,0.65,10.85,6
2284,White,6.45,0.3,0.42,4.23,0.037,7.3,134.8,0.9919,3.11,0.48,12.2,5
2285,White,7.04,0.17,0.32,14.51,0.049,15.1,92.9,0.9911,3.51,0.6,10.52,6
2286,White,4.95,0.09,0.44,8.1,0.06,74.3,109.2,0.989,3.28,0.38,11.83,6
2287,White,7.36,0.19,0.16,3.92,0.057,22.7,149.1,0.9902,2.99,0.61,12.41,6
2288,White,7.1,0.19,0.4,9.04,0.019,71.2,138.0,0.9977,3.08,0.37,11.1,4
2289,White,6.76,0.22,0.23,8.59,0.053,52.8,203.3,0.9953,3.14,0.36,9.23,4
2290,White,7.5,0.27,0.32,7.15,0.052,20.8,133.9,0.9887,3.23,0.67,10.31,6
2291,White,6.18,0.29,0.32,9.45,0.078,27.0,85.8,0.9902,3.48,0.48,10.7,5
2292,White,6.76,0.32,0.27,1.76,0.04,20.1,102.2,0.9878,3.2,0.4,11.12,7
2293,White,6.88,0.08,0.24,10.15,0.051,16.8,104.2,1.0006,3.22,0.58,11.89,7
2294,White,6.63,0.38,0.51,11.41,0.056,22.2,144.2,0.9947,3.29,0.57,11.76,7
2295,White,5.99,0.16,0.17,5.24,0.053,20.2,142.7,0.9886,3.36,0.49,10.95,5
2296,White,6.05,0.26,0.48,8.43,0.022,35.7,274.0,0.9929,3.17,0.54,10.44,7
2297,White,7.55,0.42,0.1,6.04,0.014,67.0,156.9,0.9923,3.11,0.63,10.94,5
2298,White,7.29,0.23,0.38,8.75,0.05,5.5,137.3,0.9935,3.37,0.47,10.47,6
2299,White,5.07,0.38,0.3,6.78,0.074,26.1,203.5,0.9897,3.2,0.58,12.1,5
2300,White,7.25,0.44,0.33,4.4,0.031,50.3,110.8,0.9946,3.04,0.71,12.26,6
2301,White,7.73,0.45,0.66,9.3,0.042,61.8,141.5,0.9937,3.32,0.52,9.28,3
2302,White,6.8,0.32,0.31,5.28,0.026,32.1,237.2,0.9949,3.0,0.49,12.78,7
2303,White,8.53,0.3,0.44,6.35,0.045,49.3,149.1,0.9927,3.17,0.51,11.35,6
2304,White,6.95,0.36,0.09,18.85,0.012,62.0,138.7,0.9929,3.31,0.53,10.96,6
2305,White,5.72,0.33,0.22,8.76,0.019,31.6,139.5,0.9938,3.32,0.48,12.29,6
2306,White,7.46,0.42,0.42,7.27,0.056,29.4,117.7,1.0012,2.96,0.47,9.59,6
2307,White,6.68,0.21,0.36,0.6,0.016,39.7,27.4,0.9915,3.46,0.62,11.41,5
2308,White,4.86,0.14,0.17,1.48,0.05,26.1,121.8,0.9972,3.31,0.48,10.04,5
2309,White,5.52,0.19,0.4,13.92,0.024,8.0,81.9,0.9893,3.21,0.46,12.82,6
2310,White,5.18,0.35,0.37,2.24,0.036,3.0,170.2,0.9915,3.3,0.55,9.88,5
2311,White,7.26,0.3,0.35,4.55,0.05,47.9,102.1,0.9912,2.89,0.68,9.28,5
2312,White,8.26,0.27,0.28,16.35,0.036,56.0,172.2,0.9997,2.87,0.46,10.78,7
2313,White,5.8,0.39,0.4,10.32,0.009,41.3,122.2,0.9917,2.92,0.57,12.46,6
2314,White,6.23,0.38,0.48,8.65,0.075,31.9,179.8,0.9928,2.94,0.42,10.32,6
2315,White,7.0,0.14,0.46,15.01,0.036,49.0,162.0,0.9904,3.14,0.56,11.65,6
2316,White,5.49,0.17,0.54,10.94,0.057,5.0,151.9,0.9899,3.45,0.41,12.47,7
2317,White,6.92,0.27,0.4,3.28,0.04,75.3,87.3,0.9953,3.07,0.36,11.31,7
2318,White,7.17,0.28,0.37,12.56,0.053,29.8,181.6,0.9978,3.09,0.3,11.17,6
2319,White,6.41,0.43,0.27,8.29,0.064,38.1,103.7,0.9972,3.08,0.59,9.88,6
2320,White,7.87,0.26,0.41,12.35,0.038,26.0,84.4,0.9944,3.13,0.58,10.86,6
2321,White,7.26,0.2,0.26,0.6,0.023,37.1,81.3,0.9922,3.03,0.6,11.47,5
2322,White,6.89,0.28,0.36,13.35,0.035,29.5,133.4,0.9928,3.38,0.45,11.19,5
2323,White,6.86,0.35,0.49,0.6,0.054,24.6,109.6,0.9928,2.95,0.35,9.86,5
2324,White,7.42,0.53,0.43,7.48,0.064,31.7,77.2,0.9987,3.42,0.43,9.65,6
2325,White,7.77,0.32,0.58,7.31,0.063,30.4,129.0,0.9953,3.02,0.45,12.26,7
2326,White,6.12,0.2,0.5,14.19,0.063,27.3,166.6,0.9967,3.24,0.59,11.01,5
2327,White,5.91,0.41,0.34,15.37,0.077,35.4,175.5,0.9924,3.11,0.39,10.96,5
2328,White,7.32,0.25,0.55,10.49,0.036,52.6,95.9,0.9985,3.0,0.48,10.19,5
2329,White,6.33,0.22,0.29,9.31,0.044,53.2,74.3,0.9953,3.15,0.61,10.8,7
2330,White,9.04,0.21,0.47,4.63,0.043,44.9,136.2,0.9967,3.09,0.55,9.01,4
2331,White,7.11,0.2,0.11,0.6,0.031,66.3,200.7,0.9964,3.26,0.39,10.07,6
2332,White,7.4,0.47,0.2,10.23,0.046,32.2,186.9,0.991,3.05,0.51,10.54,5
2333,White,6.06,0.28,0.38,12.99,0.07,40.8,158.2,0.9921,3.13,0.45,11.43,6
2334,White,8.13,0.49,0.32,5.67,0.038,25.5,64.7,0.991,3.19,0.6,10.89,6
2335,White,7.48,0.23,0.5,16.69,0.034,46.3,201.0,0.9991,3.07,0.44,11.02,6
2336,White,7.69,0.13,0.25,0.6,0.044,2.0,95.7,0.9929,3.18,0.37,10.38,6
2337,White,6.16,0.21,0.47,11.3,0.009,34.6,142.8,0.9955,3.22,0.75,11.51,5
2338,White,6.02,0.32,0.33,14.33,0.045,45.6,122.7,0.9926,3.08,0.39,9.16,5
2339,White,6.76,0.28,0.24,0.6,0.085,53.3,129.5,0.994,3.01,0.51,11.27,5
2340,White,6.45,0.39,0.45,2.95,0.049,45.2,100.0,0.9959,3.23,0.37,10.19,6
2341,White,6.93,0.15,0.39,4.73,0.062,5.5,108.8,0.9952,2.97,0.41,10.28,6
2342,White,6.25,0.2,0.52,10.72,0.022,47.2,112.3,0.9907,3.16,0.46,11.92,7
2343,White,7.78,0.25,0.34,2.47,0.072,52.0,113.4,0.9964,2.86,0.85,10.86,6
2344,White,6.69,0.23,0.44,6.9,0.046,61.7,175.5,0.9909,3.37,0.43,10.72,7
2345,White,5.81,0.14,0.17,14.36,0.023,10.6,216.3,0.9969,3.57,0.57,10.53,5
2346,White,6.45,0.44,0.26,8.96,0.047,44.7,94.4,0.9953,3.27,0.22,10.11,5
2347,White,6.92,0.28,0.47,0.6,0.01,30.7,145.6,0.9959,3.14,0.52,10.23,7
2348,White,7.99,0.36,0.3,0.6,0.051,34.2,147.7,0.9918,3.14,0.35,13.26,7
2349,White,6.12,0.35,0.43,12.42,0.036,21.4,106.5,0.9953,3.08,0.37,11.6,5
2350,White,7.71,0.22,0.26,7.96,0.038,48.9,214.1,0.9959,3.4,0.34,9.82,6
2351,White,6.69,0.32,0.32,13.93,0.023,25.1,127.6,0.995,3.3,0.62,10.77,8
2352,White,7.47,0.35,0.37,6.12,0.026,54.8,200.2,0.9924,3.42,0.46,9.25,6
2353,White,6.85,0.22,0.5,3.85,0.073,23.5,150.5,0.991,3.1,0.33,10.31,6
2354,White,6.13,0.3,0.28,5.87,0.033,31.7,166.6,0.9929,2.95,0.43,10.67,6
2355,White,5.78,0.25,0.32,4.17,0.009,55.3,165.3,0.9982,3.36,0.58,11.35,6
2356,White,6.88,0.24,0.3,11.85,0.056,51.4,145.6,0.9929,3.14,0.45,10.71,6
2357,White,6.76,0.23,0.34,4.41,0.011,33.4,176.3,0.9936,3.14,0.44,12.08,8
2358,White,7.91,0.45,0.31,0.6,0.065,19.7,137.8,0.9882,3.23,0.54,10.43,6
2359,White,5.97,0.33,0.33,2.76,0.076,36.2,90.9,0.9943,3.15,0.47,10.88,6
2360,White,7.15,0.3,0.51,10.24,0.021,4.1,94.5,0.9911,2.94,0.59,11.12,7
2361,White,6.45,0.21,0.37,7.83,0.06,50.0,108.4,0.9928,3.45,0.49,10.38,6
2362,White,7.8,0.28,0.38,6.35,0.055,58.3,158.6,0.9968,3.3,0.6,9.92,6
2363,White,7.7,0.39,0.31,14.33,0.062,28.9,132.1,0.9933,3.35,0.51,10.41,5
2364,White,5.64,0.37,0.25,0.72,0.056,10.8,103.9,0.997,2.99,0.39,11.66,5
2365,White,7.53,0.33,0.11,5.03,0.03,44.2,171.3,0.9888,3.0,0.4,10.96,6
2366,White,5.63,0.39,0.26,2.84,0.07,43.6,175.7,0.999,3.19,0.56,9.79,5
2367,White,6.1,0.29,0.39,4.64,0.055,21.9,123.7,0.9938,3.5,0.49,9.41,5
2368,White,6.69,0.38,0.29,12.26,0.051,17.9,159.9,0.9899,3.13,0.62,11.63,7
2369,White,6.25,0.35,0.38,2.71,0.071,44.7,174.9,0.9891,3.02,0.45,9.19,4
2370,White,6.3,0.31,0.48,0.6,0.065,40.3,138.0,0.9915,3.31,0.47,11.64,6
2371,White,6.89,0.23,0.29,7.76,0.063,33.8,132.4,0.9955,3.1,0.48,10.12,6
2372,White,7.01,0.35,0.34,7.26,0.045,3.4,101.0,0.9973,3.1,0.32,11.96,5
2373,White,6.36,0.21,0.35,0.6,0.06,4.1,101.7,0.9949,3.08,0.42,11.62,6
2374,White,6.52,0.33,0.31,2.33,0.054,28.5,144.8,0.9961,2.94,0.63,9.84,5
2375,White,8.0,0.34,0.3,5.64,0.044,43.1,128.2,0.9933,3.41,0.54,11.85,6
2376,White,7.09,0.31,0.13,3.21,0.019,52.5,174.0,0.9945,3.19,0.46,10.49,5
2377,White,5.75,0.32,0.36,6.58,0.059,38.8,210.0,0.9973,3.09,0.57,12.51,7
2378,White,7.52,0.38,0.29,0.94,0.057,60.8,151.7,0.9919,3.06,0.53,12.12,7
2379,White,8.13,0.33,0.26,9.88,0.076,35.7,80.1,0.9946,3.27,0.39,10.17,5
2380,White,8.68,0.44,0.3,8.54,0.058,20.8,188.2,0.9922,3.23,0.41,10.42,6
2381,White,7.27,0.26,0.55,1.54,0.049,4.2,163.7,0.9885,3.5,0.47,11.53,7
2382,White,6.49,0.36,0.31,6.02,0.072,12.8,112.0,0.9904,3.37,0.29,11.47,6
2383,White,7.0,0.25,0.44,1.72,0.009,53.4,91.0,1.0008,3.13,0.47,8.86,6
2384,White,6.24,0.15,0.14,5.37,0.046,36.6,174.0,0.9978,3.28,0.52,11.78,6
2385,White,6.88,0.22,0.43,0.6,0.056,43.2,124.9,0.9899,2.87,0.61,10.07,5
2386,White,7.83,0.34,0.24,7.63,0.019,13.6,148.6,0.9972,3.06,0.51,11.94,6
2387,White,6.47,0.08,0.42,3.43,0.055,36.3,166.1,1.0005,3.21,0.51,12.26,7
2388,White,6.09,0.15,0.23,9.2,0.052,15.9,145.1,0.9874,2.96,0.53,10.0,6
2389,White,8.47,0.28,0.45,3.86,0.009,38.8,82.0,0.9953,3.26,0.43,10.19,6
2390,White,7.76,0.29,0.39,0.6,0.077,41.9,254.0,0.9922,3.21,0.62,12.29,6
2391,White,6.49,0.21,0.16,10.91,0.06,40.5,149.5,0.9932,3.19,0.46,11.59,6
2392,White,5.84,0.24,0.41,6.0,0.032,35.5,122.9,0.9973,3.24,0.34,11.54,6
2393,White,6.56,0.48,0.27,2.65,0.054,47.1,204.5,0.9939,2.98,0.58,9.81,5
2394,White,7.5,0.21,0.23,4.77,0.025,34.3,112.7,0.9945,3.1,0.6,10.39,6
2395,White,7.56,0.23,0.25,7.92,0.027,48.4,128.2,0.9935,3.16,0.68,12.54,7
2396,White,5.0,0.19,0.35,8.27,0.044,85.0,117.3,0.9993,3.19,0.59,10.06,5
2397,White,6.97,0.3,0.46,6.35,0.073,17.2,154.5,0.9973,3.22,0.7,12.27,6
2398,White,5.9,0.24,0.51,6.15,0.064,29.9,143.4,0.9934,3.46,0.42,12.66,5
2399,White,7.25,0.08,0.31,2.83,0.073,25.0,159.0,0.9976,3.2,0.47,11.69,5
2400,White,7.77,0.26,0.31,2.06,0.069,35.7,165.0,0.9929,3.07,0.6,11.32,6
2401,White,6.3,0.35,0.15,13.62,0.066,32.1,193.6,0.9938,3.07,0.48,11.11,6
2402,White,7.8,0.27,0.31,0.6,0.038,29.1,130.3,0.9893,3.0,0.55,10.08,5
2403,White,7.07,0.41,0.57,5.38,0.054,54.3,138.6,0.9975,3.39,0.49,10.87,5
2404,White,6.75,0.32,0.38,12.23,0.07,70.2,178.0,0.9976,2.87,0.44,11.95,5
2405,White,6.9,0.36,0.22,0.6,0.047,56.4,129.6,0.9899,3.4,0.53,12.11,6
2406,White,6.98,0.3,0.26,24.49,0.064,61.2,150.8,0.9953,3.21,0.66,12.34,6
2407,White,6.85,0.42,0.28,0.6,0.02,32.3,131.8,0.9895,3.02,0.46,10.18,6
2408,White,6.4,0.24,0.26,0.6,0.073,12.0,103.6,0.9931,3.15,0.39,11.11,6
2409,White,5.59,0.32,0.31,8.06,0.056,32.6,124.8,0.9982,3.15,0.39,11.69,6
2410,White,6.08,0.41,0.23,4.34,0.044,23.8,223.7,1.0004,3.04,0.39,10.48,6
2411,White,7.51,0.27,0.61,11.09,0.039,53.0,129.4,0.9961,3.21,0.53,11.01,5
2412,White,7.52,0.16,0.36,9.95,0.042,51.9,88.9,0.9919,3.22,0.59,11.12,6
2413,White,7.49,0.32,0.53,10.52,0.015,14.2,84.3,0.9972,2.99,0.49,11.27,6
2414,White,6.21,0.32,0.23,11.64,0.044,29.7,160.9,0.9892,3.25,0.76,9.88,5
2415,White,7.01,0.3,0.51,0.6,0.047,34.1,188.0,0.9932,2.97,0.51,11.46,5
2416,White,6.53,0.26,0.37,0.62,0.051,50.0,85.9,0.9958,3.06,0.59,11.03,6
2417,White,6.88,0.4,0.29,0.97,0.016,40.6,59.7,0.9918,3.19,0.65,10.26,5
2418,White,7.28,0.47,0.35,5.79,0.057,64.5,72.3,0.9917,3.29,0.56,11.41,6
2419,White,6.22,0.25,0.25,7.67,0.075,36.6,191.5,0.9925,3.17,0.38,11.82,6
2420,White,6.74,0.35,0.28,5.45,0.069,18.4,197.8,0.9942,3.2,0.35,11.0,6
2421,White,4.53,0.27,0.43,0.6,0.046,31.9,166.5,0.9949,3.17,0.52,10.43,5
2422,White,7.14,0.42,0.29,7.1,0.033,34.1,151.0,0.9959,3.21,0.62,10.85,5
2423,White,5.71,0.4,0.34,2.48,0.046,31.7,141.4,0.9963,3.04,0.68,10.63,7
2424,White,6.06,0.17,0.46,0.6,0.037,48.6,125.1,0.9936,3.23,0.43,12.76,7
2425,White,7.33,0.21,0.18,11.9,0.044,52.0,110.0,0.9925,3.01,0.41,12.21,7
2426,White,6.61,0.39,0.35,10.42,0.022,21.8,120.0,0.9932,3.38,0.48,11.34,6
2427,White,6.17,0.08,0.45,9.98,0.037,38.2,216.4,0.9963,3.11,0.33,12.38,6
2428,White,7.2,0.35,0.44,0.6,0.059,60.1,115.8,0.9895,3.41,0.55,12.56,6
2429,White,7.13,0.25,0.31,5.66,0.047,38.9,90.1,0.9919,2.94,0.45,11.56,7
2430,White,5.43,0.33,0.28,0.6,0.009,5.8,113.2,0.9933,3.04,0.57,10.8,7
2431,White,7.32,0.41,0.45,0.6,0.018,50.9,190.7,0.9922,3.38,0.43,11.16,6
2432,White,7.5,0.08,0.5,10.18,0.041,45.0,180.3,0.9904,3.07,0.51,10.74,6
2433,White,6.79,0.48,0.32,10.17,0.049,25.5,165.4,0.9937,3.41,0.56,11.58,6
2434,White,6.25,0.34,0.25,0.6,0.034,29.8,103.7,0.997,3.36,0.43,9.83,6
2435,White,6.36,0.17,0.21,0.6,0.05,30.7,110.2,0.9936,3.0,0.49,10.07,5
2436,White,7.26,0.27,0.18,0.6,0.068,52.0,94.0,0.9874,3.07,0.46,10.12,5
2437,White,6.11,0.43,0.36,7.03,0.042,53.5,84.0,0.9976,2.96,0.45,11.28,6
2438,White,7.48,0.39,0.37,11.05,0.023,47.2,113.7,0.9927,3.43,0.62,11.3,5
2439,White,7.89,0.27,0.31,6.67,0.055,21.3,216.0,0.994,3.13,0.52,10.78,6
2440,White,7.42,0.25,0.18,4.97,0.072,50.5,112.0,0.9977,3.34,0.54,12.17,6
2441,White,7.5,0.3,0.23,1.44,0.033,74.7,21.4,0.9922,3.21,0.32,11.19,5
2442,White,6.98,0.18,0.34,10.17,0.038,37.2,192.6,0.994,3.5,0.57,12.28,7
2443,White,6.0,0.38,0.46,1.02,0.042,42.1,155.8,0.9952,3.19,0.58,12.69,7
2444,White,6.7,0.22,0.32,6.16,0.04,2.0,73.6,0.9946,3.29,0.6,11.62,5
2445,White,6.64,0.3,0.3,3.19,0.047,33.8,166.9,0.9952,3.22,0.32,11.82,7
2446,White,6.75,0.14,0.25,4.66,0.06,54.9,157.5,0.9934,3.21,0.5,10.98,5
2447,White,6.95,0.45,0.27,14.37,0.029,33.2,118.6,0.9925,2.91,0.4,11.82,6
2448,White,5.78,0.21,0.23,7.86,0.08,57.4,134.8,0.9916,3.51,0.43,11.08,6
2449,White,6.27,0.34,0.6,6.97,0.025,36.8,151.5,0.9949,2.97,0.56,11.55,6
2450,White,7.12,0.28,0.24,8.67,0.094,56.3,85.4,0.9943,2.96,0.37,12.5,7
2451,White,6.17,0.38,0.5,6.84,0.067,54.5,9.0,0.999,3.29,0.76,11.52,5
2452,White,6.51,0.27,0.28,1.71,0.07,54.9,150.5,0.9904,3.48,0.54,10.66,5
2453,White,8.25,0.16,0.44,10.77,0.044,11.1,120.0,0.9983,3.11,0.45,9.88,5
2454,White,6.63,0.21,0.46,2.78,0.045,25.7,113.1,0.9951,3.08,0.39,11.0,6
2455,White,5.05,0.25,0.31,15.27,0.048,31.1,153.6,0.9933,3.07,0.54,11.82,5
2456,White,6.49,0.24,0.69,10.62,0.04,42.3,87.8,0.9905,3.27,0.49,11.69,5
2457,White,5.4,0.28,0.24,17.95,0.056,30.4,142.0,0.9917,3.11,0.6,9.67,7
2458,White,6.99,0.3,0.38,16.1,0.039,44.6,119.9,0.9983,3.09,0.67,11.42,7
2459,White,7.91,0.25,0.28,8.05,0.063,49.8,92.1,0.9951,3.15,0.4,11.12,7
2460,White,6.8,0.36,0.27,11.65,0.046,39.6,159.1,0.996,3.26,0.25,10.29,6
2461,White,6.84,0.32,0.22,2.97,0.036,4.1,206.3,0.9965,2.95,0.53,10.72,6
2462,White,7.07,0.17,0.49,2.04,0.08,20.3,131.4,0.9914,3.08,0.47,12.05,7
2463,White,6.82,0.39,0.2,12.06,0.011,44.3,205.1,0.9955,3.04,0.45,10.59,5
2464,White,6.25,0.41,0.31,0.6,0.009,20.1,143.0,0.9936,3.09,0.52,11.79,6
2465,White,6.79,0.27,0.2,15.86,0.009,35.1,135.1,0.9977,2.97,0.38,9.68,6
2466,White,6.7,0.31,0.09,5.21,0.023,24.9,117.8,0.9903,3.12,0.34,9.67,5
2467,White,8.11,0.28,0.32,4.16,0.06,28.7,102.8,0.9958,3.45,0.47,12.67,7
2468,White,7.85,0.37,0.2,10.42,0.063,19.9,106.5,0.989,3.12,0.5,10.19,6
2469,White,8.16,0.09,0.45,1.87,0.042,70.2,137.2,1.0022,3.33,0.4,11.6,6
2470,White,6.69,0.28,0.27,1.8,0.062,45.4,189.3,1.0001,3.17,0.62,10.87,7
2471,White,8.85,0.17,0.33,11.23,0.047,34.9,132.1,0.9926,3.32,0.31,12.19,7
2472,White,5.76,0.3,0.36,0.8,0.052,30.6,144.1,0.9967,3.07,0.42,10.91,8
2473,White,6.7,0.32,0.17,13.23,0.066,27.2,207.8,0.9954,3.48,0.57,9.9,5
2474,White,7.32,0.39,0.3,3.26,0.044,33.2,224.1,0.9949,3.11,0.32,11.39,8
2475,White,6.55,0.26,0.45,9.38,0.02,53.9,133.3,0.9976,3.22,0.5,12.02,8
2476,White,7.77,0.24,0.42,6.72,0.059,62.6,157.0,0.9904,3.23,0.63,11.76,6
2477,White,5.36,0.31,0.24,9.61,0.023,47.1,163.5,0.9975,3.06,0.57,10.01,7
2478,White,7.12,0.1,0.43,4.71,0.046,62.4,100.7,0.9935,3.06,0.52,11.44,6
2479,White,8.13,0.12,0.55,1.6,0.103,70.4,84.4,0.9947,3.32,0.43,11.44,7
2480,White,9.2,0.5,0.29,10.81,0.062,7.0,234.3,0.9911,3.05,0.32,10.06,6
2481,White,6.35,0.38,0.21,4.67,0.038,10.0,105.2,0.9949,3.18,0.32,10.48,7
2482,White,6.74,0.32,0.32,4.91,0.052,69.3,130.1,0.9928,3.03,0.54,11.5,7
2483,White,7.9,0.21,0.22,10.21,0.062,22.6,138.9,0.9855,3.23,0.52,11.58,7
2484,White,6.47,0.34,0.29,9.63,0.077,37.7,160.1,0.9919,2.84,0.47,9.52,5
2485,White,7.19,0.2,0.46,1.75,0.05,19.3,116.3,0.9927,3.18,0.64,10.59,6
2486,White,8.5,0.15,0.25,17.16,0.044,12.4,154.8,0.9954,3.37,0.64,12.5,6
2487,White,6.3,0.26,0.39,3.98,0.05,41.2,91.1,0.9966,3.3,0.64,9.29,4
2488,White,6.5,0.23,0.47,9.68,0.082,21.1,114.2,0.9914,3.04,0.42,9.76,6
2489,White,6.91,0.27,0.18,7.74,0.081,26.0,130.0,0.9896,3.26,0.78,11.01,6
2490,White,6.22,0.24,0.17,6.64,0.078,53.2,214.7,0.988,3.38,0.25,11.08,5
2491,White,7.78,0.35,0.45,4.57,0.088,11.1,33.7,0.9987,3.22,0.36,11.87,9
2492,White,8.22,0.21,0.33,10.68,0.009,30.3,205.0,0.99,3.1,0.53,13.4,7
2493,White,7.47,0.29,0.57,4.07,0.022,25.5,92.7,0.9954,3.06,0.52,9.81,5
2494,White,7.47,0.37,0.3,8.97,0.025,33.4,183.2,0.9921,3.14,0.63,10.5,6
2495,White,7.1,0.08,0.29,4.93,0.073,35.5,157.2,0.995,3.05,0.52,12.11,6
2496,White,7.59,0.15,0.08,7.42,0.035,31.2,154.4,0.9953,3.28,0.49,12.44,6
2497,White,5.53,0.1,0.6,1.15,0.024,37.6,236.0,0.9934,3.25,0.51,11.04,5
2498,White,5.91,0.32,0.42,7.53,0.042,48.8,90.0,0.9982,3.18,0.42,10.54,6
2499,White,7.57,0.33,0.34,12.92,0.041,50.8,155.3,0.9945,3.26,0.57,10.18,6
2500,White,7.76,0.31,0.38,8.62,0.014,16.2,163.4,0.9945,2.97,0.54,9.39,5
2501,White,7.11,0.34,0.43,3.14,0.017,52.5,96.7,0.9898,2.95,0.32,11.17,5
2502,White,4.72,0.29,0.37,0.6,0.042,12.9,89.5,0.9918,3.24,0.46,11.56,7
2503,White,8.56,0.29,0.33,3.71,0.021,39.6,62.5,0.9969,3.12,0.45,10.73,7
2504,White,5.69,0.3,0.14,4.45,0.043,2.0,102.5,0.9896,3.28,0.58,10.72,6
2505,White,8.72,0.13,0.05,0.6,0.026,29.5,145.4,0.9925,3.3,0.67,11.41,6
2506,White,5.42,0.32,0.25,3.45,0.056,23.2,143.4,0.9959,3.24,0.52,11.42,5
2507,White,6.03,0.24,0.31,12.98,0.061,18.0,148.3,0.9952,3.17,0.6,11.02,6
2508,White,8.09,0.17,0.4,13.35,0.058,36.1,185.2,0.9974,3.21,0.6,12.13,6
2509,White,6.8,0.31,0.31,7.21,0.066,30.5,187.8,0.9924,3.08,0.47,11.2,6
2510,White,7.14,0.5,0.48,14.93,0.009,48.1,143.0,0.9892,2.98,0.53,11.76,6
2511,White,6.23,0.11,0.3,10.05,0.058,48.2,166.3,0.9923,3.35,0.59,11.74,5
2512,White,6.3,0.2,0.41,4.25,0.046,23.8,177.4,0.9948,3.12,0.69,12.53,7
2513,White,6.3,0.39,0.37,17.41,0.085,50.2,156.2,0.9981,3.22,0.52,10.07,6
2514,White,6.28,0.31,0.29,12.04,0.012,26.6,169.9,0.9937,3.17,0.57,11.62,6
2515,White,7.41,0.11,0.47,5.38,0.034,38.9,147.1,0.9954,3.01,0.53,11.56,6
2516,White,7.72,0.31,0.25,9.68,0.02,32.3,113.6,0.9906,3.33,0.66,11.53,5
2517,White,8.38,0.34,0.23,13.74,0.051,9.5,122.4,0.9973,3.37,0.63,10.83,6
2518,White,6.78,0.3,0.29,5.68,0.01,43.1,184.3,1.001,3.29,0.39,10.86,5
2519,White,8.17,0.4,0.59,0.6,0.068,43.0,195.5,0.9972,3.13,0.3,11.56,6
2520,White,6.81,0.13,0.2,4.66,0.034,22.1,197.1,0.9973,3.17,0.46,11.51,6
2521,White,6.96,0.36,0.55,3.37,0.075,54.8,146.5,0.9941,3.22,0.56,9.85,5
2522,White,7.06,0.33,0.28,9.53,0.028,32.3,126.7,0.9936,3.17,0.62,12.33,6
2523,White,8.07,0.28,0.44,2.58,0.027,12.9,171.2,0.9936,3.03,0.63,11.43,5
2524,White,5.96,0.2,0.59,9.82,0.032,40.6,70.7,0.994,3.12,0.36,9.2,4
2525,White,5.83,0.33,0.52,0.6,0.059,50.8,158.9,0.9955,3.09,0.52,11.11,6
2526,White,6.55,0.3,0.27,0.6,0.05,43.1,117.5,0.9924,3.2,0.45,11.87,6
2527,White,6.53,0.26,0.35,1.9,0.034,59.5,113.4,0.9943,2.99,0.61,10.73,6
2528,White,7.61,0.23,0.37,8.79,0.07,42.9,168.7,0.9896,3.1,0.44,12.25,5
2529,White,6.39,0.31,0.51,8.95,0.051,72.5,121.7,0.9915,3.07,0.46,11.52,6
2530,White,6.29,0.35,0.4,4.66,0.07,55.3,137.7,0.9943,3.07,0.52,10.48,6
2531,White,7.27,0.51,0.22,4.06,0.04,31.8,91.9,0.9981,2.84,0.41,11.79,5
2532,White,5.76,0.14,0.28,2.91,0.075,64.6,88.2,0.9974,3.16,0.45,11.86,7
2533,White,5.38,0.3,0.17,8.3,0.054,37.6,101.2,0.9933,3.07,0.65,10.24,6
2534,White,7.32,0.45,0.32,3.33,0.034,48.4,91.8,0.9937,3.3,0.54,13.32,8
2535,White,6.78,0.18,0.31,13.05,0.063,25.8,172.6,0.9995,3.2,0.53,10.15,5
2536,White,6.45,0.23,0.45,5.49,0.053,33.3,82.9,0.9918,3.35,0.47,11.27,6
2537,White,7.84,0.23,0.3,12.16,0.023,44.2,198.8,0.9949,3.22,0.5,10.15,6
2538,White,7.86,0.16,0.34,5.88,0.019,54.4,123.7,0.9942,3.49,0.41,11.54,6
2539,White,6.94,0.25,0.52,0.6,0.09,73.5,135.2,0.9935,3.25,0.36,10.3,6
2540,White,7.49,0.31,0.33,8.59,0.042,21.7,88.1,0.9941,3.21,0.51,10.12,6
2541,White,5.72,0.28,0.25,0.6,0.067,9.9,149.4,0.9954,3.3,0.23,11.13,6
2542,White,6.32,0.44,0.41,0.6,0.027,49.2,126.0,0.9903,2.9,0.49,11.39,6
2543,White,8.04,0.24,0.17,2.87,0.056,51.9,121.1,0.9895,3.02,0.44,11.15,7
2544,White,6.11,0.32,0.32,11.23,0.072,22.7,124.4,0.9945,2.98,0.4,10.94,6
2545,White,7.39,0.39,0.33,6.53,0.064,49.1,123.9,0.9955,3.16,0.6,12.08,7
2546,White,6.22,0.38,0.31,11.1,0.009,30.5,126.8,0.9946,3.27,0.43,8.81,5
2547,White,7.32,0.2,0.28,0.6,0.075,13.6,191.8,0.9943,3.26,0.38,12.19,7
2548,White,6.74,0.25,0.22,10.95,0.031,49.2,90.7,0.9964,3.1,0.37,8.91,6
2549,White,6.01,0.32,0.48,0.6,0.085,13.2,120.0,0.9928,3.29,0.52,9.97,5
2550,White,7.57,0.29,0.42,13.34,0.04,44.5,211.7,0.9926,3.22,0.45,11.36,7
2551,White,6.25,0.27,0.39,7.19,0.046,38.2,144.9,0.9953,3.24,0.48,11.71,7
2552,White,7.19,0.53,0.38,10.76,0.046,40.5,198.1,0.9907,3.11,0.35,9.82,6
2553,White,5.12,0.36,0.04,2.08,0.035,19.5,192.7,0.997,3.62,0.58,11.58,6
2554,White,7.41,0.32,0.04,11.76,0.05,8.4,190.5,0.9938,2.9,0.71,11.46,5
2555,White,6.5,0.42,0.31,2.77,0.009,34.9,70.9,0.9911,3.33,0.58,9.77,5
2556,White,7.43,0.23,0.34,8.11,0.039,47.9,180.7,0.9925,3.32,0.53,11.4,6
2557,White,6.69,0.36,0.41,1.87,0.058,70.9,121.0,0.9916,3.39,0.61,13.12,8
2558,White,6.3,0.22,0.23,3.34,0.017,51.5,106.1,0.9936,3.28,0.43,11.35,6
2559,White,6.28,0.24,0.22,6.27,0.01,4.7,126.3,0.997,2.94,0.76,10.8,5
2560,White,7.73,0.47,0.44,7.47,0.061,71.3,149.4,0.9969,3.53,0.33,11.31,7
2561,White,5.27,0.18,0.51,4.67,0.009,27.2,142.2,0.9961,3.45,0.55,10.7,5
2562,White,7.18,0.33,0.54,2.85,0.074,56.9,130.9,0.9872,3.04,0.39,11.87,5
2563,White,8.09,0.25,0.17,1.32,0.063,44.1,148.0,0.9969,3.21,0.45,10.4,5
2564,White,6.18,0.25,0.33,0.6,0.054,33.2,139.6,0.9949,3.05,0.36,10.06,5
2565,White,7.37,0.25,0.38,0.6,0.043,17.2,223.0,0.9948,3.29,0.22,10.91,7
2566,White,5.3,0.18,0.4,1.05,0.009,26.0,100.6,0.9927,3.42,0.33,10.39,6
2567,White,4.95,0.38,0.31,13.14,0.054,51.7,193.0,0.9916,3.4,0.66,10.79,6
2568,White,7.44,0.23,0.26,0.6,0.062,35.3,186.0,0.9967,3.07,0.39,11.24,6
2569,White,6.49,0.42,0.29,13.93,0.011,37.5,60.0,0.992,3.16,0.64,12.89,6
2570,White,8.49,0.11,0.46,7.32,0.047,28.4,151.4,0.9891,3.47,0.43,11.41,6
2571,White,6.63,0.27,0.49,12.63,0.078,16.9,118.6,0.9911,3.08,0.52,10.81,6
2572,White,7.28,0.26,0.23,0.72,0.059,43.7,215.3,0.9942,3.2,0.52,10.13,4
2573,White,7.15,0.32,0.32,7.48,0.065,35.4,78.9,0.9949,3.19,0.5,11.44,7
2574,White,5.82,0.25,0.26,8.93,0.056,11.6,72.9,0.9919,3.18,0.59,9.21,6
2575,White,7.23,0.3,0.4,8.87,0.033,26.2,104.3,0.9962,2.99,0.51,11.47,5
2576,White,7.26,0.2,0.25,1.92,0.017,21.9,68.6,0.9913,2.86,0.46,12.45,5
2577,White,5.5,0.26,0.48,9.96,0.009,64.5,58.1,0.9979,3.06,0.69,11.91,8
2578,White,5.79,0.27,0.41,6.48,0.053,54.6,132.9,0.9938,3.08,0.6,11.49,6
2579,White,8.09,0.27,0.11,0.6,0.009,53.6,193.9,0.992,3.01,0.6,11.78,5
2580,White,8.13,0.3,0.27,7.58,0.057,40.8,104.5,0.9957,3.21,0.59,11.06,6
2581,White,6.36,0.43,0.32,9.16,0.03,21.3,103.3,0.9948,3.16,0.45,9.37,5
2582,White,6.71,0.37,0.46,0.6,0.078,30.0,125.8,0.9951,3.14,0.43,10.37,6
2583,White,6.04,0.17,0.5,5.77,0.066,31.4,160.0,0.993,3.06,0.45,10.58,6
2584,White,5.91,0.29,0.23,9.1,0.035,46.3,206.9,0.9938,3.17,0.54,10.38,6
2585,White,6.05,0.32,0.58,5.41,0.009,27.8,149.9,0.991,3.13,0.5,10.34,7
2586,White,6.16,0.42,0.14,3.7,0.052,42.1,172.8,0.9943,3.23,0.58,10.86,6
2587,White,6.12,0.21,0.26,14.25,0.028,32.4,120.3,0.9982,3.34,0.34,10.23,6
2588,White,6.63,0.12,0.45,0.6,0.085,2.5,172.4,1.0004,3.17,0.36,9.57,6
2589,White,6.04,0.37,0.35,8.56,0.029,35.7,98.3,0.998,3.3,0.53,9.56,4
2590,White,8.37,0.23,0.34,8.3,0.071,53.1,133.1,0.994,3.34,0.53,12.83,6
2591,White,5.19,0.23,0.09,8.4,0.062,12.7,118.4,0.9944,3.17,0.66,11.6,5
2592,White,7.69,0.33,0.19,1.94,0.068,22.8,32.3,0.9924,3.11,0.48,10.89,5
2593,White,7.06,0.22,0.33,6.31,0.056,20.1,189.2,0.998,3.12,0.47,11.91,6
2594,White,5.89,0.2,0.11,4.17,0.042,47.9,211.6,0.9961,3.22,0.39,9.96,4
2595,White,6.35,0.3,0.17,0.6,0.038,43.7,114.6,0.995,3.23,0.68,10.42,5
2596,White,5.43,0.3,0.33,0.6,0.064,40.0,162.3,0.9965,3.39,0.36,11.11,6
2597,White,6.69,0.39,0.37,11.86,0.069,47.2,136.9,0.9915,3.14,0.34,10.68,6
2598,White,7.66,0.5,0.31,1.77,0.099,36.2,150.8,0.9946,3.44,0.56,10.79,6
2599,White,6.36,0.33,0.41,9.02,0.068,34.3,162.6,0.9955,3.05,0.51,11.33,6
2600,White,6.97,0.36,0.13,12.09,0.069,28.1,108.0,0.9938,3.34,0.37,10.63,5
2601,White,7.34,0.1,0.38,0.6,0.036,40.1,83.7,0.9913,3.04,0.6,10.64,5
2602,White,6.45,0.22,0.64,18.57,0.052,18.5,151.6,0.9917,3.16,0.53,12.64,8
2603,White,6.09,0.35,0.39,0.6,0.043,36.2,166.4,0.9943,3.26,0.4,9.47,6
2604,White,7.01,0.27,0.62,6.3,0.041,28.2,137.4,0.9993,3.03,0.31,9.71,5
2605,White,5.87,0.27,0.27,5.65,0.035,13.4,133.3,0.9936,3.05,0.33,12.65,7
2606,White,7.12,0.27,0.23,7.17,0.036,33.6,105.1,0.9939,2.95,0.49,12.03,6
2607,White,4.86,0.34,0.33,8.54,0.087,42.7,118.2,0.9964,3.35,0.42,10.77,6
2608,White,6.69,0.22,0.21,2.2,0.048,22.4,146.1,0.9933,3.18,0.43,10.52,5
2609,White,7.83,0.35,0.29,0.6,0.084,17.8,164.3,0.9927,3.36,0.36,9.57,5
2610,White,6.08,0.3,0.34,8.78,0.049,19.0,80.3,0.9978,3.46,0.65,10.96,6
2611,White,7.02,0.19,0.34,11.35,0.027,2.6,158.6,0.99,3.09,0.28,12.04,6
2612,White,4.78,0.4,0.19,6.03,0.024,35.2,128.4,0.9909,3.11,0.5,10.21,6
2613,White,6.87,0.11,0.21,3.14,0.034,31.2,192.0,0.9919,3.2,0.56,11.88,7
2614,White,6.29,0.27,0.25,12.36,0.013,72.0,201.4,0.9904,3.2,0.34,12.52,6
2615,White,5.24,0.18,0.21,9.69,0.047,49.8,160.9,0.99,3.15,0.57,11.86,7
2616,White,7.44,0.33,0.4,3.64,0.037,28.0,222.3,0.9944,2.94,0.52,11.62,7
2617,White,8.25,0.29,0.44,12.98,0.058,31.5,132.6,0.9901,3.05,0.54,10.1,6
2618,White,6.44,0.31,0.34,6.78,0.028,23.1,157.3,1.0006,3.19,0.32,12.49,7
2619,White,7.81,0.25,0.26,1.65,0.068,23.2,190.9,0.9967,3.48,0.45,10.57,6
2620,White,5.48,0.27,0.24,6.15,0.016,16.6,95.9,0.997,3.16,0.45,11.12,5
2621,White,6.52,0.38,0.17,9.26,0.045,27.1,202.4,0.9919,3.07,0.63,10.97,5
2622,White,7.04,0.43,0.27,6.47,0.027,18.1,147.9,0.9977,2.88,0.45,11.53,5
2623,White,7.19,0.25,0.29,16.62,0.027,44.2,185.4,0.9903,2.93,0.66,10.93,6
2624,White,6.88,0.18,0.35,2.11,0.042,53.5,101.3,0.9946,3.2,0.66,9.13,5
2625,White,6.75,0.31,0.16,7.48,0.014,60.6,110.7,0.9959,3.31,0.47,10.49,6
2626,White,7.1,0.19,0.25,4.84,0.037,40.9,160.6,0.9956,3.26,0.5,12.58,6
2627,White,6.6,0.45,0.33,8.83,0.023,28.1,94.7,0.9926,3.15,0.39,13.37,7
2628,White,7.31,0.41,0.42,10.46,0.027,21.0,70.6,0.9854,2.99,0.57,9.91,5
2629,White,6.3,0.39,0.36,3.06,0.063,45.5,71.3,0.9917,3.23,0.54,10.61,5
2630,White,6.69,0.4,0.4,7.06,0.086,29.8,124.7,0.9937,3.27,0.47,11.85,5
2631,White,6.35,0.08,0.1,16.01,0.009,24.3,111.1,0.9994,3.08,0.46,10.8,5
2632,White,6.59,0.18,0.31,7.66,0.035,33.0,263.3,0.9916,3.17,0.58,11.58,6
2633,White,7.06,0.21,0.26,5.94,0.066,50.4,144.3,0.9968,3.23,0.83,11.01,6
2634,White,7.01,0.47,0.51,8.84,0.071,53.0,102.6,0.9962,3.11,0.57,9.89,5
2635,White,7.63,0.39,0.22,8.58,0.009,40.4,148.4,0.9949,3.12,0.61,11.1,5
2636,White,6.71,0.29,0.21,1.5,0.043,16.8,114.8,0.9908,3.17,0.48,10.41,7
2637,White,6.76,0.41,0.35,3.13,0.057,37.7,140.6,0.9942,3.02,0.48,10.12,4
2638,White,6.37,0.29,0.43,14.09,0.036,45.2,125.7,0.9934,3.29,0.38,11.87,8
2639,White,8.02,0.25,0.16,7.72,0.041,55.2,229.2,0.9964,3.13,0.45,9.84,6
2640,White,5.06,0.38,0.22,0.6,0.047,42.9,112.4,0.9962,3.18,0.49,11.16,6
2641,White,6.67,0.4,0.18,11.5,0.042,24.2,191.3,0.9906,3.29,0.53,10.79,5
2642,White,8.97,0.24,0.34,0.68,0.074,70.1,166.8,0.9922,3.06,0.78,10.01,6
2643,White,5.49,0.43,0.23,5.51,0.031,35.6,177.2,0.9959,3.02,0.43,10.66,6
2644,White,6.96,0.22,0.21,12.17,0.033,24.7,47.3,0.9967,3.52,0.48,11.0,5
2645,White,6.7,0.36,0.42,0.6,0.072,28.4,122.8,0.9908,3.0,0.48,10.31,6
2646,White,8.49,0.19,0.38,9.77,0.095,26.2,169.0,0.9925,3.07,0.45,11.45,7
2647,White,6.78,0.09,0.33,8.63,0.058,9.6,193.0,0.996,3.18,0.56,11.79,6
2648,White,6.44,0.16,0.31,11.04,0.058,27.1,120.9,0.9949,3.07,0.57,11.08,6
2649,White,5.37,0.15,0.1,3.83,0.023,60.7,193.5,0.996,3.17,0.39,11.92,5
2650,White,8.36,0.22,0.39,0.6,0.034,16.2,72.6,0.9943,3.39,0.47,12.17,7
2651,White,5.56,0.16,0.31,13.77,0.052,47.7,58.6,0.997,3.49,0.47,12.04,7
2652,White,6.58,0.22,0.26,7.4,0.026,43.2,225.6,0.9943,3.46,0.62,10.94,7
2653,White,7.91,0.3,0.41,11.13,0.03,41.3,169.3,0.9946,2.89,0.66,9.92,6
2654,White,6.26,0.24,0.24,9.45,0.047,11.4,157.6,0.9946,3.46,0.31,11.6,8
2655,White,5.41,0.34,0.39,13.48,0.065,2.0,190.2,0.9979,3.18,0.78,10.91,6
2656,White,6.56,0.28,0.36,4.63,0.07,40.4,183.0,1.0002,2.92,0.44,11.06,6
2657,White,6.48,0.27,0.37,13.93,0.054,32.0,209.2,0.9903,3.0,0.62,10.3,6
2658,White,7.87,0.4,0.34,7.08,0.025,46.2,67.9,0.9957,3.2,0.52,11.2,6
2659,White,6.58,0.32,0.61,15.53,0.07,33.9,114.1,0.9959,3.28,0.63,11.58,7
2660,White,6.29,0.26,0.18,0.95,0.058,54.2,102.4,0.99,3.21,0.54,11.73,7
2661,White,7.63,0.29,0.07,6.39,0.024,42.6,160.7,0.9936,3.13,0.36,12.49,7
2662,White,6.9,0.34,0.19,7.76,0.02,32.1,124.8,0.9945,3.0,0.57,10.65,6
2663,White,6.54,0.14,0.42,9.86,0.023,35.5,127.9,0.9964,3.28,0.32,11.44,5
2664,White,5.46,0.17,0.5,3.92,0.022,2.0,130.9,0.994,3.01,0.42,11.3,5
2665,White,9.51,0.35,0.5,2.07,0.034,27.0,78.2,0.9939,3.14,0.38,11.72,6
2666,White,7.06,0.29,0.28,11.87,0.056,25.5,153.5,0.9948,3.21,0.61,11.73,6
2667,White,7.83,0.2,0.35,1.48,0.034,23.5,153.5,0.9925,3.16,0.47,13.77,8
2668,White,6.33,0.26,0.32,4.94,0.069,33.5,236.7,0.9974,3.27,0.6,9.65,7
2669,White,7.47,0.33,0.49,4.63,0.064,63.0,115.1,0.9939,3.29,0.44,11.24,6
2670,White,9.01,0.27,0.29,13.53,0.028,48.9,80.0,0.9947,3.28,0.51,11.74,5
2671,White,4.78,0.29,0.39,8.95,0.064,41.0,206.7,0.9967,2.99,0.37,11.25,6
2672,White,8.15,0.13,0.41,0.6,0.009,38.4,170.4,0.9926,3.09,0.49,10.13,6
2673,White,7.68,0.38,0.25,3.82,0.067,49.5,114.9,0.9958,3.13,0.69,11.27,6
2674,White,6.18,0.17,0.3,0.6,0.092,33.7,116.0,0.9934,3.19,0.36,10.69,5
2675,White,6.12,0.21,0.38,0.95,0.018,23.4,199.1,0.9904,3.47,0.37,9.98,6
2676,White,7.77,0.34,0.19,11.34,0.066,56.9,197.4,0.9917,3.04,0.65,11.58,6
2677,White,6.93,0.09,0.36,10.4,0.053,32.6,128.3,0.9993,3.25,0.65,11.04,7
2678,White,7.73,0.42,0.43,8.39,0.009,23.6,150.2,0.999,3.28,0.7,12.3,8
2679,White,7.7,0.25,0.22,5.24,0.056,49.2,165.5,0.9901,3.28,0.4,10.29,7
2680,White,6.0,0.33,0.5,3.61,0.074,32.3,40.8,0.9962,3.22,0.38,9.96,6
2681,White,8.07,0.28,0.56,2.18,0.012,76.8,102.7,0.9984,3.27,0.52,11.71,6
2682,White,7.65,0.39,0.32,1.11,0.066,28.3,86.4,0.9981,3.23,0.63,10.96,5
2683,White,6.99,0.32,0.33,8.09,0.072,36.8,146.2,0.9948,3.09,0.46,10.95,6
2684,White,8.15,0.24,0.44,6.97,0.047,10.1,249.5,0.9974,3.16,0.31,10.13,5
2685,White,5.68,0.33,0.3,4.54,0.009,20.0,102.6,0.995,3.11,0.65,11.52,6
2686,White,5.9,0.26,0.33,0.6,0.058,34.5,162.7,0.9984,2.93,0.41,11.42,5
2687,White,6.54,0.21,0.38,12.62,0.07,28.6,90.2,0.9962,3.2,0.52,12.87,7
2688,White,6.58,0.28,0.29,8.43,0.054,38.4,145.2,0.9968,3.26,0.45,9.85,5
2689,White,8.38,0.15,0.23,7.01,0.059,42.9,83.9,0.9889,3.16,0.57,11.41,5
2690,White,7.82,0.31,0.26,0.6,0.052,9.5,181.0,0.9955,3.28,0.36,10.88,6
2691,White,5.72,0.36,0.0,10.53,0.042,30.4,56.1,0.9968,3.2,0.53,11.83,7
2692,White,8.11,0.34,0.26,2.03,0.063,50.3,108.1,0.9964,3.1,0.47,10.05,5
2693,White,8.27,0.16,0.3,5.25,0.044,22.8,132.0,0.9871,2.82,0.71,10.68,5
2694,White,6.65,0.11,0.43,4.96,0.059,42.4,222.5,0.9931,3.25,0.54,11.16,7
2695,White,7.46,0.41,0.52,5.97,0.025,2.0,194.1,1.0,3.12,0.55,12.19,7
2696,White,5.66,0.17,0.39,4.16,0.066,43.9,65.0,0.9913,3.46,0.66,10.15,5
2697,White,7.39,0.18,0.3,1.08,0.065,23.2,170.0,0.9933,3.27,0.56,11.79,6
2698,White,7.67,0.23,0.24,1.58,0.014,41.9,172.2,0.9925,3.38,0.49,10.71,6
2699,White,6.92,0.37,0.43,6.48,0.034,2.0,124.6,0.993,3.36,0.35,12.46,7
2700,White,7.01,0.12,0.3,0.6,0.032,64.0,138.6,0.9912,3.24,0.34,11.69,6
2701,White,6.58,0.16,0.19,2.94,0.039,23.9,133.8,1.0035,3.35,0.61,11.75,7
2702,White,7.35,0.23,0.49,5.75,0.046,10.2,153.8,0.9878,3.44,0.49,10.54,6
2703,White,7.06,0.26,0.22,9.28,0.053,47.2,181.6,0.9961,3.18,0.41,12.82,7
2704,White,5.24,0.29,0.36,11.41,0.055,38.2,193.7,0.993,3.29,0.63,13.1,8
2705,White,6.28,0.41,0.42,2.26,0.048,10.2,92.8,0.9928,3.11,0.47,11.3,6
2706,White,7.72,0.31,0.26,5.84,0.012,30.6,140.6,0.9894,3.47,0.47,11.28,5
2707,White,7.25,0.26,0.37,9.17,0.028,2.0,83.0,0.9922,3.22,0.53,10.48,6
2708,White,6.18,0.33,0.34,4.1,0.06,46.6,152.2,0.9934,3.12,0.6,10.87,6
2709,White,7.12,0.36,0.18,5.88,0.05,45.1,202.8,0.9899,3.42,0.62,12.15,8
2710,White,7.21,0.23,0.39,0.6,0.041,24.3,134.0,0.9939,3.18,0.45,11.96,6
2711,White,8.29,0.35,0.45,4.01,0.033,47.2,62.9,0.9948,3.05,0.48,9.95,8
2712,White,7.23,0.08,0.36,12.07,0.044,15.5,125.0,1.0001,3.34,0.49,10.1,5
2713,White,6.69,0.3,0.31,5.22,0.06,25.1,76.1,0.9928,3.27,0.6,10.75,6
2714,White,6.1,0.28,0.3,14.37,0.042,36.2,58.0,0.9958,3.02,0.65,11.08,6
2715,White,6.88,0.23,0.18,1.37,0.063,61.2,176.9,0.9879,3.14,0.5,13.57,8
2716,White,5.7,0.36,0.43,7.89,0.061,71.4,94.0,0.9902,3.41,0.52,12.72,7
2717,White,6.75,0.13,0.19,0.6,0.045,26.0,176.8,0.9923,3.11,0.59,9.74,6
2718,White,8.04,0.33,0.17,0.6,0.023,13.1,209.9,0.9907,3.15,0.46,10.87,5
2719,White,5.92,0.2,0.37,1.58,0.031,63.5,128.4,0.9988,3.13,0.68,12.42,7
2720,White,7.37,0.27,0.3,11.3,0.031,50.5,146.7,0.9893,3.33,0.65,11.14,7
2721,White,7.83,0.38,0.61,9.84,0.034,31.5,85.4,0.994,2.81,0.44,9.8,6
2722,White,7.56,0.21,0.42,10.22,0.009,67.1,86.3,0.9896,2.92,0.36,11.83,6
2723,White,7.11,0.34,0.48,8.05,0.048,59.4,210.0,0.9943,3.25,0.48,10.34,4
2724,White,6.19,0.35,0.52,3.75,0.04,25.2,214.5,0.9949,3.13,0.61,11.61,7
2725,White,7.0,0.38,0.37,8.64,0.071,37.6,177.2,0.9993,3.1,0.46,10.56,6
2726,White,6.93,0.29,0.12,4.31,0.028,25.3,123.1,0.9923,3.02,0.5,10.28,7
2727,White,6.6,0.24,0.26,7.32,0.054,2.7,137.9,0.9923,3.03,0.5,11.86,5
2728,White,6.08,0.24,0.39,9.02,0.087,29.7,133.5,0.9934,3.11,0.62,11.77,5
2729,White,6.73,0.33,0.41,7.14,0.018,18.5,126.8,0.9913,3.34,0.52,10.85,7
2730,White,7.66,0.34,0.41,7.87,0.065,53.5,125.3,0.996,3.11,0.24,11.43,5
2731,White,7.73,0.36,0.1,11.33,0.025,50.2,111.4,0.9966,3.28,0.33,10.75,7
2732,White,6.98,0.31,0.3,7.83,0.069,30.0,146.5,0.9908,3.44,0.37,13.15,6
2733,White,6.61,0.19,0.36,4.8,0.017,53.2,95.7,0.9973,3.09,0.57,11.49,7
2734,White,6.54,0.32,0.41,5.43,0.041,23.8,122.4,0.9968,3.28,0.51,10.24,5
2735,White,6.26,0.34,0.13,6.19,0.057,29.4,104.9,1.0008,3.12,0.61,12.22,5
2736,White,7.55,0.12,0.39,7.25,0.084,17.9,155.9,0.9895,3.33,0.25,10.45,6
2737,White,5.66,0.24,0.28,4.53,0.045,51.8,164.5,0.9921,3.31,0.63,10.43,6
2738,White,7.99,0.26,0.42,5.36,0.065,11.3,94.0,0.9924,3.23,0.56,11.04,7
2739,White,7.67,0.28,0.33,0.6,0.03,7.1,169.8,0.9925,3.13,0.64,10.27,6
2740,White,7.69,0.19,0.34,0.6,0.036,22.5,180.9,1.0,3.19,0.45,12.5,7
2741,White,8.64,0.24,0.51,2.4,0.059,22.6,135.7,0.9898,3.4,0.46,11.82,7
2742,White,6.76,0.27,0.35,4.5,0.07,61.2,109.6,0.9952,3.31,0.71,11.1,6
2743,White,6.94,0.45,0.18,14.89,0.029,18.6,75.2,0.9933,3.35,0.36,12.42,8
2744,White,7.68,0.43,0.18,9.82,0.04,23.8,9.0,0.9942,3.23,0.22,10.94,5
2745,White,6.31,0.19,0.11,6.82,0.026,43.2,132.2,0.9923,3.34,0.45,9.27,4
2746,White,8.06,0.22,0.21,0.6,0.037,23.8,30.1,0.9967,3.18,0.49,10.37,6
2747,White,6.19,0.24,0.32,1.87,0.028,19.4,235.8,0.9872,3.25,0.42,9.61,7
2748,White,7.36,0.29,0.32,6.23,0.049,52.2,145.7,0.9933,3.39,0.55,11.71,6
2749,White,6.38,0.11,0.22,7.81,0.041,43.8,79.0,0.9883,3.04,0.61,9.47,6
2750,White,8.47,0.28,0.23,2.57,0.055,41.5,194.3,0.9954,3.27,0.41,10.16,5
2751,White,7.33,0.22,0.45,6.39,0.067,32.2,172.2,0.9939,3.4,0.56,10.96,7
2752,White,6.75,0.48,0.29,8.59,0.041,76.6,164.8,0.9991,2.89,0.51,10.23,6
2753,White,8.02,0.25,0.32,1.81,0.059,20.4,180.9,0.9965,3.23,0.44,11.18,7
2754,White,6.95,0.33,0.63,12.64,0.071,11.0,182.4,0.9959,3.32,0.33,9.61,5
2755,White,7.36,0.31,0.44,2.41,0.046,6.5,107.4,0.9978,3.35,0.45,11.37,4
2756,White,6.86,0.32,0.28,5.57,0.031,43.0,132.4,0.9921,3.47,0.47,11.69,5
2757,White,7.24,0.28,0.25,6.31,0.055,66.1,177.0,0.9901,3.31,0.51,13.34,6
2758,White,7.31,0.32,0.36,12.07,0.042,2.0,167.6,0.9933,3.12,0.5,9.43,6
2759,White,6.8,0.27,0.31,0.6,0.014,75.8,138.5,0.9976,3.25,0.37,11.38,6
2760,White,8.66,0.32,0.24,0.6,0.064,41.8,59.2,0.9952,3.1,0.6,10.59,6
2761,White,6.99,0.24,0.33,4.97,0.017,6.7,49.0,0.9916,2.97,0.32,9.66,6
2762,White,6.21,0.21,0.22,12.76,0.035,31.7,139.6,0.9964,3.02,0.37,10.56,7
2763,White,6.46,0.44,0.18,3.23,0.059,14.2,35.8,0.9904,3.12,0.63,10.75,6
2764,White,5.54,0.31,0.4,0.6,0.084,51.1,101.6,0.993,3.4,0.56,11.75,7
2765,White,7.36,0.25,0.4,0.6,0.04,49.6,159.3,0.9991,3.06,0.6,12.66,6
2766,White,8.03,0.41,0.4,8.12,0.046,31.5,64.3,0.9922,3.09,0.52,11.09,7
2767,White,6.77,0.25,0.32,11.39,0.037,2.0,74.1,0.9917,3.11,0.75,12.37,7
2768,White,8.5,0.1,0.3,7.19,0.049,31.3,256.4,0.9926,3.17,0.27,11.6,6
2769,White,6.64,0.36,0.58,3.32,0.03,37.5,160.3,0.9929,3.58,0.35,11.01,6
2770,White,8.67,0.09,0.31,13.97,0.088,22.5,69.2,0.9888,3.29,0.39,10.55,5
2771,White,6.72,0.32,0.22,4.2,0.041,17.2,149.1,0.995,3.19,0.65,11.92,6
2772,White,6.28,0.33,0.26,0.6,0.029,16.5,150.9,0.9944,3.27,0.49,10.15,5
2773,White,7.24,0.32,0.36,2.28,0.085,50.3,88.6,0.9951,3.17,0.73,10.04,6
2774,White,7.16,0.08,0.3,7.58,0.072,25.2,97.0,0.9962,3.23,0.32,9.23,6
2775,White,8.23,0.29,0.4,6.19,0.047,42.4,28.2,0.9923,3.15,0.56,10.36,5
2776,White,8.47,0.38,0.04,11.52,0.012,45.0,79.9,0.9971,3.08,0.49,10.65,6
2777,White,6.45,0.24,0.12,10.03,0.046,40.5,96.5,0.9972,3.07,0.57,12.91,6
2778,White,7.28,0.21,0.5,6.82,0.048,51.4,146.3,0.9973,3.42,0.49,11.57,5
2779,White,6.42,0.29,0.24,12.77,0.012,40.7,190.2,0.9966,3.11,0.65,11.24,7
2780,White,7.23,0.31,0.2,4.79,0.02,2.0,125.1,0.9928,3.05,0.48,12.36,7
2781,White,6.19,0.3,0.31,7.97,0.016,41.4,121.9,0.9879,3.0,0.7,11.51,6
2782,White,6.69,0.21,0.43,9.61,0.038,61.4,211.5,0.9959,3.13,0.38,12.43,8
2783,White,6.03,0.33,0.25,9.59,0.075,2.0,192.5,0.9984,3.1,0.47,11.68,6
2784,White,7.3,0.44,0.19,11.14,0.038,6.8,161.0,0.9943,3.3,0.63,10.85,6
2785,White,7.8,0.35,0.25,6.41,0.01,34.5,145.9,0.9848,2.99,0.64,11.6,6
2786,White,4.24,0.34,0.32,0.6,0.069,17.6,136.9,0.9967,2.91,0.55,12.74,7
2787,White,6.61,0.44,0.15,10.13,0.042,10.4,186.6,0.9904,3.15,0.59,11.57,7
2788,White,5.46,0.47,0.32,5.7,0.037,27.1,60.8,0.9925,3.16,0.6,12.36,6
2789,White,7.64,0.47,0.29,8.59,0.051,33.2,14.5,0.9922,3.13,0.44,10.52,5
2790,White,5.85,0.28,0.31,8.71,0.054,54.3,141.7,0.9944,3.11,0.37,12.64,7
2791,White,7.62,0.12,0.66,10.07,0.009,36.7,176.1,0.994,3.04,0.31,9.36,5
2792,White,6.53,0.1,0.24,5.69,0.066,40.9,94.8,0.9945,3.1,0.43,10.69,7
2793,White,5.99,0.34,0.39,2.62,0.074,18.0,193.0,0.9936,2.95,0.22,10.91,6
2794,White,6.48,0.1,0.51,7.5,0.078,47.1,147.6,0.9944,3.26,0.4,12.04,6
2795,White,8.18,0.19,0.23,1.69,0.011,43.1,93.1,0.9964,3.19,0.38,10.62,6
2796,White,7.17,0.29,0.26,8.02,0.054,72.1,130.9,0.9915,3.12,0.44,10.24,7
2797,White,6.59,0.21,0.44,7.63,0.025,39.6,135.4,0.9941,3.09,0.27,11.25,6
2798,White,7.87,0.4,0.35,3.94,0.067,39.2,113.2,0.9948,3.14,0.54,12.8,5
2799,White,9.18,0.54,0.39,2.38,0.044,57.8,189.2,0.9974,3.06,0.46,11.16,6
2800,White,6.92,0.36,0.32,7.8,0.01,34.8,109.3,0.9982,3.14,0.48,11.2,5
2801,White,6.93,0.3,0.36,9.57,0.098,68.1,103.5,0.9945,3.06,0.4,9.76,5
2802,White,7.5,0.34,0.18,4.4,0.017,19.9,128.2,0.9963,2.84,0.46,11.94,5
2803,White,8.13,0.33,0.48,11.21,0.056,38.4,67.0,0.9968,3.24,0.35,10.9,6
2804,White,7.14,0.27,0.28,0.6,0.015,74.4,112.9,0.992,2.97,0.62,10.7,6
2805,White,6.16,0.33,0.17,5.31,0.036,30.4,142.5,0.9963,2.96,0.46,11.15,5
2806,White,6.67,0.22,0.36,1.2,0.036,60.2,120.7,0.9945,3.15,0.55,11.8,7
2807,White,7.03,0.18,0.41,0.82,0.035,22.7,91.3,0.9947,3.36,0.53,10.5,6
2808,White,8.18,0.35,0.35,2.0,0.03,33.9,91.6,0.9939,3.19,0.42,10.27,6
2809,White,6.52,0.15,0.45,6.98,0.058,26.5,169.1,0.9916,3.18,0.45,10.16,7
2810,White,6.76,0.33,0.32,10.31,0.086,30.1,145.0,0.9895,3.22,0.41,10.27,5
2811,White,6.3,0.11,0.13,4.94,0.078,12.8,193.0,0.9945,3.27,0.48,12.66,6
2812,White,6.39,0.3,0.36,5.87,0.043,53.5,119.8,0.9927,3.42,0.58,12.1,5
2813,White,5.71,0.36,0.58,0.6,0.083,35.4,143.8,0.9965,3.31,0.41,10.39,5
2814,White,7.01,0.29,0.35,9.83,0.024,41.8,112.5,0.9871,3.29,0.53,9.55,4
2815,White,7.56,0.26,0.3,4.34,0.064,34.0,60.1,0.9926,3.0,0.76,9.97,6
2816,White,7.9,0.36,0.32,13.2,0.072,31.8,155.5,0.9913,3.29,0.37,12.12,6
2817,White,6.48,0.26,0.08,8.19,0.009,25.1,133.0,0.9879,3.17,0.59,11.25,7
2818,White,6.83,0.2,0.44,8.18,0.054,11.3,180.8,0.9888,2.86,0.71,11.78,5
2819,White,6.53,0.11,0.14,9.24,0.023,8.4,181.2,0.9944,3.12,0.42,9.03,5
2820,White,6.09,0.24,0.21,7.37,0.051,49.5,150.7,0.9982,3.05,0.39,11.93,7
2821,White,6.94,0.08,0.2,10.26,0.051,37.2,185.7,0.9975,3.14,0.45,10.99,7
2822,White,6.55,0.29,0.34,4.02,0.071,44.0,128.4,0.999,3.16,0.31,10.9,7
2823,White,7.48,0.17,0.31,11.56,0.035,52.8,30.4,0.9955,3.44,0.47,10.94,7
2824,White,7.9,0.37,0.27,9.13,0.013,48.8,152.3,0.9924,3.21,0.64,11.19,5
2825,White,6.5,0.33,0.4,13.64,0.053,35.0,126.4,0.9964,3.33,0.34,11.51,6
2826,White,8.12,0.23,0.05,6.86,0.047,42.7,150.8,0.9926,3.28,0.52,10.05,5
2827,White,7.42,0.28,0.42,8.38,0.036,38.5,152.7,0.9944,3.15,0.35,11.43,6
2828,White,7.65,0.22,0.23,0.6,0.055,30.9,130.3,0.9955,3.23,0.74,11.88,6
2829,White,5.1,0.13,0.38,0.72,0.028,23.7,159.6,0.9952,3.26,0.46,12.32,6
2830,White,6.78,0.23,0.36,0.6,0.016,44.0,103.9,0.9979,3.34,0.3,12.34,7
2831,White,6.64,0.21,0.25,12.42,0.024,33.6,129.4,0.9923,3.26,0.33,13.43,7
2832,White,8.15,0.31,0.57,2.71,0.044,64.8,189.5,0.9943,3.04,0.58,12.11,5
2833,White,5.93,0.16,0.31,16.04,0.059,24.1,178.0,0.9886,2.96,0.63,10.73,5
2834,White,6.86,0.36,0.37,7.7,0.08,42.5,121.0,0.9932,3.3,0.52,11.44,6
2835,White,5.46,0.3,0.16,3.41,0.009,40.5,117.0,0.9971,3.14,0.53,11.98,6
2836,White,7.87,0.19,0.39,4.45,0.049,35.6,228.8,0.9919,3.19,0.43,10.9,6
2837,White,6.34,0.34,0.29,12.18,0.038,35.1,222.7,0.9942,2.88,0.3,10.65,7
2838,White,6.11,0.19,0.32,7.6,0.056,41.3,149.0,0.9982,3.47,0.27,11.64,6
2839,White,8.09,0.26,0.15,8.9,0.054,12.1,119.0,0.996,3.05,0.51,10.51,5
2840,White,7.76,0.22,0.37,4.52,0.044,29.8,173.7,0.9918,3.2,0.61,10.07,5
2841,White,6.94,0.16,0.32,11.25,0.051,17.7,117.5,0.992,3.0,0.71,13.25,7
2842,White,7.13,0.37,0.25,0.6,0.072,45.2,231.2,0.9912,2.95,0.53,10.67,6
2843,White,7.27,0.4,0.43,0.6,0.063,22.1,187.9,0.9887,3.18,0.43,11.17,7
2844,White,5.71,0.34,0.16,18.05,0.009,32.2,195.8,0.9939,2.93,0.52,10.48,6
2845,White,8.79,0.25,0.32,16.14,0.028,16.9,115.8,0.9932,2.73,0.4,11.03,7
2846,White,7.22,0.33,0.29,5.52,0.092,44.1,136.5,0.9899,3.32,0.42,10.62,6
2847,White,8.46,0.45,0.41,11.97,0.049,19.1,176.7,0.9932,3.25,0.65,12.06,6
2848,White,7.16,0.33,0.42,9.24,0.048,46.4,128.2,0.9934,3.01,0.42,11.19,6
2849,White,7.02,0.18,0.14,1.78,0.032,33.3,79.2,0.9955,3.25,0.57,10.29,7
2850,White,6.57,0.26,0.57,5.06,0.009,19.9,162.8,0.9933,3.14,0.73,12.05,6
2851,White,5.86,0.34,0.41,7.03,0.033,81.3,192.1,0.9951,3.15,0.35,9.74,6
2852,White,4.8,0.3,0.56,1.77,0.034,41.5,147.6,0.9984,3.23,0.45,12.33,6
2853,White,6.66,0.2,0.35,9.07,0.044,46.5,97.2,0.9952,3.24,0.62,11.79,7
2854,White,7.0,0.35,0.54,11.68,0.039,12.5,132.5,0.9915,3.27,0.33,11.32,7
2855,White,7.16,0.18,0.51,5.67,0.049,29.8,159.4,0.9972,3.19,0.54,10.15,5
2856,White,6.72,0.14,0.45,10.88,0.029,25.2,136.1,0.9889,3.22,0.28,11.11,7
2857,White,6.01,0.35,0.35,8.59,0.096,7.2,117.7,0.9899,3.1,0.4,11.51,3
2858,White,7.65,0.22,0.14,11.57,0.071,11.0,143.6,0.9952,3.35,0.48,10.96,5
2859,White,7.35,0.52,0.56,2.48,0.036,22.9,162.1,0.9949,3.21,0.74,11.59,6
2860,White,4.62,0.33,0.35,5.44,0.03,42.4,145.6,0.9955,3.28,0.51,10.58,6
2861,White,7.72,0.15,0.27,5.27,0.074,40.3,148.9,0.9931,3.17,0.65,11.34,6
2862,White,5.71,0.38,0.6,0.6,0.038,39.8,102.4,0.9938,3.52,0.43,12.03,7
2863,White,5.47,0.25,0.36,8.51,0.055,53.2,123.8,0.9951,2.96,0.56,11.26,6
2864,White,5.64,0.32,0.38,12.07,0.058,39.3,19.2,0.9884,3.16,0.36,11.22,7
2865,White,7.04,0.26,0.37,0.6,0.044,23.0,227.1,0.9921,2.95,0.61,10.74,6
2866,White,7.2,0.12,0.26,13.16,0.027,39.0,171.9,0.9966,3.13,0.47,10.34,6
2867,White,6.28,0.15,0.22,2.06,0.045,32.1,203.1,0.9918,3.05,0.36,12.8,6
2868,White,7.45,0.35,0.27,4.31,0.024,41.2,204.2,0.9953,3.28,0.48,11.39,5
2869,White,6.3,0.08,0.33,22.82,0.071,2.0,124.8,0.9867,3.17,0.28,9.92,5
2870,White,5.13,0.3,0.63,6.69,0.047,33.9,132.3,0.9927,3.08,0.45,11.77,7
2871,White,6.48,0.36,0.38,0.84,0.044,16.2,66.4,0.9962,3.27,0.54,11.28,5
2872,White,5.85,0.35,0.26,11.99,0.049,2.7,199.7,0.9964,3.16,0.43,10.66,6
2873,White,6.18,0.31,0.4,0.6,0.048,90.8,53.2,0.9962,3.4,0.4,10.86,6
2874,White,7.41,0.25,0.21,2.26,0.027,46.1,171.6,0.9957,2.97,0.53,10.33,6
2875,White,7.18,0.43,0.45,0.6,0.043,28.6,126.9,0.9958,3.33,0.5,11.34,5
2876,White,6.29,0.09,0.28,9.76,0.044,43.6,119.1,0.9924,3.1,0.49,12.03,7
2877,White,6.21,0.24,0.21,2.6,0.03,40.9,151.1,0.9949,3.04,0.51,11.44,6
2878,White,7.86,0.32,0.34,0.6,0.042,32.7,145.1,0.9979,3.24,0.62,11.68,5
2879,White,7.29,0.28,0.46,8.84,0.103,32.4,126.6,0.995,3.32,0.51,10.18,5
2880,White,5.97,0.17,0.39,8.24,0.06,69.5,184.0,0.9985,3.17,0.55,11.11,6
2881,White,6.74,0.37,0.33,8.5,0.03,71.8,140.7,0.9919,3.36,0.56,12.77,7
2882,White,7.29,0.31,0.31,6.19,0.016,7.7,214.5,0.9938,3.25,0.48,11.22,7
2883,White,7.63,0.23,0.42,9.04,0.051,41.8,187.3,0.9906,3.3,0.36,10.45,6
2884,White,6.9,0.28,0.26,5.65,0.048,21.7,184.9,0.9916,3.27,0.49,10.4,6
2885,White,7.36,0.32,0.58,9.04,0.046,43.5,113.5,0.9839,3.1,0.44,12.48,5
2886,White,7.18,0.2,0.1,2.06,0.052,43.9,153.8,0.9931,3.03,0.52,8.39,5
2887,White,7.72,0.31,0.33,0.71,0.069,52.8,145.2,0.9938,3.46,0.42,10.66,5
2888,White,6.92,0.37,0.48,10.1,0.061,58.3,117.3,0.9937,3.28,0.47,12.65,7
2889,White,6.11,0.43,0.13,0.6,0.046,71.7,152.1,0.995,2.93,0.58,9.32,6
2890,White,6.86,0.37,0.32,6.96,0.031,58.5,175.1,0.9971,3.11,0.45,11.97,6
2891,White,5.8,0.17,0.25,5.35,0.055,28.1,152.0,0.9978,3.14,0.5,11.2,6
2892,White,5.41,0.23,0.28,6.92,0.06,35.2,123.7,0.994,2.95,0.62,13.03,7
2893,White,6.23,0.29,0.3,9.31,0.015,49.7,201.3,0.9939,3.23,0.56,9.06,5
2894,White,6.83,0.35,0.72,5.06,0.036,32.1,97.9,0.9924,3.06,0.39,10.82,6
2895,White,7.06,0.3,0.26,12.86,0.052,56.0,148.8,0.9907,3.0,0.41,11.45,6
2896,White,5.68,0.43,0.29,9.58,0.013,42.7,59.5,0.9915,3.13,0.57,11.04,6
2897,White,8.76,0.22,0.2,16.26,0.009,15.0,164.5,0.9931,2.81,0.43,11.39,6
2898,White,6.98,0.24,0.29,4.81,0.088,47.2,172.4,0.9957,3.33,0.51,11.85,5
2899,White,5.41,0.23,0.43,4.44,0.081,55.8,114.0,0.9943,3.16,0.7,11.14,5
2900,White,6.73,0.18,0.45,8.97,0.036,33.9,171.5,0.9922,3.17,0.46,12.08,6
2901,White,6.99,0.34,0.2,6.02,0.04,54.6,102.7,0.9882,3.44,0.33,10.22,5
2902,White,7.07,0.22,0.34,4.23,0.026,41.0,131.3,0.9945,3.22,0.49,11.09,6
2903,White,8.5,0.33,0.42,8.18,0.051,21.0,157.1,0.9931,3.19,0.55,10.16,4
2904,White,6.98,0.5,0.21,6.49,0.041,2.0,131.9,0.9922,2.86,0.5,9.86,4
2905,White,8.12,0.37,0.32,0.6,0.046,23.9,78.8,0.9955,3.16,0.46,11.54,6
2906,White,6.67,0.16,0.11,13.69,0.055,31.9,125.2,0.9959,3.23,0.57,11.89,7
2907,White,7.13,0.44,0.39,5.34,0.045,36.3,189.1,0.9919,3.31,0.51,12.47,7
2908,White,6.55,0.36,0.08,8.74,0.073,44.7,39.4,0.9937,3.25,0.61,9.34,6
2909,White,7.09,0.18,0.26,3.13,0.044,24.3,130.2,0.9936,3.24,0.34,11.62,6
2910,White,7.09,0.42,0.46,8.77,0.057,48.2,142.7,0.9943,3.0,0.33,10.53,6
2911,White,7.15,0.33,0.36,3.33,0.053,16.6,176.3,0.993,3.11,0.63,11.34,7
2912,White,6.02,0.23,0.29,14.4,0.052,27.3,140.5,0.9941,3.11,0.69,11.76,6
2913,White,6.8,0.33,0.48,6.55,0.045,30.5,107.3,0.9973,3.11,0.55,9.39,4
2914,White,5.47,0.3,0.5,8.29,0.009,54.4,155.5,0.996,3.16,0.39,11.54,6
2915,White,6.24,0.21,0.2,14.52,0.051,5.8,120.9,0.9942,3.11,0.65,9.02,5
2916,White,6.03,0.3,0.35,5.85,0.031,8.5,165.5,0.994,3.21,0.62,10.72,7
2917,White,7.0,0.27,0.33,13.41,0.068,15.6,183.3,0.9946,3.18,0.32,10.78,5
2918,White,7.47,0.08,0.44,4.93,0.043,55.3,142.7,0.9981,3.24,0.34,12.22,7
2919,White,7.4,0.19,0.16,9.07,0.047,17.7,125.8,0.9963,3.31,0.53,10.62,5
2920,White,7.03,0.4,0.4,2.38,0.035,59.8,160.1,0.9944,3.32,0.67,10.9,5
2921,White,6.95,0.32,0.43,1.81,0.012,18.1,112.6,0.9927,3.43,0.61,10.02,6
2922,White,8.74,0.26,0.32,7.5,0.024,57.3,142.2,0.993,3.19,0.47,11.73,6
2923,White,6.25,0.31,0.27,7.46,0.034,26.0,132.9,0.9924,3.18,0.57,10.93,6
2924,White,6.63,0.34,0.3,1.62,0.044,59.1,85.0,0.9998,3.34,0.67,12.55,5
2925,White,7.45,0.1,0.19,7.81,0.065,47.2,112.7,0.9963,3.27,0.55,9.53,5
2926,White,6.75,0.39,0.45,5.89,0.026,35.1,103.2,0.9966,3.08,0.48,11.35,6
2927,White,8.72,0.32,0.43,9.74,0.027,31.6,183.4,0.9935,3.04,0.43,11.21,5
2928,White,6.65,0.21,0.15,0.6,0.028,17.6,171.9,0.994,3.23,0.49,9.87,5
2929,White,7.51,0.29,0.33,10.09,0.06,30.1,175.9,0.9947,3.29,0.54,10.76,6
2930,White,5.96,0.22,0.47,13.97,0.017,4.8,144.4,0.994,3.28,0.22,12.1,7
2931,White,7.87,0.25,0.33,0.77,0.009,46.0,107.9,0.9926,3.01,0.53,10.26,6
2932,White,6.3,0.22,0.21,5.47,0.037,4.9,158.3,0.9905,3.19,0.44,11.53,6
2933,White,6.38,0.56,0.33,7.72,0.068,20.3,166.9,0.9966,3.25,0.5,9.84,5
2934,White,7.1,0.27,0.23,13.07,0.021,51.8,73.0,0.9938,3.08,0.29,10.8,6
2935,White,7.91,0.27,0.02,5.04,0.046,2.0,113.2,0.9938,2.81,0.4,9.33,4
2936,White,5.41,0.29,0.49,11.04,0.029,45.0,172.6,0.9912,3.09,0.44,11.9,6
2937,White,7.42,0.15,0.46,9.87,0.067,30.0,89.9,0.9952,3.16,0.63,11.03,6
2938,White,7.28,0.34,0.53,0.6,0.072,61.0,148.8,0.999,3.2,0.5,11.62,5
2939,White,8.57,0.35,0.33,6.89,0.029,12.8,153.1,0.9918,3.34,0.45,11.41,8
2940,White,6.19,0.42,0.57,14.59,0.02,19.5,131.5,0.9898,3.34,0.43,11.27,7
2941,White,6.13,0.31,0.32,7.39,0.089,22.6,188.0,0.9955,3.22,0.57,10.73,6
2942,White,5.64,0.38,0.42,0.94,0.069,21.6,141.5,0.9914,3.06,0.52,9.99,5
2943,White,8.17,0.34,0.27,0.6,0.068,43.5,141.9,0.9923,2.78,0.41,11.58,6
2944,White,4.83,0.4,0.42,6.49,0.031,48.6,142.4,0.9968,3.13,0.59,10.47,5
2945,White,8.15,0.27,0.25,7.55,0.038,51.5,117.3,0.9951,3.43,0.52,10.7,6
2946,White,6.88,0.32,0.28,6.8,0.049,28.8,277.0,0.9944,3.17,0.45,11.46,5
2947,White,7.4,0.39,0.5,1.35,0.032,63.7,139.0,0.9948,3.31,0.57,12.98,7
2948,White,6.94,0.24,0.22,7.47,0.045,34.0,129.2,0.9962,3.14,0.46,12.42,6
2949,White,6.45,0.37,0.44,0.6,0.052,35.2,210.0,0.9931,3.26,0.65,10.27,6
2950,White,8.33,0.29,0.36,6.0,0.076,48.2,179.6,0.9958,3.46,0.46,10.24,6
2951,White,7.75,0.18,0.42,5.27,0.048,55.6,143.0,0.9955,2.98,0.5,11.81,6
2952,White,7.22,0.19,0.15,4.24,0.055,30.2,135.8,0.9907,3.36,0.58,11.38,6
2953,White,8.31,0.23,0.45,4.8,0.036,28.0,175.1,0.9946,3.14,0.63,11.42,8
2954,White,6.1,0.3,0.2,2.94,0.081,24.3,138.5,0.9953,3.32,0.56,9.68,6
2955,White,6.36,0.36,0.25,17.92,0.04,25.3,147.8,0.9958,3.08,0.63,11.53,6
2956,White,6.36,0.27,0.47,0.6,0.054,32.2,102.2,0.9961,3.11,0.52,10.26,5
2957,White,6.12,0.29,0.39,7.41,0.035,23.7,149.7,0.9967,3.15,0.34,10.87,6
2958,White,6.18,0.4,0.32,3.47,0.041,42.3,193.8,0.9971,3.32,0.6,11.22,6
2959,White,6.67,0.15,0.18,3.75,0.044,25.2,198.5,0.9953,3.14,0.45,11.12,5
2960,White,6.59,0.19,0.25,2.33,0.052,29.3,101.2,0.9928,3.03,0.64,10.46,5
2961,White,5.69,0.36,0.4,6.63,0.012,28.7,120.5,0.9942,3.06,0.54,10.85,3
2962,White,6.63,0.33,0.29,10.85,0.067,39.9,141.7,0.9922,3.12,0.7,10.26,6
2963,White,6.47,0.35,0.46,4.43,0.022,19.0,99.3,0.9925,3.19,0.6,11.93,6
2964,White,7.72,0.09,0.42,6.26,0.043,27.7,145.3,0.9941,3.16,0.79,12.2,8
2965,White,8.27,0.22,0.32,5.51,0.046,39.2,214.3,0.992,3.0,0.22,10.72,5
2966,White,7.28,0.12,0.32,13.25,0.08,65.2,96.1,0.99,3.38,0.43,12.4,6
2967,White,6.51,0.36,0.46,10.55,0.019,31.7,122.8,0.9931,3.08,0.55,10.84,4
2968,White,6.18,0.29,0.66,8.7,0.014,55.0,140.6,0.9971,3.03,0.44,9.79,3
2969,White,5.48,0.23,0.32,1.81,0.018,45.8,84.7,0.9906,3.33,0.34,9.91,5
2970,White,7.42,0.28,0.38,9.47,0.023,47.2,111.8,1.0004,2.82,0.48,9.83,5
2971,White,8.21,0.35,0.45,5.94,0.046,39.2,130.5,0.9874,3.12,0.42,10.77,5
2972,White,5.53,0.43,0.5,8.48,0.072,49.2,45.8,0.997,3.33,0.37,12.84,6
2973,White,7.36,0.17,0.25,2.27,0.046,57.2,148.9,0.9913,3.01,0.62,12.27,6
2974,White,7.0,0.38,0.45,9.24,0.027,53.1,148.1,0.9923,3.04,0.39,10.63,6
2975,White,8.39,0.18,0.31,10.17,0.049,60.7,154.1,0.9908,3.15,0.35,9.93,5
2976,White,5.69,0.34,0.44,8.93,0.025,34.4,97.1,0.998,2.98,0.44,10.4,5
2977,White,5.23,0.29,0.25,5.1,0.029,22.2,117.3,0.9907,2.93,0.71,12.43,6
2978,White,5.63,0.22,0.34,13.34,0.052,58.9,94.0,0.9957,3.16,0.48,11.24,6
2979,White,7.3,0.27,0.58,5.63,0.009,19.9,173.1,0.9941,3.23,0.44,10.71,5
2980,White,7.11,0.34,0.38,7.32,0.066,32.1,167.3,0.9916,2.99,0.39,12.92,5
2981,White,6.5,0.23,0.39,11.05,0.06,11.1,120.9,0.9983,3.1,0.77,11.7,5
2982,White,7.85,0.24,0.37,0.6,0.038,18.0,194.3,0.9911,3.37,0.63,10.6,5
2983,White,6.58,0.14,0.2,13.94,0.012,55.2,171.2,0.9952,3.1,0.52,11.24,5
2984,White,5.58,0.08,0.17,1.06,0.037,48.4,79.3,0.9921,3.14,0.56,12.4,7
2985,White,6.17,0.21,0.51,9.37,0.057,51.4,188.8,0.9941,2.84,0.43,11.64,6
2986,White,7.23,0.2,0.77,3.98,0.068,41.2,87.9,0.9848,2.9,0.22,12.05,6
2987,White,7.23,0.22,0.28,0.6,0.031,32.4,77.3,0.995,2.97,0.38,9.72,5
2988,White,6.68,0.44,0.25,8.86,0.052,2.0,186.8,0.993,3.31,0.51,11.28,6
2989,White,6.65,0.45,0.21,1.33,0.037,21.7,204.5,0.9971,3.23,0.38,11.76,6
2990,White,6.45,0.19,0.41,0.97,0.015,56.5,156.8,0.9926,3.06,0.57,11.43,6
2991,White,6.35,0.36,0.31,0.6,0.079,40.3,95.5,0.9894,3.22,0.51,10.91,5
2992,White,6.78,0.16,0.29,9.0,0.038,18.9,126.3,0.9902,3.12,0.41,11.41,6
2993,White,7.56,0.31,0.23,0.6,0.059,36.2,108.7,0.9965,3.06,0.38,9.19,5
2994,White,6.46,0.45,0.18,2.43,0.036,61.2,178.2,0.9971,3.26,0.48,9.99,6
2995,White,6.97,0.28,0.47,8.66,0.029,23.7,48.3,0.9911,3.1,0.47,10.36,5
2996,White,6.55,0.34,0.33,0.6,0.042,2.0,118.1,0.9953,2.99,0.33,10.86,5
2997,White,7.66,0.35,0.39,0.6,0.068,47.5,98.0,0.9987,3.23,0.67,11.3,5
2998,White,5.45,0.42,0.5,0.6,0.009,48.3,188.5,0.9985,3.1,0.79,8.1,4
2999,White,6.46,0.3,0.47,5.98,0.018,11.7,176.8,0.9962,3.15,0.49,11.37,6
3000,White,7.5,0.21,0.15,0.6,0.029,71.1,172.5,0.9965,3.29,0.62,11.69,5
3001,White,6.7,0.46,0.24,14.75,0.02,42.0,120.5,0.9962,3.47,0.57,11.54,5
3002,White,6.13,0.23,0.48,6.52,0.041,61.3,146.0,0.9949,3.16,0.71,10.09,5
3003,White,6.31,0.5,0.34,7.02,0.046,54.6,165.8,0.9981,3.19,0.68,9.43,5
3004,White,6.75,0.2,0.24,0.6,0.025,45.9,181.1,0.9918,3.05,0.42,9.99,7
3005,White,7.65,0.25,0.19,1.68,0.027,37.1,151.5,0.9972,3.19,0.5,10.87,6
3006,White,7.65,0.33,0.36,5.74,0.03,36.2,81.2,0.9948,3.39,0.59,11.81,6
3007,White,5.51,0.17,0.16,10.27,0.023,33.6,137.3,0.992,3.08,0.37,11.86,6
3008,White,7.36,0.29,0.42,11.46,0.035,64.7,151.3,0.9933,2.98,0.49,12.38,7
3009,White,7.13,0.36,0.18,6.03,0.024,54.4,149.9,0.998,3.27,0.42,11.28,5
3010,White,8.54,0.35,0.23,3.27,0.026,40.6,201.7,0.9891,3.02,0.43,10.79,5
3011,White,7.46,0.18,0.33,4.62,0.054,2.0,138.9,0.9948,3.02,0.59,11.82,6
3012,White,6.99,0.39,0.33,0.6,0.057,29.0,139.1,0.9991,3.11,0.61,10.76,5
3013,White,5.87,0.32,0.5,11.83,0.037,37.0,187.0,0.9927,3.32,0.57,11.43,5
3014,White,6.48,0.33,0.32,4.42,0.065,15.0,211.5,0.9924,3.09,0.41,11.34,7
3015,White,8.3,0.3,0.23,5.63,0.056,47.0,55.5,0.9942,3.22,0.56,13.37,7
3016,White,5.89,0.3,0.42,2.01,0.069,33.9,166.6,0.9906,2.92,0.42,10.77,6
3017,White,8.3,0.45,0.18,0.6,0.035,17.8,85.5,0.9977,3.05,0.3,13.66,7
3018,White,6.59,0.38,0.33,2.9,0.035,53.3,115.4,0.9979,3.12,0.5,10.76,6
3019,White,7.82,0.12,0.27,6.8,0.032,30.7,73.7,0.9993,2.93,0.61,10.82,6
3020,White,5.84,0.23,0.34,7.36,0.048,16.1,133.7,0.9939,3.57,0.5,12.5,7
3021,White,6.9,0.36,0.07,6.59,0.033,31.1,212.2,0.9957,3.16,0.32,12.23,7
3022,White,6.03,0.24,0.37,12.12,0.031,49.7,193.8,0.9935,3.28,0.35,10.8,5
3023,White,6.66,0.35,0.35,14.75,0.049,40.4,195.6,0.9915,3.17,0.4,11.85,7
3024,White,6.79,0.34,0.33,8.13,0.044,26.9,201.2,0.9958,3.15,0.35,10.74,6
3025,White,7.49,0.25,0.18,1.23,0.033,17.6,104.8,0.9905,3.36,0.39,12.15,5
3026,White,6.38,0.32,0.51,7.01,0.049,33.0,135.9,0.9936,3.02,0.51,12.04,6
3027,White,7.44,0.16,0.25,4.62,0.081,50.5,116.0,0.999,3.18,0.31,10.69,5
3028,White,5.31,0.25,0.34,4.36,0.011,46.4,98.1,0.9976,2.89,0.41,10.49,6
3029,White,6.58,0.26,0.31,1.53,0.04,32.1,71.3,0.9931,3.09,0.49,10.16,6
3030,White,8.1,0.08,0.28,6.67,0.035,61.3,116.5,1.0003,2.96,0.48,12.5,7
3031,White,5.49,0.26,0.45,12.61,0.06,49.1,177.3,0.9947,3.44,0.57,11.91,6
3032,White,6.96,0.24,0.47,0.6,0.042,20.3,94.4,0.9957,3.26,0.4,9.64,5
3033,White,6.26,0.42,0.48,15.23,0.031,55.6,104.1,0.9934,3.26,0.67,12.89,8
3034,White,6.55,0.31,0.3,14.45,0.029,34.9,147.5,0.9934,2.98,0.35,9.95,5
3035,White,7.85,0.31,0.31,11.84,0.048,24.8,129.8,0.995,3.33,0.58,10.58,6
3036,White,7.12,0.35,0.36,16.8,0.037,2.4,117.2,0.9932,3.19,0.39,11.78,6
3037,White,7.83,0.29,0.45,3.6,0.04,20.7,170.6,0.9895,3.09,0.59,9.9,7
3038,White,7.06,0.2,0.28,0.6,0.049,24.5,153.0,0.9974,3.23,0.46,12.45,6
3039,White,6.96,0.4,0.58,11.91,0.051,26.0,102.2,0.999,3.28,0.54,10.12,5
3040,White,8.01,0.45,0.48,8.52,0.03,29.2,102.0,0.9957,3.11,0.56,10.17,6
3041,White,4.73,0.4,0.31,4.56,0.009,34.6,76.9,0.9956,3.41,0.37,11.71,7
3042,White,7.67,0.39,0.31,0.6,0.04,47.6,99.7,0.993,3.48,0.45,10.28,5
3043,White,7.73,0.22,0.34,0.6,0.039,62.3,117.7,0.9938,3.45,0.76,11.25,6
3044,White,7.79,0.25,0.39,1.5,0.067,49.4,157.6,0.9931,3.16,0.57,9.78,6
3045,White,5.73,0.08,0.48,0.6,0.044,68.5,89.8,0.9877,3.14,0.47,11.24,5
3046,White,5.3,0.15,0.34,8.73,0.052,34.7,154.3,0.9915,2.97,0.57,10.81,5
3047,White,5.82,0.45,0.39,11.6,0.009,31.0,170.9,0.9984,3.27,0.54,10.06,5
3048,White,7.84,0.25,0.46,0.6,0.063,42.1,128.3,0.9946,3.19,0.42,10.61,5
3049,White,7.6,0.21,0.29,6.84,0.073,23.6,130.3,0.9985,3.2,0.49,11.86,7
3050,White,5.99,0.31,0.36,7.72,0.03,32.7,101.5,0.9905,3.51,0.3,10.32,7
3051,White,6.89,0.24,0.34,14.38,0.065,27.0,128.6,0.9994,3.33,0.55,10.48,5
3052,White,7.71,0.37,0.39,9.54,0.035,5.4,162.8,0.993,3.09,0.56,10.11,6
3053,White,7.08,0.13,0.22,17.3,0.033,42.4,144.3,0.9924,3.3,0.44,9.35,7
3054,White,8.01,0.3,0.37,0.6,0.054,36.0,18.6,0.9977,3.04,0.54,11.04,4
3055,White,6.17,0.24,0.24,15.44,0.022,60.8,123.0,0.9945,3.28,0.69,9.71,4
3056,White,6.62,0.11,0.29,5.05,0.031,51.4,169.2,0.9999,3.24,0.59,11.93,7
3057,White,7.29,0.29,0.39,8.27,0.048,9.5,144.9,0.9921,3.13,0.34,10.64,6
3058,White,7.97,0.21,0.4,3.15,0.02,30.1,82.6,0.9916,2.97,0.56,11.34,5
3059,White,6.63,0.28,0.41,2.94,0.057,34.1,178.6,0.992,3.23,0.3,11.13,6
3060,White,6.9,0.45,0.49,2.62,0.098,45.0,147.2,0.994,3.3,0.5,10.02,5
3061,White,7.43,0.23,0.11,11.71,0.047,12.0,102.2,0.9895,3.19,0.33,9.45,5
3062,White,6.66,0.13,0.39,1.28,0.009,26.9,170.2,0.9976,3.37,0.51,10.34,6
3063,White,5.95,0.22,0.22,5.98,0.051,2.6,174.1,0.9906,3.23,0.52,10.41,5
3064,White,6.07,0.17,0.19,0.6,0.052,29.9,172.9,0.9937,3.44,0.73,11.92,5
3065,White,6.93,0.24,0.44,2.47,0.065,8.4,201.7,0.9905,3.25,0.25,9.96,5
3066,White,8.4,0.33,0.22,2.96,0.047,28.9,82.4,0.9956,3.39,0.56,11.75,6
3067,White,6.38,0.29,0.27,2.89,0.032,43.8,177.4,0.9962,3.12,0.37,12.63,6
3068,White,6.38,0.52,0.46,10.51,0.025,30.2,35.5,0.9922,3.22,0.54,11.28,5
3069,White,6.88,0.19,0.19,5.45,0.071,19.4,160.0,0.9924,3.07,0.44,11.29,6
3070,White,5.85,0.34,0.32,13.93,0.049,16.3,165.2,0.9922,3.09,0.38,10.47,6
3071,White,6.11,0.2,0.46,10.27,0.06,34.1,160.7,0.9949,3.25,0.59,11.69,6
3072,White,6.96,0.16,0.44,9.84,0.009,29.7,83.8,0.9911,3.05,0.47,10.65,7
3073,White,8.52,0.27,0.39,7.92,0.072,53.5,119.9,0.99,3.14,0.47,11.29,5
3074,White,7.14,0.25,0.36,12.5,0.044,2.0,147.3,0.9934,2.93,0.52,13.09,7
3075,White,5.96,0.25,0.2,7.18,0.041,21.0,140.7,0.9912,3.19,0.49,12.46,7
3076,White,6.54,0.4,0.29,6.66,0.041,57.5,189.2,0.9894,3.18,0.39,11.65,6
3077,White,6.17,0.19,0.31,7.73,0.069,26.8,120.9,0.9951,3.18,0.45,10.19,7
3078,White,6.67,0.16,0.41,2.23,0.026,38.0,273.5,0.9926,3.11,0.52,9.56,5
3079,White,5.82,0.27,0.32,2.58,0.061,61.7,102.7,0.9972,3.19,0.56,11.31,6
3080,White,6.72,0.35,0.52,3.62,0.057,14.5,116.8,0.9902,3.3,0.62,11.73,6
3081,White,7.28,0.17,0.23,11.68,0.025,22.5,194.6,0.9872,3.01,0.51,10.25,6
3082,White,6.95,0.27,0.42,6.43,0.068,50.2,145.9,0.9892,2.99,0.58,8.37,3
3083,White,6.71,0.38,0.31,7.51,0.034,44.0,63.2,0.993,3.12,0.42,9.87,5
3084,White,7.07,0.32,0.31,0.6,0.07,25.2,186.0,0.9978,3.17,0.52,11.21,6
3085,White,6.23,0.36,0.27,2.32,0.055,41.5,109.9,0.9955,3.21,0.62,11.89,6
3086,White,7.7,0.27,0.21,8.75,0.039,22.2,166.9,0.9928,3.42,0.24,10.38,5
3087,White,9.08,0.24,0.28,0.6,0.079,38.9,166.1,0.9934,3.12,0.62,13.2,8
3088,White,8.43,0.21,0.32,5.21,0.055,33.9,45.3,0.9906,3.21,0.41,9.28,6
3089,White,6.71,0.23,0.47,12.24,0.044,24.5,163.7,0.9944,3.08,0.41,10.65,5
3090,White,5.26,0.42,0.28,13.18,0.057,44.9,154.2,0.9913,3.1,0.53,10.75,7
3091,White,6.81,0.22,0.16,0.6,0.013,11.0,187.7,0.9961,3.23,0.56,10.88,6
3092,White,8.36,0.34,0.33,11.02,0.015,31.0,100.8,0.9914,3.26,0.56,10.34,4
3093,White,6.72,0.18,0.29,6.46,0.057,67.5,145.0,0.995,3.15,0.45,11.39,7
3094,White,8.02,0.31,0.38,7.35,0.009,31.0,175.7,0.9931,2.79,0.53,10.01,6
3095,White,7.64,0.53,0.63,7.5,0.052,15.0,110.5,0.9968,3.26,0.53,10.63,6
3096,White,6.99,0.33,0.1,2.62,0.04,18.3,159.8,0.9955,3.37,0.48,11.6,6
3097,White,7.42,0.39,0.14,9.67,0.047,29.7,153.3,0.9904,2.96,0.42,12.68,8
3098,White,5.43,0.4,0.29,11.65,0.056,11.8,125.5,0.9947,2.97,0.47,11.35,6
3099,White,7.99,0.13,0.42,4.62,0.051,23.2,146.4,0.9903,3.06,0.61,11.03,5
3100,White,7.64,0.3,0.4,9.59,0.025,55.0,125.9,0.9969,3.14,0.68,11.83,6
3101,White,9.24,0.19,0.3,9.91,0.009,53.3,130.2,0.9939,3.25,0.41,11.01,6
3102,White,7.51,0.29,0.37,16.53,0.045,53.0,185.9,0.9923,3.28,0.36,11.05,6
3103,White,6.69,0.27,0.52,4.05,0.05,25.0,110.0,0.9894,3.08,0.37,11.9,5
3104,White,6.82,0.19,0.32,11.63,0.049,25.0,155.2,0.9941,3.11,0.4,11.32,6
3105,White,8.65,0.35,0.33,13.19,0.022,2.0,98.3,0.9959,2.87,0.58,10.63,5
3106,White,7.17,0.18,0.42,7.82,0.062,34.7,112.7,0.9892,2.94,0.45,10.05,7
3107,White,5.67,0.3,0.31,0.6,0.033,61.9,82.1,0.9923,2.96,0.48,9.58,5
3108,White,7.13,0.19,0.52,3.11,0.041,22.9,61.9,0.9934,3.1,0.37,10.98,6
3109,White,7.66,0.39,0.16,5.19,0.06,22.8,96.4,0.9943,2.93,0.51,8.9,5
3110,White,7.46,0.48,0.45,2.96,0.019,74.9,46.1,0.994,3.23,0.52,11.14,7
3111,White,7.26,0.3,0.36,13.82,0.026,2.0,142.3,0.9926,3.08,0.66,11.03,6
3112,White,7.54,0.24,0.31,5.3,0.056,29.5,221.4,0.9952,3.21,0.29,11.82,5
3113,White,6.13,0.33,0.33,10.24,0.021,11.2,132.2,0.995,3.4,0.5,12.35,7
3114,White,7.81,0.22,0.15,7.22,0.09,45.8,177.1,0.9935,3.18,0.5,10.91,6
3115,White,6.27,0.25,0.41,8.87,0.016,44.4,133.1,0.9954,3.09,0.39,11.64,5
3116,White,7.61,0.36,0.51,10.68,0.009,15.5,208.0,0.9953,2.98,0.48,10.72,5
3117,White,7.52,0.33,0.23,0.6,0.042,31.0,132.4,0.9898,3.06,0.5,10.63,5
3118,White,6.44,0.23,0.0,5.25,0.03,61.8,79.5,0.9964,3.14,0.55,12.01,6
3119,White,6.83,0.3,0.36,7.23,0.056,34.5,129.3,0.9884,3.08,0.52,11.99,6
3120,White,7.46,0.33,0.36,3.11,0.023,33.4,94.5,0.9948,3.24,0.58,11.71,6
3121,White,7.13,0.26,0.47,3.29,0.023,40.8,97.8,0.9968,3.57,0.6,11.26,7
3122,White,5.86,0.48,0.52,5.45,0.078,38.1,139.3,0.997,3.34,0.59,11.86,7
3123,White,7.47,0.34,0.28,3.78,0.086,28.8,99.1,0.9943,3.35,0.62,11.55,6
3124,White,6.34,0.32,0.45,15.1,0.031,36.8,195.6,0.9917,3.37,0.4,11.52,7
3125,White,6.01,0.27,0.44,6.36,0.018,35.2,84.7,0.992,2.94,0.47,11.81,6
3126,White,6.86,0.45,0.46,18.67,0.112,28.0,180.2,0.9942,3.27,0.59,11.12,5
3127,White,7.27,0.12,0.39,6.63,0.039,13.0,217.3,0.9919,3.1,0.59,11.1,5
3128,White,7.68,0.41,0.2,7.95,0.031,38.8,98.1,1.0004,3.14,0.57,13.74,6
3129,White,7.07,0.4,0.31,4.85,0.033,23.5,236.7,0.9933,3.16,0.34,11.1,7
3130,White,6.15,0.53,0.4,9.97,0.039,26.0,184.4,0.996,3.11,0.34,12.33,7
3131,White,6.81,0.33,0.36,3.53,0.015,55.0,112.2,0.9952,3.16,0.68,10.96,4
3132,White,6.03,0.3,0.61,4.39,0.076,52.6,123.1,0.9916,3.31,0.49,10.48,6
3133,White,7.25,0.24,0.47,4.48,0.018,43.7,126.1,0.9959,3.28,0.5,12.83,6
3134,White,6.82,0.36,0.44,3.59,0.039,41.0,126.7,0.9955,3.21,0.53,11.3,7
3135,White,6.74,0.27,0.13,0.6,0.026,47.3,105.2,1.0005,3.22,0.44,12.41,6
3136,White,7.09,0.35,0.38,8.14,0.102,58.1,110.8,0.9903,3.11,0.44,9.65,6
3137,White,7.23,0.28,0.63,3.63,0.109,33.5,170.6,0.9926,3.27,0.41,11.13,6
3138,White,7.43,0.08,0.29,5.48,0.042,55.1,173.5,0.9955,3.05,0.43,9.8,5
3139,White,6.82,0.36,0.26,3.33,0.063,62.8,135.8,0.9916,3.35,0.49,9.55,5
3140,White,5.35,0.36,0.07,1.5,0.043,2.0,185.1,0.9964,3.01,0.62,11.87,6
3141,White,6.4,0.33,0.37,0.6,0.024,49.9,61.4,0.9944,2.85,0.68,10.98,7
3142,White,7.14,0.28,0.48,8.2,0.044,15.6,88.3,0.9919,3.2,0.46,11.75,6
3143,White,7.1,0.18,0.22,9.98,0.099,41.6,117.8,0.995,3.25,0.54,10.29,6
3144,White,6.2,0.28,0.23,11.03,0.058,24.1,131.2,0.9932,3.24,0.52,11.34,6
3145,White,7.37,0.28,0.47,15.54,0.052,47.8,167.6,0.9955,3.07,0.5,10.01,4
3146,White,6.28,0.3,0.25,14.35,0.059,26.5,215.9,0.9924,3.26,0.58,11.77,6
3147,White,6.58,0.37,0.29,13.93,0.05,37.3,129.5,0.9983,3.34,0.38,10.12,5
3148,White,5.74,0.22,0.3,3.48,0.062,49.1,138.5,0.9936,3.1,0.37,11.11,6
3149,White,7.5,0.18,0.19,12.24,0.009,49.4,141.9,0.9934,3.44,0.76,10.44,4
3150,White,7.22,0.35,0.25,0.88,0.049,30.6,115.2,0.9901,3.09,0.73,11.92,6
3151,White,6.72,0.21,0.39,5.21,0.02,57.4,141.2,0.9935,3.38,0.64,10.43,7
3152,White,5.34,0.14,0.38,16.19,0.07,30.1,153.4,0.9924,3.34,0.45,11.53,6
3153,White,7.62,0.37,0.3,3.09,0.043,39.5,97.7,1.0024,3.24,0.56,10.21,5
3154,White,6.15,0.41,0.17,3.14,0.039,6.3,156.9,0.9962,3.2,0.49,10.36,6
3155,White,6.61,0.29,0.58,9.36,0.037,57.8,196.1,0.9892,3.25,0.51,12.5,6
3156,White,8.4,0.26,0.33,1.62,0.064,46.5,152.2,0.9927,3.25,0.65,10.26,6
3157,White,5.18,0.29,0.36,5.8,0.06,25.4,77.0,0.9963,3.16,0.57,11.85,5
3158,White,7.15,0.29,0.2,4.39,0.068,15.5,163.0,0.987,3.11,0.52,11.59,5
3159,White,7.92,0.25,0.13,3.96,0.055,43.9,156.3,0.9922,3.41,0.56,11.33,5
3160,White,7.55,0.37,0.32,18.6,0.078,41.7,171.8,0.994,3.37,0.61,10.18,6
3161,White,5.31,0.23,0.23,6.97,0.022,42.5,163.8,0.9909,2.83,0.39,12.08,7
3162,White,5.9,0.26,0.44,9.95,0.033,45.7,194.2,0.9891,3.31,0.55,11.99,6
3163,White,6.12,0.44,0.37,3.65,0.048,47.3,177.8,1.0021,3.18,0.66,10.9,7
3164,White,7.35,0.26,0.21,11.79,0.069,21.7,101.2,0.9966,3.21,0.43,9.64,6
3165,White,6.96,0.21,0.37,4.1,0.059,31.8,107.8,0.993,3.15,0.58,12.31,6
3166,White,7.49,0.24,0.47,3.21,0.029,52.2,141.2,0.9935,3.06,0.44,8.87,5
3167,White,6.22,0.22,0.59,11.58,0.043,38.3,197.0,0.9903,3.06,0.58,10.59,5
3168,White,6.55,0.45,0.29,7.5,0.057,35.5,70.6,0.9937,3.15,0.73,9.4,6
3169,White,7.01,0.33,0.33,3.48,0.039,42.8,42.6,0.9951,3.3,0.36,10.8,6
3170,White,7.54,0.16,0.14,5.31,0.047,31.8,136.3,0.9963,3.09,0.65,12.14,6
3171,White,6.62,0.26,0.37,12.59,0.043,30.6,138.9,0.9929,3.15,0.53,10.54,5
3172,White,5.84,0.13,0.37,4.12,0.013,48.1,86.2,0.9933,3.4,0.44,10.84,7
3173,White,6.62,0.16,0.29,3.47,0.036,52.1,114.3,0.994,3.26,0.64,12.11,7
3174,White,6.37,0.15,0.23,0.6,0.035,22.5,42.0,0.9946,3.06,0.56,13.98,7
3175,White,4.3,0.08,0.31,11.93,0.054,45.4,147.6,0.995,2.9,0.24,11.19,6
3176,White,5.72,0.23,0.36,11.29,0.043,20.2,80.4,0.9934,3.22,0.66,9.78,6
3177,White,5.92,0.33,0.43,13.06,0.062,34.7,144.9,0.9925,3.38,0.51,12.7,7
3178,White,6.08,0.28,0.32,7.6,0.081,31.3,56.8,0.9948,2.92,0.35,10.89,6
3179,White,6.89,0.26,0.34,0.6,0.019,36.4,79.4,0.9952,3.25,0.47,12.29,6
3180,White,7.45,0.31,0.26,8.98,0.075,63.9,140.6,0.994,3.08,0.56,12.64,8
3181,White,6.55,0.29,0.37,3.22,0.063,45.9,135.5,0.9946,3.24,0.54,9.65,5
3182,White,7.16,0.31,0.34,13.36,0.034,32.3,199.0,0.9964,3.32,0.58,10.19,6
3183,White,7.23,0.35,0.33,0.6,0.009,62.3,166.9,0.9913,3.19,0.67,10.34,5
3184,White,5.95,0.25,0.42,16.62,0.069,17.8,79.7,0.9965,3.15,0.55,10.93,5
3185,White,6.72,0.23,0.53,14.04,0.05,51.0,122.2,0.9944,3.18,0.39,12.57,6
3186,White,7.02,0.43,0.14,1.56,0.071,56.7,198.2,0.9935,3.2,0.55,12.5,6
3187,White,8.15,0.28,0.22,11.04,0.015,2.0,193.1,0.9933,3.07,0.62,11.82,6
3188,White,6.6,0.11,0.2,21.69,0.022,51.1,100.7,0.9934,2.91,0.43,10.17,4
3189,White,7.63,0.25,0.36,4.76,0.054,39.2,147.8,0.9896,3.08,0.44,10.0,6
3190,White,8.25,0.16,0.37,5.39,0.04,38.5,129.7,0.9952,3.05,0.56,10.45,6
3191,White,6.56,0.29,0.38,2.33,0.039,66.1,77.3,0.9934,3.2,0.68,12.77,7
3192,White,6.33,0.27,0.43,6.5,0.012,49.1,173.0,0.9895,3.24,0.45,11.56,7
3193,White,5.26,0.39,0.31,10.67,0.009,9.1,157.8,0.9924,2.9,0.61,10.42,5
3194,White,7.53,0.23,0.37,1.41,0.071,25.3,225.3,0.9906,3.13,0.41,11.43,6
3195,White,8.18,0.29,0.32,8.16,0.052,78.1,115.5,0.9988,3.16,0.49,10.81,6
3196,White,8.33,0.35,0.42,0.69,0.046,36.5,206.3,0.9953,3.27,0.68,10.87,5
3197,White,5.87,0.24,0.39,0.6,0.042,12.6,110.0,0.9926,3.13,0.66,10.84,6
3198,White,6.61,0.35,0.39,4.27,0.057,25.4,131.6,0.99,3.35,0.5,10.63,6
3199,White,7.48,0.18,0.12,5.67,0.014,38.6,65.8,0.9905,3.41,0.49,10.98,5
3200,White,7.01,0.21,0.2,14.13,0.017,49.5,195.2,0.9916,3.11,0.62,12.69,6
3201,White,8.22,0.23,0.53,17.21,0.062,37.8,115.3,0.9907,3.33,0.22,10.3,6
3202,White,7.36,0.45,0.57,3.95,0.101,28.7,167.8,0.9923,3.49,0.6,11.28,6
3203,White,6.52,0.23,0.15,7.9,0.009,33.7,166.1,0.9973,2.99,0.58,12.55,6
3204,White,8.84,0.27,0.4,2.08,0.017,53.4,116.4,0.9948,3.16,0.45,10.85,6
3205,White,8.11,0.4,0.28,17.67,0.08,60.7,194.1,0.9887,3.51,0.32,11.19,6
3206,White,8.27,0.29,0.35,0.6,0.054,29.4,214.0,0.9945,3.24,0.61,11.21,5
3207,White,6.42,0.3,0.6,13.23,0.031,55.0,114.4,0.9948,2.95,0.66,12.2,8
3208,White,6.76,0.24,0.34,16.22,0.051,2.0,184.4,0.9914,3.2,0.43,10.68,6
3209,White,6.62,0.2,0.27,3.94,0.02,70.0,125.6,0.9903,3.22,0.47,11.84,7
3210,White,8.42,0.33,0.49,0.6,0.041,33.9,49.8,0.992,3.06,0.59,8.42,5
3211,White,6.2,0.25,0.26,15.03,0.019,66.4,125.1,0.9927,2.98,0.35,11.02,6
3212,White,7.16,0.21,0.57,5.45,0.036,39.3,161.4,0.9954,3.08,0.43,10.77,5
3213,White,7.68,0.28,0.31,5.37,0.067,52.1,153.2,0.9915,3.15,0.5,10.47,5
3214,White,6.77,0.28,0.12,12.39,0.025,49.5,105.1,0.9935,3.29,0.58,9.05,6
3215,White,6.89,0.44,0.26,5.81,0.035,24.4,150.0,0.9958,3.38,0.34,10.22,7
3216,White,7.24,0.25,0.39,5.49,0.077,39.3,111.1,0.9907,3.34,0.49,11.04,6
3217,White,6.83,0.2,0.26,9.89,0.047,18.6,115.9,0.9878,3.18,0.57,11.49,5
3218,White,7.85,0.31,0.27,3.14,0.056,56.1,212.4,0.9922,3.15,0.66,10.27,5
3219,White,5.82,0.39,0.38,1.02,0.066,32.0,165.8,0.9908,3.34,0.66,13.88,7
3220,White,7.26,0.38,0.44,2.93,0.058,42.4,60.6,1.0003,2.91,0.63,10.55,5
3221,White,6.26,0.33,0.0,14.01,0.059,55.5,90.9,0.9914,3.18,0.56,13.39,8
3222,White,7.35,0.28,0.37,3.75,0.058,50.6,142.3,0.9931,3.18,0.48,13.85,6
3223,White,5.36,0.38,0.39,5.51,0.03,17.3,127.8,0.9896,3.19,0.54,11.42,6
3224,White,7.66,0.27,0.36,12.97,0.036,49.1,100.6,0.9962,3.16,0.73,11.63,6
3225,White,7.49,0.32,0.33,13.06,0.035,29.8,174.6,0.9964,2.9,0.52,10.28,5
3226,White,6.79,0.17,0.26,0.6,0.036,32.2,113.7,0.9899,3.13,0.53,9.77,6
3227,White,6.16,0.2,0.43,12.99,0.016,39.3,131.1,0.9951,3.25,0.68,10.97,7
3228,White,7.4,0.43,0.34,1.62,0.037,4.0,105.9,0.9921,2.91,0.4,12.58,7
3229,White,5.32,0.14,0.41,2.32,0.094,19.7,140.3,0.9904,3.24,0.5,11.07,6
3230,White,6.75,0.29,0.47,5.95,0.017,52.4,88.2,0.9971,3.05,0.49,11.11,6
3231,White,4.97,0.3,0.45,0.6,0.051,17.6,129.1,0.9974,3.02,0.58,11.74,6
3232,White,7.89,0.15,0.51,8.78,0.068,45.5,108.6,0.993,3.27,0.47,10.06,6
3233,White,6.92,0.08,0.4,0.6,0.01,4.7,155.6,0.9938,3.21,0.37,9.66,5
3234,White,7.73,0.29,0.43,5.32,0.045,26.9,118.7,0.9931,3.41,0.63,11.52,6
3235,White,6.35,0.27,0.52,11.84,0.037,8.2,150.8,0.9976,3.2,0.48,9.97,5
3236,White,7.43,0.33,0.38,3.99,0.022,2.0,113.9,0.9907,3.04,0.52,12.62,7
3237,White,7.57,0.17,0.53,12.87,0.068,2.0,198.9,0.9956,3.1,0.56,10.75,5
3238,White,8.12,0.26,0.55,1.53,0.037,6.7,135.8,0.9917,3.38,0.53,10.5,5
3239,White,7.18,0.23,0.39,7.7,0.078,7.7,125.6,0.9965,3.22,0.68,11.67,6
3240,White,7.38,0.25,0.52,14.01,0.067,12.9,204.8,0.9946,3.02,0.54,10.54,5
3241,White,8.02,0.26,0.37,10.21,0.038,20.6,176.9,0.998,3.08,0.64,11.59,7
3242,White,6.73,0.45,0.37,0.6,0.035,59.4,133.1,0.994,3.1,0.35,11.71,6
3243,White,7.35,0.18,0.27,5.07,0.035,41.5,200.9,0.9945,2.96,0.39,10.79,6
3244,White,6.89,0.4,0.33,11.6,0.012,21.9,127.2,0.9933,3.42,0.41,13.34,7
3245,White,6.58,0.3,0.48,0.7,0.025,60.5,219.4,0.9928,3.05,0.52,9.93,5
3246,White,6.91,0.22,0.32,0.6,0.024,44.3,118.8,0.9923,3.28,0.43,11.48,7
3247,White,6.57,0.24,0.23,4.15,0.012,13.4,73.4,0.9968,3.08,0.34,11.8,7
3248,White,8.2,0.5,0.52,11.09,0.016,37.7,120.4,0.9945,3.23,0.56,11.04,6
3249,White,5.18,0.4,0.2,16.14,0.061,28.1,154.0,0.9909,3.28,0.51,10.41,6
3250,White,7.82,0.17,0.28,8.56,0.037,16.1,161.3,0.9964,3.24,0.57,11.63,5
3251,White,5.54,0.17,0.27,0.6,0.049,40.4,156.2,0.9902,3.12,0.49,10.32,5
3252,White,7.8,0.35,0.39,5.64,0.028,45.3,177.7,0.9916,3.18,0.52,9.11,5
3253,White,6.44,0.3,0.32,4.53,0.048,45.4,116.6,0.9983,3.32,0.56,12.05,7
3254,White,6.28,0.29,0.16,9.34,0.025,26.9,122.5,0.9896,3.21,0.65,9.64,6
3255,White,8.32,0.28,0.13,7.81,0.017,72.7,188.5,0.9937,3.04,0.49,10.99,5
3256,White,7.4,0.35,0.35,6.8,0.044,40.6,84.2,0.9926,3.15,0.47,11.32,6
3257,White,5.38,0.1,0.42,12.65,0.053,20.4,120.9,0.9943,3.32,0.61,10.66,5
3258,White,7.59,0.4,0.36,0.6,0.069,36.3,197.8,0.9887,3.11,0.45,10.94,4
3259,White,8.29,0.19,0.51,5.25,0.06,34.2,138.6,0.995,3.35,0.88,11.92,6
3260,White,7.22,0.31,0.37,6.61,0.026,39.4,179.7,0.9915,3.1,0.46,10.89,6
3261,White,6.17,0.21,0.42,6.31,0.059,39.2,119.1,0.9968,3.35,0.42,10.44,6
3262,White,6.78,0.32,0.24,13.91,0.062,58.0,136.3,0.9979,3.48,0.61,12.05,5
3263,White,5.91,0.33,0.48,0.6,0.07,18.8,78.0,0.9951,3.33,0.53,10.66,5
3264,White,6.42,0.19,0.21,12.87,0.028,35.2,230.1,0.997,3.23,0.39,10.6,6
3265,White,7.22,0.25,0.43,0.6,0.039,2.0,141.4,0.9941,3.3,0.51,11.39,5
3266,White,7.05,0.44,0.35,1.03,0.049,54.1,114.2,0.9936,3.22,0.35,11.85,6
3267,White,5.58,0.16,0.55,13.23,0.063,16.7,155.0,0.995,3.17,0.61,10.49,5
3268,White,6.59,0.4,0.24,0.6,0.038,9.1,118.6,0.9923,3.2,0.58,10.55,6
3269,White,7.48,0.35,0.51,9.23,0.046,21.9,127.2,0.9931,3.0,0.54,11.88,6
3270,White,7.04,0.12,0.25,7.13,0.029,41.6,173.5,0.9986,3.13,0.49,11.86,5
3271,White,5.72,0.48,0.44,6.39,0.053,63.5,121.7,0.9956,3.2,0.43,10.03,6
3272,White,7.23,0.29,0.22,3.27,0.11,23.5,117.7,0.9912,3.06,0.43,11.2,7
3273,White,6.8,0.4,0.56,2.43,0.009,25.4,129.1,0.9942,3.11,0.58,12.14,6
3274,White,7.59,0.14,0.18,16.37,0.046,40.4,183.2,0.9947,3.38,0.39,10.48,4
3275,White,5.29,0.14,0.36,16.53,0.044,14.8,146.7,0.9937,3.2,0.32,10.53,5
3276,White,7.67,0.23,0.47,6.32,0.055,44.3,76.3,0.9966,3.36,0.65,12.13,6
3277,White,6.82,0.2,0.27,6.13,0.055,25.7,96.2,0.9972,3.19,0.32,8.9,6
3278,White,6.53,0.17,0.36,7.87,0.038,26.1,57.3,0.9933,3.2,0.56,11.92,5
3279,White,5.97,0.19,0.27,2.72,0.049,38.1,146.6,0.9902,3.27,0.54,10.56,5
3280,White,7.92,0.18,0.25,7.07,0.024,16.7,143.9,0.9895,2.89,0.56,11.24,7
3281,White,7.19,0.21,0.32,7.71,0.087,54.9,170.4,0.9946,3.29,0.57,11.2,6
3282,White,8.17,0.28,0.28,9.94,0.042,31.3,216.3,0.9961,2.89,0.41,11.7,5
3283,White,6.2,0.34,0.42,9.56,0.02,30.2,206.6,0.9887,3.04,0.71,11.56,5
3284,White,6.5,0.12,0.38,13.13,0.05,45.5,72.5,0.9923,3.2,0.55,11.29,6
3285,White,6.3,0.24,0.39,12.28,0.027,25.3,138.0,0.9949,3.02,0.57,12.86,6
3286,White,6.6,0.26,0.2,8.08,0.04,80.3,114.0,0.9912,3.32,0.34,11.36,6
3287,White,7.01,0.24,0.31,8.77,0.024,14.1,143.6,0.9963,3.26,0.54,10.67,6
3288,White,6.85,0.26,0.15,15.37,0.027,27.7,189.9,0.9937,3.1,0.4,11.01,5
3289,White,7.26,0.3,0.14,9.98,0.01,28.9,110.5,0.9934,3.1,0.41,11.11,6
3290,White,6.46,0.38,0.16,14.05,0.012,26.5,21.7,0.9863,3.35,0.51,10.24,6
3291,White,7.49,0.24,0.26,5.9,0.051,66.4,161.7,0.9909,3.1,0.42,9.98,6
3292,White,6.33,0.33,0.31,2.2,0.035,14.2,145.4,0.9955,3.28,0.33,11.0,6
3293,White,6.71,0.21,0.41,7.59,0.07,15.2,237.8,0.9925,3.21,0.6,12.3,6
3294,White,6.9,0.25,0.48,10.34,0.056,41.1,211.0,0.9969,3.17,0.76,9.18,5
3295,White,7.23,0.45,0.58,7.61,0.048,34.1,111.1,0.9894,3.18,0.52,10.53,5
3296,White,6.87,0.32,0.39,13.03,0.012,12.1,211.6,0.991,3.06,0.59,9.85,7
3297,White,7.58,0.33,0.54,0.6,0.067,52.2,97.7,0.9899,3.44,0.57,10.83,6
3298,White,5.82,0.09,0.36,0.6,0.053,42.1,148.3,0.9874,3.56,0.63,10.38,6
3299,White,6.88,0.27,0.26,4.62,0.066,13.8,161.4,0.9943,3.27,0.48,11.19,6
3300,White,7.9,0.34,0.19,3.48,0.042,27.8,132.2,0.9923,3.26,0.47,10.25,6
3301,White,5.55,0.14,0.28,5.09,0.064,36.2,167.1,0.9915,3.26,0.47,11.03,5
3302,White,7.49,0.24,0.36,0.6,0.017,33.6,128.8,0.9963,3.11,0.65,11.42,6
3303,White,7.86,0.45,0.3,10.06,0.026,37.0,113.6,0.9965,3.4,0.47,10.82,6
3304,White,6.81,0.42,0.49,8.23,0.027,39.6,109.6,0.9968,3.27,0.59,11.9,6
3305,White,6.58,0.36,0.2,12.69,0.056,9.1,159.2,0.9977,3.09,0.56,9.78,5
3306,White,5.76,0.23,0.33,10.68,0.009,11.1,145.4,0.9953,3.08,0.59,11.74,5
3307,White,8.73,0.28,0.43,16.69,0.067,27.1,132.6,0.9969,3.14,0.41,11.03,6
3308,White,7.31,0.22,0.43,0.6,0.021,26.0,120.1,0.9934,3.26,0.3,9.6,3
3309,White,7.15,0.41,0.5,0.6,0.073,44.4,186.9,0.9949,3.18,0.49,10.61,6
3310,White,7.32,0.12,0.42,2.1,0.049,2.0,121.6,0.9934,3.18,0.73,11.18,6
3311,White,8.15,0.17,0.32,11.98,0.009,19.2,188.1,0.9976,3.42,0.65,11.87,7
3312,White,6.68,0.24,0.32,4.08,0.056,54.3,145.7,0.9946,3.16,0.53,12.79,6
3313,White,6.63,0.11,0.34,0.6,0.051,21.9,155.3,0.9943,3.3,0.49,10.93,7
3314,White,7.08,0.32,0.37,5.13,0.085,55.2,161.3,0.9961,3.13,0.56,12.12,6
3315,White,6.83,0.49,0.4,0.6,0.051,25.9,236.5,0.9913,3.3,0.26,11.06,5
3316,White,7.19,0.43,0.3,8.02,0.039,27.6,156.9,0.994,3.08,0.4,10.42,6
3317,White,7.1,0.25,0.33,6.91,0.052,47.2,115.6,0.994,3.07,0.56,11.69,7
3318,White,6.35,0.3,0.24,0.6,0.03,19.5,95.9,0.999,2.92,0.44,10.2,7
3319,White,5.79,0.25,0.35,2.02,0.028,37.1,143.5,0.9914,3.29,0.43,12.0,6
3320,White,6.8,0.27,0.33,6.22,0.056,47.0,82.5,0.9924,3.25,0.47,11.14,8
3321,White,7.38,0.27,0.17,1.28,0.051,37.0,180.5,0.994,3.09,0.29,11.49,6
3322,White,6.56,0.15,0.27,4.99,0.034,30.0,99.2,0.9943,3.01,0.42,12.34,7
3323,White,6.58,0.43,0.26,10.93,0.084,21.5,115.4,0.9941,3.05,0.46,10.77,6
3324,White,8.16,0.08,0.43,4.56,0.054,13.2,109.2,0.9902,3.08,0.51,11.35,4
3325,White,7.19,0.37,0.38,9.3,0.029,42.5,108.3,0.9934,3.04,0.42,10.74,5
3326,White,6.7,0.33,0.6,2.8,0.04,38.8,183.6,0.9952,3.17,0.52,9.95,7
3327,White,7.16,0.13,0.35,9.59,0.046,18.6,153.2,0.9939,3.04,0.56,9.8,5
3328,White,5.89,0.29,0.2,8.21,0.036,13.4,184.9,0.9945,3.14,0.29,14.2,6
3329,White,7.86,0.22,0.25,2.14,0.034,38.9,121.8,0.9934,3.27,0.52,11.82,7
3330,White,7.76,0.2,0.15,0.6,0.037,22.2,81.8,1.0019,3.23,0.5,8.76,6
3331,White,7.35,0.26,0.33,16.72,0.046,19.6,153.7,0.9943,3.32,0.61,12.32,7
3332,White,5.91,0.41,0.25,4.53,0.032,3.9,147.7,0.9978,3.24,0.57,12.53,6
3333,White,6.51,0.19,0.4,16.43,0.009,23.0,76.9,0.9894,3.24,0.55,11.09,6
3334,White,8.81,0.23,0.33,1.39,0.064,15.7,204.3,0.9965,3.25,0.35,10.53,6
3335,White,5.39,0.25,0.45,8.26,0.051,6.1,142.1,0.9925,3.16,0.49,11.61,6
3336,White,5.61,0.44,0.3,3.23,0.043,38.3,177.0,0.9933,3.51,0.56,11.67,6
3337,White,5.79,0.2,0.38,6.12,0.031,33.1,174.7,0.9976,3.18,0.6,10.12,5
3338,White,8.16,0.25,0.5,0.6,0.084,18.0,188.1,0.9923,3.21,0.46,9.9,5
3339,White,7.9,0.28,0.28,7.0,0.049,53.4,126.4,0.9937,3.03,0.44,10.43,7
3340,White,6.3,0.24,0.13,9.83,0.043,8.3,153.0,0.994,3.24,0.48,12.2,5
3341,White,7.36,0.24,0.26,10.23,0.068,41.3,156.1,0.9995,3.56,0.45,9.49,5
3342,White,7.16,0.3,0.28,0.6,0.055,36.2,103.0,0.9955,3.35,0.57,10.61,6
3343,White,5.87,0.23,0.21,5.99,0.046,33.9,98.1,0.9949,3.07,0.32,11.09,6
3344,White,8.17,0.21,0.3,12.58,0.037,2.0,119.5,0.9937,3.3,0.32,12.08,6
3345,White,6.64,0.33,0.29,6.11,0.05,27.7,82.0,0.9945,3.12,0.41,11.26,5
3346,White,7.42,0.23,0.15,14.14,0.043,48.5,75.1,0.9935,3.17,0.52,11.1,6
3347,White,6.94,0.3,0.28,0.97,0.05,38.3,85.6,0.9903,2.98,0.65,11.25,5
3348,White,4.65,0.25,0.59,2.38,0.041,25.7,81.9,1.0003,3.31,0.52,11.75,7
3349,White,7.94,0.32,0.36,4.21,0.01,53.1,110.8,0.9946,3.13,0.6,9.6,6
3350,White,6.42,0.22,0.38,0.6,0.073,35.0,180.1,0.9908,3.06,0.54,11.09,7
3351,White,6.14,0.35,0.2,0.6,0.015,32.9,102.7,0.9945,3.17,0.45,11.47,6
3352,White,6.25,0.35,0.44,5.51,0.04,71.7,123.9,0.9965,2.98,0.52,11.31,6
3353,White,6.51,0.43,0.35,0.6,0.067,51.0,168.5,0.9937,3.2,0.64,11.75,8
3354,White,7.74,0.08,0.4,4.5,0.051,43.2,156.9,0.9935,3.29,0.53,11.6,7
3355,White,6.97,0.32,0.23,5.46,0.052,47.7,137.3,0.9919,3.12,0.47,10.91,6
3356,White,6.75,0.49,0.33,9.36,0.036,37.9,50.6,0.9945,3.11,0.42,10.52,5
3357,White,6.72,0.32,0.21,13.07,0.037,48.3,133.8,0.995,3.35,0.58,12.59,6
3358,White,7.55,0.31,0.41,8.89,0.055,41.4,236.5,0.9909,2.82,0.43,10.34,6
3359,White,6.41,0.31,0.36,13.5,0.036,31.7,119.9,0.994,3.13,0.59,10.41,6
3360,White,7.55,0.34,0.44,14.07,0.026,11.2,105.3,0.9922,3.32,0.51,8.58,6
3361,White,7.61,0.3,0.22,0.6,0.066,25.1,106.1,0.9909,3.25,0.43,9.44,5
3362,White,6.37,0.08,0.31,13.33,0.019,51.9,115.6,0.9954,3.18,0.45,11.15,5
3363,White,6.72,0.33,0.23,0.6,0.045,16.1,156.0,0.9977,3.09,0.56,12.6,6
3364,White,7.44,0.3,0.14,10.46,0.051,18.1,147.1,0.9918,3.08,0.41,11.35,5
3365,White,6.72,0.35,0.28,3.54,0.044,37.1,145.6,0.9913,3.61,0.43,10.59,5
3366,White,6.83,0.24,0.43,0.6,0.08,16.0,79.4,0.9937,3.09,0.37,12.65,6
3367,White,7.67,0.14,0.24,3.75,0.009,36.4,182.5,0.9912,3.33,0.63,10.52,6
3368,White,6.53,0.12,0.38,1.07,0.076,57.3,107.0,0.9966,3.18,0.57,11.98,7
3369,White,6.82,0.22,0.43,6.13,0.025,41.8,153.3,0.9973,3.15,0.44,11.6,7
3370,White,7.56,0.36,0.16,2.29,0.076,31.3,173.4,1.0018,3.43,0.5,11.21,6
3371,White,5.92,0.41,0.44,6.39,0.009,50.4,117.5,0.9926,3.06,0.56,11.56,6
3372,White,6.74,0.26,0.37,3.34,0.054,20.3,204.6,0.9972,3.02,0.56,10.0,6
3373,White,6.2,0.21,0.29,8.76,0.053,2.6,145.6,0.9933,3.26,0.45,9.54,6
3374,White,6.38,0.29,0.47,10.1,0.009,28.0,129.8,0.9892,3.33,0.63,12.29,5
3375,White,5.65,0.15,0.55,2.57,0.029,2.0,75.9,0.9879,3.22,0.32,8.81,5
3376,White,6.14,0.25,0.34,10.49,0.027,40.9,114.0,0.9957,3.17,0.54,12.05,7
3377,White,8.9,0.11,0.35,4.12,0.093,24.7,177.9,0.9975,2.93,0.53,11.81,6
3378,White,6.82,0.28,0.18,0.6,0.07,55.7,164.3,0.9961,3.16,0.46,10.72,6
3379,White,7.77,0.38,0.17,7.47,0.028,24.7,144.6,0.9955,3.11,0.39,11.92,6
3380,White,7.91,0.27,0.39,8.97,0.031,52.3,142.6,0.9971,3.0,0.43,10.94,6
3381,White,6.26,0.41,0.25,10.51,0.07,43.2,111.3,0.998,3.13,0.47,10.61,5
3382,White,7.31,0.33,0.42,10.02,0.034,26.9,91.7,0.9908,3.26,0.47,9.97,5
3383,White,5.42,0.28,0.5,0.6,0.022,18.5,111.0,0.9978,3.38,0.56,9.87,6
3384,White,8.78,0.24,0.19,8.52,0.034,2.0,157.3,0.9913,3.27,0.42,9.99,6
3385,White,6.75,0.19,0.26,6.29,0.04,52.3,188.1,0.9939,3.52,0.46,10.32,6
3386,White,7.38,0.1,0.35,9.75,0.009,2.4,156.1,0.9946,2.83,0.5,11.37,4
3387,White,6.32,0.28,0.16,0.6,0.059,14.3,129.2,0.9901,3.01,0.5,11.2,5
3388,White,6.39,0.25,0.4,11.12,0.021,42.0,176.2,0.9977,3.14,0.52,11.82,7
3389,White,7.12,0.15,0.42,0.6,0.064,26.0,206.9,0.9943,3.09,0.51,11.64,7
3390,White,6.08,0.18,0.54,8.09,0.055,40.1,130.2,0.9978,2.94,0.62,11.81,6
3391,White,8.13,0.25,0.2,6.21,0.035,39.8,219.1,0.9906,3.14,0.45,11.12,7
3392,White,6.65,0.31,0.47,17.06,0.043,50.9,165.0,0.9971,3.23,0.53,12.01,5
3393,White,6.05,0.09,0.32,0.6,0.053,27.5,73.8,0.993,3.04,0.4,13.26,8
3394,White,7.16,0.16,0.39,1.27,0.068,13.5,156.6,0.996,3.29,0.26,9.45,5
3395,White,5.87,0.14,0.12,8.49,0.039,40.1,135.4,0.9964,3.29,0.41,8.29,5
3396,White,8.03,0.35,0.44,11.75,0.048,36.6,94.8,0.9947,3.16,0.51,10.45,7
3397,White,6.14,0.33,0.43,2.06,0.025,38.4,191.0,0.9906,3.18,0.42,11.14,6
3398,White,6.8,0.28,0.43,4.68,0.009,26.9,132.0,0.9945,3.2,0.54,12.88,6
3399,White,6.1,0.22,0.37,9.98,0.078,24.4,165.4,0.9952,3.48,0.63,10.41,5
3400,White,6.38,0.16,0.35,12.63,0.013,3.3,156.8,0.9896,3.07,0.37,11.36,5
3401,White,7.84,0.16,0.32,10.81,0.015,39.9,83.7,0.9871,2.95,0.53,12.09,6
3402,White,6.67,0.21,0.25,13.41,0.059,28.3,88.2,0.9973,3.18,0.22,11.72,5
3403,White,8.24,0.36,0.34,3.16,0.023,31.3,127.5,0.9959,3.04,0.44,11.38,4
3404,White,7.67,0.22,0.29,10.03,0.064,35.0,154.1,0.9958,3.34,0.62,10.08,5
3405,White,6.54,0.15,0.51,2.95,0.026,30.8,141.3,0.9958,3.46,0.35,10.35,4
3406,White,7.15,0.28,0.31,3.74,0.051,23.2,181.6,0.9962,3.24,0.46,11.24,6
3407,White,6.88,0.25,0.42,0.6,0.074,42.4,159.0,0.9952,3.19,0.62,9.75,5
3408,White,6.58,0.4,0.37,9.41,0.082,22.6,176.2,0.9957,3.15,0.43,11.82,6
3409,White,7.08,0.12,0.38,5.47,0.035,47.0,134.2,0.991,3.36,0.67,10.34,5
3410,White,6.4,0.47,0.5,12.4,0.045,22.4,77.0,0.9889,3.28,0.29,11.16,5
3411,White,8.22,0.43,0.39,11.97,0.079,41.6,125.4,0.9909,3.13,0.47,12.09,6
3412,White,6.69,0.35,0.34,3.85,0.061,37.9,119.9,0.9923,3.26,0.57,12.12,6
3413,White,6.52,0.35,0.29,2.13,0.027,33.0,93.7,0.9889,3.0,0.54,12.77,7
3414,White,8.41,0.33,0.41,0.6,0.022,29.6,127.1,0.9944,3.09,0.45,12.11,6
3415,White,6.28,0.19,0.43,8.19,0.012,37.0,155.0,0.9937,3.28,0.39,11.91,6
3416,White,7.05,0.15,0.36,4.39,0.06,57.1,159.4,0.9965,3.33,0.56,11.12,5
3417,White,6.6,0.18,0.34,4.65,0.098,38.7,155.0,0.9933,3.05,0.71,10.58,6
3418,White,6.66,0.31,0.32,10.9,0.05,39.0,83.1,0.9956,3.24,0.57,12.46,5
3419,White,7.27,0.08,0.23,3.66,0.032,24.0,223.8,0.9914,3.26,0.54,10.17,6
3420,White,6.16,0.1,0.47,0.6,0.038,26.0,111.6,0.9894,3.04,0.57,10.04,5
3421,White,6.41,0.4,0.33,3.76,0.031,31.6,124.3,0.9954,3.14,0.27,8.14,5
3422,White,7.49,0.17,0.21,0.6,0.044,32.5,102.8,0.9955,3.3,0.3,10.17,5
3423,White,7.48,0.25,0.09,0.6,0.082,29.8,76.7,0.9902,3.35,0.46,10.07,6
3424,White,6.79,0.27,0.4,2.58,0.05,54.0,110.7,0.9961,3.25,0.33,9.4,4
3425,White,5.35,0.29,0.42,6.3,0.056,14.1,72.0,0.9922,3.28,0.56,10.08,5
3426,White,5.17,0.34,0.19,2.08,0.021,18.3,65.4,0.9896,2.99,0.43,10.22,6
3427,White,5.1,0.19,0.25,3.75,0.041,52.6,215.8,0.9936,3.26,0.34,9.99,5
3428,White,7.28,0.4,0.13,0.6,0.04,31.4,105.1,0.9939,3.03,0.28,10.73,6
3429,White,6.02,0.22,0.38,7.13,0.03,18.3,74.6,0.9926,2.93,0.48,11.02,8
3430,White,5.97,0.4,0.34,3.59,0.013,13.1,174.3,0.9968,3.4,0.5,10.46,5
3431,White,5.61,0.21,0.47,4.02,0.028,33.0,80.4,0.9895,2.92,0.37,10.7,5
3432,White,6.13,0.38,0.22,9.65,0.026,24.3,177.5,0.9912,3.03,0.51,10.75,5
3433,White,5.74,0.35,0.1,3.89,0.025,42.7,161.1,0.9911,3.32,0.29,10.98,6
3434,White,5.32,0.39,0.28,11.08,0.037,29.6,114.1,0.9976,3.29,0.38,11.14,7
3435,White,7.43,0.36,0.38,4.73,0.026,71.5,174.9,0.9939,3.32,0.56,10.04,7
3436,White,7.45,0.13,0.47,0.6,0.018,16.7,105.1,0.9983,3.33,0.35,11.64,6
3437,White,7.62,0.21,0.31,12.63,0.033,38.8,160.2,0.9927,3.05,0.54,13.43,6
3438,White,6.05,0.35,0.49,6.68,0.066,50.0,96.3,0.9962,3.04,0.31,11.67,7
3439,White,7.41,0.28,0.44,4.75,0.053,32.8,127.9,0.9906,3.12,0.47,11.67,6
3440,White,7.19,0.47,0.4,15.72,0.051,46.3,151.8,0.9988,3.09,0.49,10.55,6
3441,White,7.98,0.32,0.32,0.6,0.07,59.9,231.1,0.9946,2.99,0.31,10.41,6
3442,White,6.52,0.21,0.39,0.6,0.037,29.1,140.3,0.9943,3.0,0.38,9.72,7
3443,White,5.54,0.2,0.36,10.11,0.083,39.1,166.9,0.9911,3.43,0.4,10.28,6
3444,White,6.26,0.19,0.45,16.35,0.069,23.9,89.0,0.9965,3.06,0.39,10.43,5
3445,White,6.22,0.08,0.2,3.69,0.023,37.0,102.6,0.9941,3.39,0.7,11.72,7
3446,White,6.05,0.37,0.47,0.6,0.056,46.0,127.0,0.9916,3.28,0.49,11.59,6
3447,White,7.21,0.28,0.28,12.1,0.049,35.2,65.3,0.9989,3.4,0.41,11.48,4
3448,White,8.16,0.24,0.34,2.53,0.053,34.5,91.8,0.9901,3.26,0.42,12.55,6
3449,White,7.38,0.36,0.29,0.6,0.01,29.2,100.8,0.9935,3.18,0.33,9.64,4
3450,White,6.54,0.26,0.22,9.36,0.073,25.7,84.0,0.9946,3.05,0.45,11.3,5
3451,White,7.1,0.25,0.3,5.23,0.056,26.3,119.4,0.9956,3.16,0.43,10.39,5
3452,White,6.89,0.32,0.38,0.6,0.054,48.0,73.9,0.9954,3.17,0.69,10.98,6
3453,White,6.0,0.21,0.43,2.63,0.051,55.4,169.1,0.9904,3.03,0.39,10.95,6
3454,White,5.49,0.39,0.52,10.29,0.056,36.2,133.7,0.9931,3.23,0.52,10.68,5
3455,White,6.35,0.28,0.2,15.36,0.075,34.5,117.0,0.9945,3.28,0.48,8.67,6
3456,White,8.08,0.4,0.04,9.1,0.054,59.5,74.1,0.9926,3.14,0.46,9.18,6
3457,White,6.33,0.19,0.28,0.6,0.029,59.7,62.7,0.9927,3.2,0.22,11.86,6
3458,White,6.72,0.29,0.25,1.37,0.017,35.5,128.8,0.9954,3.1,0.63,10.81,6
3459,White,6.4,0.36,0.3,4.85,0.064,42.8,184.9,0.9988,3.36,0.34,11.22,6
3460,White,7.55,0.27,0.19,0.6,0.056,56.1,134.4,0.9921,3.26,0.46,12.32,8
3461,White,6.9,0.35,0.4,5.12,0.041,34.3,120.4,0.994,3.18,0.39,10.38,7
3462,White,5.04,0.21,0.42,3.02,0.052,53.5,111.4,0.9871,3.05,0.58,11.07,7
3463,White,7.35,0.16,0.29,8.58,0.02,45.1,95.8,0.9918,2.97,0.44,9.73,4
3464,White,4.57,0.19,0.19,3.38,0.066,52.3,184.3,0.9934,3.25,0.38,11.86,6
3465,White,6.63,0.35,0.48,2.67,0.033,35.9,126.2,1.0024,3.05,0.41,12.09,6
3466,White,6.4,0.3,0.22,10.53,0.071,27.6,123.0,0.9937,3.34,0.53,10.41,5
3467,White,7.27,0.15,0.28,1.02,0.026,33.1,66.6,0.9904,3.31,0.43,9.74,6
3468,White,6.57,0.15,0.34,6.28,0.032,54.9,125.6,0.9958,2.98,0.62,11.4,7
3469,White,7.07,0.17,0.39,13.25,0.018,46.3,78.1,0.9886,3.01,0.56,10.88,6
3470,White,7.54,0.24,0.37,5.33,0.029,35.1,148.1,0.9947,3.46,0.51,9.78,6
3471,White,7.27,0.19,0.24,9.92,0.04,22.2,151.8,0.9979,3.26,0.29,11.03,5
3472,White,6.35,0.26,0.36,9.07,0.07,14.9,120.4,0.9948,3.18,0.48,11.46,6
3473,White,7.09,0.24,0.4,8.23,0.049,52.3,171.6,0.9915,3.1,0.4,10.13,6
3474,White,6.18,0.34,0.26,11.85,0.048,25.1,142.6,0.9957,3.18,0.44,10.98,5
3475,White,7.31,0.41,0.28,6.25,0.052,38.5,174.5,0.9947,3.14,0.45,12.43,8
3476,White,7.44,0.4,0.32,9.22,0.053,29.8,192.6,0.9919,3.36,0.44,11.02,5
3477,White,6.27,0.39,0.28,8.67,0.044,24.6,127.0,1.0002,3.24,0.33,10.32,6
3478,White,8.12,0.24,0.02,5.95,0.01,73.8,222.3,0.9931,3.1,0.48,9.97,5
3479,White,5.46,0.36,0.3,1.81,0.05,30.4,127.8,0.9906,3.0,0.49,11.97,6
3480,White,6.57,0.19,0.36,2.91,0.091,33.0,164.5,0.9948,3.1,0.5,11.46,7
3481,White,7.11,0.49,0.3,2.94,0.076,24.8,285.1,0.9971,3.06,0.56,11.02,7
3482,White,6.27,0.37,0.68,11.82,0.043,43.4,177.0,0.992,2.72,0.36,9.86,6
3483,White,5.88,0.08,0.26,0.6,0.024,16.3,117.9,0.9909,3.14,0.54,11.0,7
3484,White,7.57,0.38,0.08,11.19,0.035,63.5,168.6,0.9968,3.44,0.41,9.41,6
3485,White,7.55,0.08,0.46,2.48,0.079,4.6,221.8,0.9962,2.96,0.34,10.31,6
3486,White,7.99,0.36,0.29,0.75,0.009,23.9,108.0,0.9938,3.2,0.45,8.48,3
3487,White,6.63,0.41,0.22,3.76,0.054,27.6,212.1,0.99,3.24,0.51,12.45,5
3488,White,6.24,0.17,0.09,11.32,0.065,49.6,126.1,0.9967,2.98,0.43,11.99,6
3489,White,6.6,0.26,0.43,6.04,0.058,27.0,202.2,0.9932,3.33,0.53,9.66,5
3490,White,5.42,0.22,0.54,2.76,0.08,32.2,184.3,0.9944,3.4,0.6,10.64,6
3491,White,6.87,0.36,0.51,7.69,0.077,29.5,179.1,0.9902,3.1,0.62,11.68,5
3492,White,5.81,0.24,0.3,5.61,0.092,48.6,113.2,0.9905,2.91,0.48,9.28,3
3493,White,5.91,0.24,0.35,18.53,0.051,36.1,69.4,0.9914,3.24,0.53,10.92,4
3494,White,5.59,0.08,0.3,8.65,0.054,41.1,148.3,0.9901,3.01,0.53,9.23,5
3495,White,7.95,0.33,0.2,6.08,0.073,35.3,90.6,0.9957,3.34,0.28,9.84,5
3496,White,5.55,0.08,0.13,3.28,0.063,45.3,108.3,0.9936,3.55,0.47,12.29,6
3497,White,7.34,0.35,0.3,7.52,0.031,69.2,82.3,0.9925,3.31,0.6,11.0,6
3498,White,6.33,0.21,0.37,1.33,0.067,24.8,67.6,0.9925,3.13,0.69,10.48,6
3499,White,6.76,0.28,0.28,3.69,0.084,60.0,151.0,0.9925,3.09,0.68,10.29,5
3500,White,7.15,0.42,0.29,5.75,0.056,52.9,153.5,0.9922,3.12,0.51,11.84,6
3501,White,6.33,0.28,0.43,4.3,0.034,22.1,91.7,0.9953,3.29,0.73,11.26,5
3502,White,7.13,0.13,0.26,0.84,0.047,56.1,154.1,0.9952,3.26,0.55,12.08,6
3503,White,7.75,0.16,0.34,8.79,0.08,18.6,138.1,0.9987,3.17,0.64,11.0,5
3504,White,6.82,0.12,0.25,9.11,0.04,50.3,71.7,0.9948,3.23,0.49,10.55,5
3505,White,6.23,0.4,0.53,0.6,0.023,8.8,122.7,0.995,3.33,0.35,10.2,5
3506,White,5.2,0.22,0.48,0.88,0.03,29.0,85.5,0.9918,3.16,0.57,11.91,6
3507,White,5.89,0.19,0.56,8.83,0.065,2.0,144.1,0.9941,2.97,0.46,11.48,4
3508,White,7.65,0.26,0.21,12.67,0.046,40.1,139.9,0.9967,2.93,0.55,10.59,7
3509,White,6.44,0.26,0.1,11.28,0.009,33.3,117.5,0.9905,3.2,0.62,11.98,7
3510,White,5.24,0.32,0.33,1.54,0.076,23.0,113.3,0.9918,3.4,0.35,11.17,5
3511,White,7.51,0.29,0.33,0.6,0.063,83.3,136.8,0.9937,3.13,0.38,11.04,6
3512,White,6.55,0.31,0.34,11.93,0.075,2.0,62.3,0.9916,3.28,0.63,10.54,7
3513,White,6.58,0.19,0.19,12.41,0.033,19.6,164.6,0.9919,3.11,0.76,11.48,7
3514,White,5.98,0.27,0.0,8.71,0.036,12.5,236.0,0.9913,3.06,0.41,11.76,6
3515,White,6.48,0.22,0.37,11.11,0.074,47.9,139.6,0.9909,3.1,0.36,12.33,7
3516,White,6.07,0.59,0.2,6.25,0.053,35.2,159.4,0.9939,3.39,0.48,11.7,5
3517,White,5.7,0.18,0.4,0.6,0.044,22.2,106.8,0.9946,3.31,0.51,10.53,5
3518,White,5.19,0.25,0.34,2.26,0.039,21.9,169.4,0.9942,3.17,0.43,11.05,7
3519,White,7.31,0.23,0.19,7.91,0.049,42.1,103.8,0.9944,3.32,0.55,11.64,6
3520,White,6.89,0.35,0.44,15.06,0.014,18.2,207.5,0.9975,3.53,0.38,12.72,7
3521,White,7.06,0.34,0.15,1.91,0.039,54.7,157.1,0.9992,3.36,0.39,10.62,6
3522,White,7.36,0.4,0.39,9.49,0.067,37.7,156.8,0.9959,3.15,0.42,12.52,6
3523,White,7.63,0.38,0.37,16.66,0.073,42.5,148.4,0.9949,3.07,0.44,9.85,5
3524,White,6.91,0.24,0.59,0.6,0.025,33.6,154.1,0.9884,3.19,0.48,11.59,5
3525,White,6.52,0.29,0.29,10.1,0.036,44.7,122.8,0.9905,3.14,0.41,10.53,5
3526,White,5.78,0.23,0.52,9.96,0.057,38.3,63.9,0.9941,2.79,0.44,9.78,5
3527,White,6.64,0.08,0.18,5.03,0.078,57.2,104.7,0.9938,2.97,0.34,11.53,6
3528,White,8.21,0.18,0.22,4.84,0.025,27.0,153.7,0.9954,3.04,0.57,10.58,5
3529,White,7.82,0.42,0.32,11.26,0.033,28.0,127.8,0.9962,3.37,0.47,10.48,5
3530,White,5.93,0.38,0.19,7.89,0.082,40.7,163.2,0.9976,3.3,0.59,10.37,5
3531,White,7.78,0.33,0.51,11.08,0.049,46.0,185.9,0.9929,3.08,0.5,11.12,5
3532,White,7.9,0.33,0.03,0.6,0.045,35.9,168.0,0.9953,2.87,0.57,9.58,5
3533,White,7.31,0.36,0.32,3.91,0.021,44.7,154.7,0.9898,3.26,0.46,11.76,6
3534,White,7.14,0.44,0.23,0.99,0.028,40.3,105.6,0.9978,3.0,0.54,9.32,5
3535,White,8.84,0.17,0.28,16.15,0.017,40.4,68.5,0.9961,3.18,0.52,11.51,6
3536,White,6.78,0.22,0.26,11.57,0.017,45.0,164.2,0.9922,3.32,0.53,11.51,8
3537,White,8.41,0.18,0.33,0.6,0.035,46.3,129.9,0.9903,3.23,0.51,11.6,5
3538,White,6.6,0.38,0.39,5.72,0.034,37.2,156.9,0.9922,3.32,0.47,9.01,5
3539,White,6.17,0.31,0.64,13.08,0.031,36.8,15.1,0.9972,3.1,0.39,12.9,8
3540,White,7.2,0.27,0.34,16.27,0.062,43.0,68.4,0.9936,3.55,0.62,12.06,6
3541,White,6.81,0.18,0.47,7.41,0.052,24.0,158.8,0.9953,3.34,0.35,12.08,6
3542,White,5.8,0.08,0.39,0.6,0.085,35.8,149.1,0.9917,2.89,0.45,10.65,5
3543,White,5.55,0.32,0.38,7.88,0.036,37.2,125.6,0.9965,3.26,0.57,12.19,6
3544,White,7.53,0.31,0.33,8.96,0.057,41.1,131.0,0.9912,3.31,0.39,11.64,5
3545,White,5.41,0.26,0.25,8.65,0.035,2.0,102.7,0.9916,3.04,0.36,10.47,6
3546,White,7.1,0.22,0.24,2.3,0.07,42.8,176.9,0.9954,3.12,0.55,11.76,6
3547,White,7.4,0.36,0.4,1.63,0.046,64.8,81.4,0.9932,3.1,0.45,11.66,5
3548,White,7.46,0.3,0.36,8.27,0.071,2.0,177.5,0.9948,3.17,0.43,11.85,6
3549,White,7.08,0.33,0.34,6.38,0.092,5.8,137.1,0.9942,3.49,0.33,10.01,5
3550,White,6.8,0.19,0.35,1.54,0.058,21.3,145.8,0.9965,3.0,0.42,11.09,7
3551,White,6.1,0.17,0.33,9.36,0.025,27.8,108.3,0.9888,3.11,0.47,10.94,6
3552,White,7.16,0.39,0.64,8.12,0.054,32.6,171.9,0.9975,3.31,0.47,9.17,4
3553,White,7.89,0.34,0.26,9.35,0.038,48.4,155.4,0.9946,3.26,0.4,10.74,6
3554,White,7.23,0.17,0.31,8.58,0.062,2.0,74.2,0.993,3.33,0.31,11.26,6
3555,White,8.81,0.28,0.35,8.62,0.077,25.3,206.0,0.9947,3.19,0.56,11.22,5
3556,White,5.61,0.37,0.46,6.06,0.035,36.0,110.3,0.9888,3.39,0.36,10.0,6
3557,White,6.3,0.3,0.21,15.04,0.009,38.8,193.7,0.997,3.53,0.36,8.74,3
3558,White,6.37,0.31,0.43,3.41,0.055,34.8,161.4,0.9949,3.22,0.63,12.41,7
3559,White,4.94,0.33,0.33,5.49,0.086,21.7,165.6,0.9949,3.16,0.55,12.62,6
3560,White,6.97,0.22,0.13,14.24,0.059,29.4,138.7,0.9882,3.31,0.52,12.37,6
3561,White,5.52,0.4,0.5,5.58,0.044,5.5,101.7,0.9924,2.97,0.34,9.3,4
3562,White,6.97,0.13,0.23,3.97,0.052,34.2,103.8,0.9967,3.06,0.44,11.2,5
3563,White,5.49,0.24,0.49,7.93,0.043,6.9,131.6,0.9934,3.33,0.42,10.54,6
3564,White,6.19,0.27,0.46,7.51,0.068,48.8,140.9,0.9955,3.21,0.49,10.87,6
3565,White,8.99,0.39,0.37,2.45,0.049,41.1,147.1,0.9941,3.14,0.35,10.91,5
3566,White,7.5,0.14,0.28,0.6,0.042,67.0,200.1,0.9932,3.13,0.33,9.0,6
3567,White,6.11,0.21,0.36,6.19,0.033,33.3,137.8,0.9952,3.23,0.31,12.17,6
3568,White,7.31,0.32,0.37,2.06,0.02,32.3,132.2,0.9972,2.97,0.65,12.63,6
3569,White,8.25,0.32,0.25,4.27,0.049,49.2,147.8,0.9893,3.17,0.52,10.66,5
3570,White,7.48,0.2,0.3,0.6,0.009,60.9,171.7,1.0024,3.15,0.31,10.72,6
3571,White,6.27,0.3,0.4,0.6,0.01,39.2,185.0,0.9925,3.25,0.35,10.7,5
3572,White,6.62,0.47,0.16,13.62,0.017,49.7,52.2,0.9913,3.18,0.54,12.04,7
3573,White,6.74,0.19,0.17,6.55,0.021,28.7,163.8,0.9986,3.21,0.42,11.1,6
3574,White,7.28,0.35,0.5,2.87,0.03,29.9,145.9,0.9896,3.0,0.7,11.19,6
3575,White,6.84,0.2,0.14,11.24,0.054,42.0,127.8,0.9972,3.15,0.57,10.52,5
3576,White,5.89,0.35,0.4,5.47,0.052,43.7,165.2,0.99,3.2,0.66,12.78,8
3577,White,6.1,0.3,0.46,5.09,0.053,71.1,130.1,0.9962,3.27,0.49,10.81,6
3578,White,6.78,0.21,0.35,7.47,0.011,32.4,104.2,0.9992,3.0,0.48,9.93,7
3579,White,5.78,0.44,0.29,1.11,0.022,39.5,137.3,0.9927,3.48,0.57,11.54,6
3580,White,7.91,0.19,0.34,9.18,0.023,6.4,184.8,0.9953,3.28,0.48,12.53,7
3581,White,5.62,0.3,0.27,9.05,0.037,35.5,194.4,0.9933,2.86,0.41,9.89,5
3582,White,7.08,0.35,0.24,6.48,0.046,46.4,127.4,0.9904,3.36,0.57,12.04,7
3583,White,6.97,0.4,0.44,12.28,0.06,31.8,153.2,0.9922,3.09,0.44,10.19,6
3584,White,6.71,0.47,0.46,10.24,0.072,11.2,179.7,0.9946,3.35,0.47,10.84,6
3585,White,7.25,0.08,0.29,6.29,0.066,15.7,189.0,0.9943,3.23,0.6,8.47,5
3586,White,6.97,0.23,0.09,13.05,0.045,61.4,148.9,0.9967,3.07,0.51,10.74,6
3587,White,7.51,0.34,0.48,12.54,0.024,38.8,181.3,0.9992,3.24,0.8,10.76,6
3588,White,6.69,0.33,0.37,15.09,0.077,18.5,107.2,0.9934,3.31,0.37,12.49,6
3589,White,8.2,0.18,0.3,9.72,0.031,20.5,138.2,0.9905,3.03,0.6,9.8,6
3590,White,7.21,0.39,0.17,1.22,0.032,47.4,163.4,0.9922,3.31,0.4,10.35,6
3591,White,6.19,0.24,0.22,13.9,0.035,25.0,47.8,0.9884,3.2,0.45,10.85,6
3592,White,7.23,0.28,0.39,7.17,0.051,21.4,136.7,0.9968,3.28,0.57,10.43,6
3593,White,6.67,0.15,0.19,9.89,0.034,53.9,82.8,0.9926,3.17,0.73,9.96,6
3594,White,7.95,0.3,0.32,3.9,0.036,47.1,174.3,0.9885,3.1,0.48,9.97,5
3595,White,5.77,0.37,0.13,4.7,0.098,6.0,148.3,0.9965,2.99,0.56,9.17,5
3596,White,4.26,0.32,0.59,10.28,0.062,20.5,145.8,0.9909,3.33,0.53,10.18,6
3597,White,9.02,0.34,0.21,8.85,0.043,9.3,247.3,0.9918,3.15,0.42,11.63,5
3598,White,7.05,0.31,0.23,11.29,0.061,64.5,196.0,0.9956,2.99,0.51,11.27,6
3599,White,6.88,0.27,0.24,11.9,0.054,14.2,169.2,0.9986,3.29,0.33,10.46,5
3600,White,6.07,0.22,0.34,8.03,0.046,32.4,81.2,0.9928,3.03,0.52,12.18,5
3601,White,6.73,0.28,0.51,6.73,0.048,23.1,90.6,0.9965,3.26,0.51,11.46,6
3602,White,6.1,0.27,0.22,1.65,0.053,32.5,195.8,0.9923,3.15,0.57,11.39,6
3603,White,8.13,0.29,0.17,3.98,0.083,48.7,122.7,0.9975,3.42,0.56,11.24,5
3604,White,6.44,0.19,0.27,7.37,0.048,46.7,121.3,0.9974,2.98,0.49,14.2,8
3605,White,4.67,0.21,0.28,3.97,0.018,32.1,144.6,0.9983,3.26,0.64,11.58,6
3606,White,6.7,0.37,0.39,4.72,0.015,22.1,140.9,0.9929,3.13,0.45,9.53,6
3607,White,6.67,0.19,0.39,14.13,0.024,47.6,167.7,0.9939,3.66,0.46,10.17,6
3608,White,5.87,0.18,0.26,4.32,0.046,57.5,53.3,0.993,3.07,0.56,10.37,6
3609,White,8.05,0.31,0.42,11.21,0.042,33.0,96.9,0.9903,3.04,0.56,11.57,5
3610,White,6.34,0.18,0.38,10.55,0.025,53.6,215.8,0.9923,3.23,0.66,11.07,6
3611,White,7.95,0.31,0.18,3.67,0.041,28.8,164.7,0.9979,3.05,0.26,10.16,6
3612,White,6.57,0.25,0.35,19.54,0.068,34.4,234.5,0.9984,3.18,0.46,10.59,6
3613,White,7.07,0.18,0.46,13.94,0.077,43.2,117.9,0.9926,3.08,0.55,10.5,5
3614,White,6.99,0.31,0.48,14.12,0.071,52.9,33.4,0.9887,3.27,0.22,10.96,7
3615,White,4.65,0.29,0.49,3.67,0.029,48.6,139.0,0.996,3.24,0.58,10.86,5
3616,White,6.64,0.18,0.19,6.09,0.034,25.6,252.9,0.9974,3.28,0.69,12.3,6
3617,White,6.42,0.35,0.53,1.46,0.038,40.6,178.1,0.9958,3.09,0.79,8.63,6
3618,White,7.12,0.18,0.47,13.91,0.079,51.7,120.0,0.9968,3.15,0.58,10.44,6
3619,White,7.21,0.43,0.37,14.05,0.029,47.0,117.5,0.9973,3.29,0.4,12.22,6
3620,White,8.43,0.34,0.38,6.93,0.026,48.3,163.1,0.9896,3.27,0.52,10.61,6
3621,White,7.4,0.23,0.19,13.16,0.077,6.6,108.6,0.9908,3.32,0.7,11.14,7
3622,White,7.71,0.24,0.3,11.89,0.051,43.3,165.8,0.9903,3.37,0.33,12.88,7
3623,White,7.11,0.26,0.21,11.85,0.048,25.3,64.9,0.9988,3.46,0.5,10.82,6
3624,White,7.11,0.28,0.32,2.19,0.019,15.2,152.8,0.997,3.43,0.61,10.84,6
3625,White,8.92,0.32,0.14,18.23,0.018,49.3,94.3,0.992,3.23,0.56,11.23,6
3626,White,7.39,0.29,0.36,0.6,0.041,67.0,172.8,0.9932,3.16,0.43,9.4,5
3627,White,7.27,0.13,0.28,6.72,0.057,64.4,167.3,0.9981,3.34,0.7,11.65,7
3628,White,8.13,0.15,0.37,0.6,0.042,49.2,106.5,0.9859,3.52,0.37,11.02,6
3629,White,8.53,0.09,0.25,1.51,0.039,14.0,157.2,0.9948,3.3,0.5,11.12,8
3630,White,7.55,0.31,0.3,8.47,0.042,5.7,210.8,0.9922,2.99,0.54,12.2,5
3631,White,5.97,0.17,0.52,7.65,0.051,46.4,35.6,0.9934,3.16,0.46,11.14,6
3632,White,6.45,0.34,0.64,6.3,0.058,41.4,157.0,0.9939,3.33,0.51,10.8,5
3633,White,7.28,0.12,0.36,5.38,0.08,30.4,172.7,0.992,3.35,0.54,10.63,7
3634,White,5.79,0.23,0.41,2.57,0.055,26.6,122.6,0.9983,3.18,0.55,11.67,6
3635,White,7.53,0.33,0.4,12.66,0.063,44.2,152.2,0.9902,3.78,0.5,10.06,6
3636,White,6.07,0.17,0.68,0.6,0.037,27.5,132.2,0.9907,3.19,0.45,9.56,6
3637,White,6.73,0.27,0.27,6.33,0.045,35.2,161.2,0.9972,3.07,0.31,11.62,6
3638,White,5.16,0.45,0.32,2.28,0.027,37.3,182.0,0.9979,3.29,0.55,11.48,7
3639,White,6.39,0.3,0.25,9.03,0.041,43.8,159.3,0.9931,3.22,0.56,11.35,5
3640,White,6.02,0.34,0.32,3.81,0.043,26.0,178.3,0.9945,3.14,0.6,9.62,6
3641,White,7.88,0.18,0.0,2.85,0.108,2.0,67.0,0.9939,3.23,0.65,11.33,6
3642,White,6.99,0.22,0.2,0.6,0.101,60.8,161.2,0.9942,3.13,0.61,10.44,7
3643,White,8.58,0.15,0.32,2.83,0.03,33.5,136.3,0.994,3.02,0.54,10.38,6
3644,White,7.38,0.33,0.25,0.6,0.073,34.0,112.3,0.9955,3.37,0.52,9.9,6
3645,White,6.99,0.4,0.31,3.34,0.024,44.3,109.5,0.9944,3.14,0.48,11.2,6
3646,White,6.75,0.23,0.42,10.71,0.05,51.2,116.2,0.9961,2.98,0.55,10.44,6
3647,White,7.85,0.53,0.24,0.6,0.043,35.6,160.5,0.9933,3.11,0.48,10.47,6
3648,White,6.98,0.19,0.16,1.21,0.016,43.0,145.7,0.9922,3.14,0.57,12.2,5
3649,White,6.33,0.25,0.24,6.67,0.051,37.6,184.8,0.991,3.08,0.61,10.07,5
3650,White,7.94,0.2,0.39,10.31,0.068,57.8,76.4,0.9948,3.05,0.5,11.26,6
3651,White,7.03,0.11,0.29,4.29,0.04,64.4,106.3,0.9908,3.22,0.45,9.16,5
3652,White,6.47,0.36,0.36,4.57,0.038,35.5,132.5,0.9945,3.26,0.38,10.05,6
3653,White,6.46,0.14,0.32,2.22,0.045,37.2,93.7,0.9972,3.1,0.59,10.03,5
3654,White,5.95,0.3,0.35,13.52,0.077,37.3,208.7,0.9972,3.3,0.51,11.44,6
3655,White,6.19,0.27,0.42,1.26,0.038,35.5,134.1,0.9961,3.08,0.29,10.71,7
3656,White,6.45,0.23,0.24,4.72,0.036,12.5,101.1,0.9978,3.12,0.53,11.45,7
3657,White,7.67,0.33,0.43,0.87,0.067,21.3,118.4,0.9901,3.2,0.4,10.9,5
3658,White,7.22,0.36,0.44,8.61,0.072,2.0,178.4,0.9978,3.0,0.46,12.07,7
3659,White,5.41,0.24,0.21,10.21,0.018,61.4,99.4,0.9911,3.14,0.64,11.11,5
3660,White,7.58,0.21,0.26,9.19,0.025,36.4,170.1,0.9983,3.2,0.36,12.13,8
3661,White,8.33,0.31,0.17,1.39,0.021,39.5,165.1,0.9962,3.37,0.57,10.78,7
3662,White,5.56,0.38,0.3,11.19,0.048,58.1,113.8,0.9913,2.99,0.63,12.3,7
3663,White,6.88,0.09,0.37,9.77,0.107,13.7,157.6,0.9957,3.15,0.41,13.01,7
3664,White,7.5,0.38,0.31,9.46,0.011,51.5,195.1,0.9963,3.23,0.44,9.38,6
3665,White,7.16,0.31,0.33,5.07,0.052,41.9,122.6,0.9925,3.14,0.5,11.0,6
3666,White,7.39,0.33,0.4,2.87,0.025,32.4,158.0,0.9909,3.19,0.63,10.79,5
3667,White,6.35,0.23,0.28,10.64,0.021,52.5,111.7,0.9957,3.18,0.46,12.83,7
3668,White,6.52,0.23,0.17,0.6,0.027,16.6,133.6,0.996,2.86,0.23,12.8,6
3669,White,7.04,0.13,0.23,1.98,0.045,26.5,112.5,0.9931,3.12,0.54,12.67,6
3670,White,6.96,0.4,0.43,3.31,0.052,2.0,264.6,0.997,3.18,0.52,11.69,7
3671,White,5.8,0.21,0.2,13.32,0.057,53.7,142.0,0.9991,3.02,0.65,11.71,6
3672,White,5.89,0.29,0.24,10.74,0.025,52.5,91.0,0.9957,3.3,0.41,9.51,5
3673,White,7.06,0.41,0.5,8.39,0.025,34.6,227.2,0.9885,3.51,0.38,9.91,6
3674,White,6.09,0.25,0.29,8.76,0.094,56.9,86.2,0.9947,3.29,0.67,10.83,6
3675,White,7.05,0.44,0.25,13.97,0.046,31.2,56.1,0.9927,3.02,0.43,10.92,6
3676,White,7.0,0.26,0.27,0.6,0.051,32.0,148.6,0.9939,3.27,0.6,12.13,7
3677,White,5.24,0.33,0.4,0.86,0.012,31.0,158.2,0.9925,3.02,0.68,11.55,6
3678,White,6.35,0.19,0.34,2.52,0.021,24.8,182.5,0.9938,3.24,0.51,10.51,5
3679,White,8.47,0.35,0.12,8.55,0.043,39.9,100.3,0.9917,3.17,0.51,10.68,5
3680,White,5.97,0.31,0.15,7.99,0.039,21.0,132.7,0.991,2.95,0.53,10.67,7
3681,White,6.75,0.45,0.15,9.86,0.037,31.7,80.7,0.9922,2.98,0.44,11.29,6
3682,White,6.29,0.29,0.5,0.6,0.029,56.6,121.3,0.9908,2.99,0.48,11.0,5
3683,White,6.8,0.33,0.5,3.42,0.009,18.6,196.7,0.9969,3.22,0.42,11.64,7
3684,White,6.11,0.2,0.42,5.35,0.025,56.1,265.4,0.9904,3.18,0.28,11.49,6
3685,White,6.91,0.35,0.46,7.73,0.049,28.8,168.4,0.9964,3.13,0.45,11.82,6
3686,White,6.67,0.29,0.38,0.6,0.072,14.7,170.4,0.997,3.34,0.5,10.87,6
3687,White,6.79,0.16,0.25,7.93,0.076,41.4,114.0,0.9972,3.13,0.54,13.05,7
3688,White,5.83,0.22,0.31,4.05,0.07,33.0,120.8,0.994,3.16,0.53,10.48,5
3689,White,6.4,0.15,0.25,1.57,0.091,15.8,148.9,0.9946,3.39,0.38,12.21,6
3690,White,6.97,0.3,0.37,0.6,0.009,32.7,110.4,0.9942,3.09,0.6,9.67,7
3691,White,7.13,0.36,0.27,4.98,0.009,46.4,149.8,0.9971,3.4,0.56,11.48,6
3692,White,6.34,0.46,0.26,4.02,0.069,30.4,152.4,1.0016,3.14,0.6,9.24,5
3693,White,6.99,0.3,0.12,1.77,0.04,36.8,101.0,0.9944,3.26,0.48,11.63,6
3694,White,7.34,0.27,0.58,11.74,0.041,11.2,158.2,0.9976,2.87,0.72,10.62,6
3695,White,5.52,0.24,0.59,11.35,0.032,13.7,158.6,0.9956,3.36,0.52,9.77,5
3696,White,6.86,0.38,0.24,4.61,0.049,24.7,132.4,0.9979,3.39,0.52,8.99,5
3697,White,6.63,0.14,0.47,1.45,0.009,33.1,101.9,0.9943,3.15,0.47,8.87,5
3698,White,7.74,0.21,0.36,8.2,0.069,43.6,139.4,0.9921,3.27,0.53,8.49,8
3699,White,6.7,0.36,0.36,0.6,0.058,37.9,133.8,0.9899,3.0,0.45,9.87,6
3700,White,6.49,0.35,0.42,0.83,0.024,27.1,30.0,0.996,3.48,0.52,10.8,6
3701,White,5.35,0.25,0.41,10.4,0.031,43.7,56.1,0.9902,3.21,0.42,10.33,6
3702,White,6.03,0.13,0.21,7.23,0.052,16.7,123.4,0.9941,3.23,0.56,10.6,5
3703,White,7.83,0.31,0.38,10.92,0.084,28.5,188.9,0.9956,3.17,0.45,11.67,5
3704,White,5.43,0.22,0.47,0.6,0.076,19.9,198.6,0.9945,3.27,0.49,10.52,5
3705,White,5.62,0.13,0.35,9.05,0.039,2.0,178.5,0.9957,2.98,0.61,9.72,6
3706,White,7.33,0.3,0.34,18.61,0.05,14.4,100.5,0.9904,3.31,0.55,10.83,7
3707,White,6.19,0.34,0.45,11.05,0.07,5.0,84.5,0.9983,3.25,0.59,12.07,7
3708,White,6.7,0.19,0.23,2.35,0.065,23.7,145.2,0.9923,3.43,0.6,10.88,6
3709,White,6.21,0.22,0.22,0.6,0.065,31.1,126.8,0.9955,3.3,0.48,11.44,6
3710,White,7.52,0.24,0.45,11.94,0.048,27.1,168.8,0.9965,3.04,0.62,10.87,6
3711,White,6.31,0.17,0.41,0.6,0.031,33.3,127.1,0.9977,2.95,0.65,11.17,6
3712,White,6.29,0.38,0.29,4.29,0.043,10.6,165.5,0.9942,3.32,0.23,11.71,5
3713,White,6.33,0.14,0.46,3.19,0.067,93.0,105.7,0.9883,3.16,0.6,11.37,6
3714,White,6.3,0.43,0.28,12.72,0.018,18.3,148.6,0.9911,3.19,0.54,12.37,6
3715,White,6.32,0.39,0.41,11.47,0.027,64.1,185.6,0.9947,3.27,0.66,10.75,7
3716,White,7.63,0.17,0.1,13.98,0.028,7.0,84.3,0.9936,3.3,0.51,10.44,6
3717,White,7.13,0.14,0.32,17.78,0.047,68.9,87.9,0.9989,3.16,0.46,11.32,6
3718,White,6.33,0.39,0.23,4.05,0.071,11.6,105.2,0.9948,3.07,0.58,11.01,7
3719,White,7.75,0.16,0.5,15.15,0.009,31.8,156.6,0.9982,3.13,0.41,11.56,6
3720,White,6.74,0.28,0.39,5.16,0.054,11.4,119.2,0.9962,3.19,0.59,11.96,7
3721,White,6.47,0.45,0.39,3.91,0.069,54.6,108.3,0.992,3.23,0.34,10.32,6
3722,White,7.42,0.22,0.55,5.55,0.009,60.1,75.8,0.9984,3.31,0.5,11.37,6
3723,White,6.8,0.25,0.48,13.85,0.014,27.0,203.9,0.9952,3.29,0.43,11.83,5
3724,White,5.52,0.43,0.42,8.35,0.009,47.9,97.2,0.9933,3.22,0.41,11.36,5
3725,White,6.95,0.23,0.32,0.6,0.03,45.7,90.0,0.9966,3.16,0.5,11.24,6
3726,White,6.57,0.3,0.55,14.15,0.064,25.9,100.6,0.9949,2.95,0.43,10.12,6
3727,White,6.93,0.1,0.29,0.6,0.047,49.8,114.2,0.9991,3.37,0.51,11.78,6
3728,White,5.82,0.27,0.49,7.15,0.056,49.1,85.8,0.9963,3.25,0.39,12.05,7
3729,White,6.38,0.28,0.08,4.63,0.049,2.0,235.3,0.9959,3.32,0.37,11.56,5
3730,White,6.19,0.3,0.33,4.11,0.009,80.6,118.9,0.9921,3.02,0.55,12.65,6
3731,White,8.17,0.49,0.36,0.6,0.077,5.6,218.5,0.99,3.26,0.22,10.2,7
3732,White,5.05,0.34,0.22,3.68,0.056,19.3,107.4,0.9961,3.3,0.39,11.59,7
3733,White,7.8,0.21,0.22,3.59,0.072,47.3,152.7,0.9923,3.18,0.61,12.83,8
3734,White,6.23,0.25,0.31,5.38,0.056,34.2,123.4,0.9943,3.16,0.49,10.2,7
3735,White,7.55,0.31,0.24,1.78,0.056,11.3,159.9,0.9949,3.16,0.53,9.36,4
3736,White,7.54,0.34,0.28,0.6,0.056,28.9,53.5,0.9898,3.09,0.61,10.47,5
3737,White,8.27,0.24,0.38,0.63,0.066,12.5,74.9,0.9919,2.97,0.67,10.93,5
3738,White,7.06,0.2,0.4,9.6,0.012,28.7,187.6,0.9918,2.96,0.57,10.1,5
3739,White,5.86,0.08,0.23,12.08,0.057,35.3,78.7,0.9927,3.57,0.56,10.66,7
3740,White,8.44,0.37,0.43,7.42,0.064,29.6,174.2,0.9935,3.14,0.37,11.92,5
3741,White,7.62,0.3,0.2,7.87,0.031,31.9,149.7,0.9942,3.24,0.51,10.85,5
3742,White,7.05,0.19,0.42,7.43,0.087,40.2,161.1,0.9926,3.27,0.47,11.21,5
3743,White,5.96,0.24,0.65,12.37,0.066,39.3,234.6,0.9981,3.46,0.6,12.5,7
3744,White,6.47,0.14,0.45,15.92,0.052,18.6,65.1,0.9876,3.29,0.5,10.21,5
3745,White,7.22,0.3,0.28,1.53,0.068,2.0,143.0,0.9938,3.03,0.44,10.34,5
3746,White,5.54,0.24,0.41,4.7,0.059,41.2,84.9,0.9915,3.07,0.44,10.66,5
3747,White,8.11,0.31,0.3,14.46,0.047,5.1,200.7,0.9926,3.38,0.47,10.57,5
3748,White,7.97,0.21,0.38,4.31,0.071,16.8,84.7,0.9943,3.15,0.51,10.94,7
3749,White,6.22,0.28,0.36,7.52,0.055,26.3,140.8,0.9906,3.25,0.38,12.03,7
3750,White,7.16,0.34,0.31,13.92,0.046,43.7,136.4,0.9939,3.26,0.38,10.49,5
3751,White,7.56,0.38,0.2,4.19,0.083,91.6,198.0,0.9921,3.08,0.39,11.34,6
3752,White,6.13,0.35,0.37,7.4,0.053,43.9,122.6,0.9941,3.01,0.54,11.45,6
3753,White,7.74,0.3,0.4,0.79,0.062,8.7,82.3,0.9939,3.14,0.4,10.34,6
3754,White,7.44,0.22,0.29,5.27,0.03,42.8,36.7,0.9932,3.01,0.49,11.8,7
3755,White,6.01,0.11,0.31,0.6,0.051,29.2,100.5,0.995,3.18,0.22,12.39,7
3756,White,7.16,0.29,0.26,2.26,0.029,30.2,174.8,0.9927,3.16,0.36,10.99,7
3757,White,6.65,0.08,0.51,2.27,0.064,46.6,108.6,0.9953,3.41,0.62,13.18,7
3758,White,6.36,0.15,0.45,11.66,0.038,42.7,16.9,0.991,3.12,0.54,8.96,5
3759,White,6.49,0.25,0.32,4.62,0.037,2.0,72.2,1.0007,3.22,0.5,10.87,6
3760,White,6.81,0.31,0.54,4.44,0.085,32.6,152.3,0.9942,3.33,0.57,11.06,5
3761,White,7.08,0.13,0.44,8.5,0.049,24.1,84.8,0.9957,3.34,0.6,9.83,6
3762,White,7.32,0.21,0.17,13.67,0.022,40.4,121.2,1.0002,3.2,0.57,10.58,6
3763,White,7.47,0.17,0.35,7.42,0.015,31.4,141.2,0.9978,3.36,0.32,11.04,6
3764,White,5.99,0.33,0.23,3.49,0.061,11.4,101.5,0.9956,3.07,0.33,10.52,6
3765,White,5.93,0.4,0.38,8.87,0.061,25.3,149.6,0.9963,3.35,0.4,11.19,8
3766,White,7.29,0.17,0.3,11.35,0.063,32.3,109.8,0.989,3.17,0.52,11.34,6
3767,White,7.06,0.36,0.39,0.6,0.012,74.8,131.4,0.992,3.34,0.58,10.84,6
3768,White,6.14,0.38,0.25,14.22,0.026,27.0,106.7,0.9968,3.23,0.39,9.76,5
3769,White,6.29,0.32,0.37,2.86,0.052,17.2,165.8,0.9949,3.13,0.34,13.06,7
3770,White,7.46,0.21,0.34,9.6,0.051,62.7,134.3,0.998,3.19,0.41,11.9,6
3771,White,6.96,0.19,0.34,6.61,0.042,53.7,99.0,0.993,3.2,0.53,12.43,7
3772,White,7.12,0.3,0.27,3.34,0.111,16.5,179.7,0.9963,3.27,0.5,9.83,4
3773,White,7.63,0.29,0.25,13.29,0.075,25.4,161.8,0.9882,3.07,0.49,9.63,5
3774,White,5.76,0.37,0.45,16.77,0.037,33.2,104.5,0.9965,3.15,0.33,11.86,6
3775,White,6.29,0.39,0.44,6.43,0.042,26.3,176.1,0.9949,3.39,0.56,9.43,5
3776,White,6.96,0.23,0.35,6.79,0.057,40.7,199.2,0.9931,2.88,0.42,10.33,6
3777,White,7.47,0.11,0.34,4.41,0.02,28.3,257.3,0.9911,3.12,0.43,11.17,7
3778,White,7.59,0.25,0.51,11.34,0.05,20.6,119.7,0.9887,2.99,0.52,11.02,7
3779,White,7.9,0.35,0.35,11.94,0.033,36.2,154.6,0.9943,3.2,0.57,8.78,5
3780,White,8.05,0.21,0.52,0.6,0.061,28.7,146.1,0.9977,3.16,0.49,10.91,7
3781,White,8.17,0.33,0.16,4.43,0.054,21.6,144.4,0.9979,2.99,0.47,11.84,6
3782,White,7.4,0.18,0.15,2.3,0.057,30.9,193.4,0.9943,3.02,0.37,11.43,9
3783,White,7.16,0.41,0.45,3.73,0.043,49.0,164.2,0.9927,3.41,0.38,11.52,6
3784,White,5.75,0.28,0.1,3.02,0.031,33.9,118.4,0.9918,3.18,0.5,11.19,7
3785,White,7.76,0.31,0.34,0.6,0.015,39.5,142.0,0.9948,3.12,0.59,11.07,5
3786,White,6.38,0.08,0.24,14.15,0.063,22.8,179.4,0.9938,3.41,0.52,9.45,5
3787,White,6.69,0.37,0.16,4.55,0.016,47.7,115.4,0.9947,2.99,0.55,9.89,5
3788,White,7.35,0.23,0.28,7.73,0.078,2.0,64.9,0.9941,3.28,0.53,9.83,5
3789,White,6.57,0.37,0.32,3.93,0.056,36.1,158.0,0.9954,3.24,0.51,11.36,6
3790,White,5.05,0.26,0.13,6.64,0.025,45.4,158.7,0.9992,3.2,0.46,11.77,7
3791,White,5.2,0.2,0.1,0.6,0.032,20.9,80.6,0.9966,3.3,0.45,10.23,5
3792,White,5.0,0.3,0.5,7.7,0.035,4.4,223.5,0.9983,3.39,0.32,12.0,6
3793,White,7.91,0.34,0.43,6.8,0.036,48.9,147.9,0.9972,3.26,0.54,12.35,5
3794,White,8.83,0.33,0.15,5.0,0.07,27.7,145.4,0.9893,3.23,0.52,11.08,5
3795,White,6.2,0.11,0.39,10.41,0.094,54.5,116.6,0.9923,3.06,0.37,11.82,6
3796,White,7.71,0.25,0.44,0.6,0.032,35.2,144.5,0.9907,2.94,0.67,11.75,6
3797,White,5.39,0.32,0.45,5.13,0.09,41.0,124.6,0.9908,3.48,0.65,11.92,7
3798,White,6.21,0.39,0.33,4.04,0.043,57.3,165.2,0.9945,2.93,0.43,9.77,5
3799,White,7.44,0.28,0.65,0.6,0.035,31.5,176.2,1.0002,3.27,0.45,9.97,5
3800,White,5.89,0.19,0.39,5.54,0.027,2.0,140.2,0.9945,3.13,0.64,10.13,6
3801,White,5.49,0.33,0.44,7.44,0.094,32.8,145.5,0.9894,3.48,0.58,10.55,6
3802,White,7.28,0.27,0.26,1.86,0.075,49.2,145.6,0.9949,3.28,0.55,9.46,6
3803,White,7.32,0.45,0.3,12.08,0.067,65.1,91.7,0.9922,3.21,0.45,11.38,6
3804,White,6.77,0.21,0.18,9.01,0.04,36.3,125.8,0.9919,3.05,0.47,10.54,5
3805,White,7.73,0.27,0.4,8.42,0.049,13.8,166.8,0.9946,3.15,0.62,10.69,7
3806,White,6.4,0.45,0.31,4.88,0.026,41.6,82.9,0.9925,3.01,0.46,9.63,5
3807,White,4.26,0.39,0.13,7.53,0.069,14.0,85.2,0.9946,3.11,0.29,12.31,7
3808,White,6.04,0.23,0.32,9.97,0.045,10.8,76.3,0.9892,3.29,0.4,11.44,5
3809,White,5.95,0.35,0.23,11.21,0.062,32.9,82.0,0.9973,3.26,0.4,10.06,7
3810,White,6.47,0.18,0.29,0.92,0.039,35.2,93.0,0.9949,3.03,0.42,13.05,8
3811,White,7.8,0.26,0.41,5.48,0.07,41.2,153.6,0.9898,3.16,0.47,11.21,6
3812,White,6.68,0.24,0.32,6.11,0.066,48.3,146.2,0.9927,3.14,0.38,11.64,7
3813,White,6.8,0.08,0.33,9.88,0.054,54.8,145.0,0.9917,3.12,0.34,11.18,5
3814,White,5.59,0.22,0.4,5.85,0.022,51.1,210.4,0.9991,3.02,0.3,11.74,5
3815,White,7.25,0.24,0.3,9.37,0.055,53.6,127.9,0.996,2.98,0.63,10.66,5
3816,White,7.18,0.12,0.63,6.98,0.044,34.9,81.8,0.9947,3.03,0.31,12.43,7
3817,White,6.95,0.42,0.21,0.6,0.072,45.8,108.2,0.9938,3.23,0.39,10.64,5
3818,White,6.4,0.21,0.31,5.13,0.014,26.5,20.9,0.9965,3.41,0.29,10.44,6
3819,White,7.56,0.2,0.45,6.49,0.052,52.1,142.8,0.9957,3.26,0.38,11.22,4
3820,White,5.91,0.18,0.36,0.6,0.036,52.1,167.6,1.0025,3.23,0.44,11.6,5
3821,White,5.32,0.26,0.49,10.76,0.031,48.8,90.9,0.9974,3.17,0.49,10.04,6
3822,White,5.82,0.2,0.48,4.97,0.023,58.0,52.6,0.9945,3.28,0.58,10.57,5
3823,White,6.52,0.31,0.12,4.48,0.044,42.7,136.2,0.9933,3.05,0.5,9.45,5
3824,White,7.03,0.29,0.13,20.95,0.041,43.2,168.4,0.9919,3.39,0.6,11.19,6
3825,White,7.53,0.29,0.55,4.15,0.068,63.3,121.9,0.9926,3.3,0.5,11.3,5
3826,White,6.34,0.26,0.48,6.38,0.04,27.4,136.0,0.9915,3.27,0.48,12.0,5
3827,White,6.66,0.3,0.24,0.6,0.009,34.1,195.3,0.996,3.4,0.48,11.48,6
3828,White,5.41,0.25,0.41,0.6,0.039,35.7,55.0,0.9874,3.27,0.46,12.88,7
3829,White,7.44,0.3,0.52,6.16,0.019,26.3,120.4,0.9913,3.33,0.49,10.41,6
3830,White,6.13,0.42,0.32,1.37,0.044,28.4,20.2,0.9932,3.05,0.49,11.02,6
3831,White,6.68,0.23,0.3,0.6,0.034,47.1,60.9,0.992,3.08,0.54,10.43,6
3832,White,7.14,0.23,0.54,9.61,0.059,37.0,167.6,0.9931,3.15,0.55,11.95,6
3833,White,5.68,0.23,0.23,8.85,0.034,49.9,188.0,0.9957,3.36,0.37,12.66,6
3834,White,7.57,0.43,0.37,7.69,0.061,60.6,121.8,0.9966,3.21,0.44,11.7,6
3835,White,6.98,0.22,0.48,11.5,0.009,2.3,61.2,0.9978,3.35,0.5,11.22,6
3836,White,6.33,0.17,0.38,0.6,0.04,22.5,98.2,0.9948,2.9,0.63,11.26,5
3837,White,6.86,0.36,0.27,0.6,0.048,54.6,179.1,0.9927,3.18,0.5,11.49,6
3838,White,6.52,0.15,0.17,4.87,0.085,32.5,189.0,0.9973,3.37,0.57,9.08,5
3839,White,6.53,0.17,0.34,6.42,0.053,51.6,33.0,0.9913,3.24,0.36,11.38,6
3840,White,6.86,0.27,0.57,1.47,0.068,5.1,75.9,0.9938,3.57,0.41,10.15,6
3841,White,7.42,0.24,0.42,1.55,0.076,26.5,57.4,0.99,3.27,0.66,12.02,6
3842,White,6.35,0.26,0.18,3.44,0.036,28.5,101.4,0.9904,3.2,0.33,11.44,6
3843,White,5.11,0.3,0.37,9.81,0.044,57.2,100.1,0.992,3.0,0.61,11.09,6
3844,White,6.59,0.29,0.39,7.43,0.029,64.0,112.5,0.9929,3.31,0.27,11.35,6
3845,White,7.08,0.58,0.28,9.65,0.041,42.1,145.0,0.9967,3.0,0.34,8.91,4
3846,White,8.34,0.31,0.29,1.98,0.049,3.6,112.6,0.9965,3.11,0.48,11.0,7
3847,White,6.94,0.39,0.27,0.73,0.043,44.8,148.4,0.9896,3.07,0.55,10.7,5
3848,White,6.39,0.2,0.55,8.74,0.045,27.6,87.4,0.9906,3.34,0.46,10.75,5
3849,White,5.8,0.42,0.44,14.82,0.067,26.4,192.3,0.9926,3.11,0.57,11.9,7
3850,White,8.06,0.32,0.5,17.97,0.057,72.5,130.4,0.9972,3.41,0.57,9.25,6
3851,White,8.1,0.24,0.38,2.15,0.048,20.0,116.0,0.9895,3.17,0.53,10.08,5
3852,White,7.04,0.36,0.6,12.85,0.038,39.0,173.9,0.9998,3.22,0.59,11.72,6
3853,White,6.89,0.22,0.33,7.17,0.011,48.5,109.0,0.9918,3.12,0.59,9.12,5
3854,White,5.82,0.25,0.39,7.52,0.049,15.1,203.0,0.9916,3.03,0.38,11.55,5
3855,White,5.47,0.2,0.62,8.06,0.038,23.7,121.5,0.9982,3.13,0.55,10.41,6
3856,White,7.08,0.42,0.38,9.06,0.009,19.8,199.9,0.9957,3.22,0.6,11.28,6
3857,White,7.01,0.21,0.53,10.65,0.025,54.2,115.2,0.9989,3.22,0.44,10.53,7
3858,White,6.37,0.33,0.46,6.95,0.049,59.3,112.7,0.9976,3.17,0.67,10.75,6
3859,White,7.37,0.42,0.44,3.19,0.067,35.0,159.3,0.9917,3.19,0.47,11.13,7
3860,White,7.08,0.35,0.53,2.2,0.057,56.7,143.1,0.992,2.99,0.52,11.08,5
3861,White,6.39,0.15,0.34,1.4,0.023,48.5,107.1,0.9972,3.16,0.55,10.79,4
3862,White,8.53,0.24,0.18,6.9,0.029,57.9,129.2,0.9979,3.1,0.34,11.29,6
3863,White,6.85,0.31,0.24,2.66,0.034,45.8,144.9,0.991,3.19,0.51,12.85,7
3864,White,7.54,0.11,0.28,9.95,0.026,35.5,205.6,0.9999,3.25,0.58,10.59,6
3865,White,6.45,0.32,0.16,2.32,0.037,12.9,126.1,0.9934,3.16,0.38,12.86,7
3866,White,7.47,0.35,0.35,12.27,0.03,50.4,292.0,0.9966,3.12,0.54,11.42,6
3867,White,6.73,0.16,0.26,9.64,0.062,54.7,121.6,0.9951,3.35,0.39,12.64,6
3868,White,7.38,0.38,0.37,9.28,0.019,57.4,226.3,0.9892,2.98,0.41,12.21,7
3869,White,7.85,0.18,0.16,6.72,0.069,44.7,179.1,0.9915,2.77,0.44,10.75,7
3870,White,5.46,0.32,0.38,9.11,0.009,25.6,257.1,0.998,3.19,0.57,9.77,5
3871,White,6.18,0.28,0.3,5.97,0.064,39.6,190.9,0.9929,3.46,0.7,10.57,6
3872,White,7.62,0.29,0.1,7.08,0.038,56.4,247.6,0.9949,3.24,0.47,9.16,5
3873,White,6.65,0.36,0.45,2.78,0.017,8.5,76.8,0.9936,3.16,0.63,10.23,6
3874,White,5.99,0.24,0.4,12.71,0.021,28.2,182.0,0.9889,3.2,0.57,9.77,6
3875,White,7.47,0.15,0.4,6.24,0.054,39.4,159.5,0.9939,2.97,0.43,11.89,7
3876,White,5.65,0.18,0.34,0.6,0.034,36.1,107.2,0.9904,3.09,0.47,10.21,5
3877,White,4.5,0.28,0.26,1.03,0.084,28.0,104.1,0.996,3.13,0.22,12.52,6
3878,White,7.09,0.33,0.09,0.6,0.042,36.8,97.0,0.9985,3.08,0.36,9.46,5
3879,White,6.95,0.19,0.34,10.89,0.068,20.2,74.4,0.9957,3.24,0.81,10.98,6
3880,White,7.54,0.45,0.46,11.79,0.045,30.6,72.9,0.9937,2.99,0.38,10.79,6
3881,White,5.63,0.08,0.49,12.51,0.04,24.2,98.9,0.9934,3.46,0.49,10.46,6
3882,White,8.34,0.19,0.23,15.34,0.056,12.7,135.2,0.9924,3.34,0.52,9.01,5
3883,White,7.42,0.26,0.21,3.8,0.02,30.9,197.3,0.996,3.25,0.5,9.73,6
3884,White,5.37,0.41,0.51,10.67,0.041,24.9,120.1,0.9954,3.13,0.53,9.43,6
3885,White,7.75,0.09,0.27,5.81,0.029,29.1,183.1,0.9965,3.23,0.34,12.3,7
3886,White,7.3,0.44,0.17,10.52,0.066,75.0,87.0,0.9912,3.12,0.39,10.78,5
3887,White,7.9,0.26,0.29,0.6,0.07,43.8,199.4,0.9982,3.26,0.51,10.69,5
3888,White,7.27,0.08,0.41,7.08,0.073,29.2,127.4,0.9996,3.18,0.34,11.31,6
3889,White,7.96,0.4,0.39,8.48,0.035,41.8,64.9,0.989,3.1,0.42,11.32,5
3890,White,6.19,0.24,0.43,14.93,0.042,17.0,163.1,0.9921,3.14,0.47,11.0,6
3891,White,7.47,0.29,0.47,3.13,0.04,37.4,137.5,0.9915,3.06,0.52,12.18,7
3892,White,6.33,0.25,0.55,9.84,0.071,40.7,135.0,0.9958,3.0,0.52,11.89,6
3893,White,6.39,0.08,0.34,4.76,0.089,18.3,226.9,0.991,3.07,0.52,10.18,6
3894,White,9.79,0.43,0.55,6.42,0.073,46.7,152.6,0.9938,3.28,0.4,11.39,6
3895,White,6.62,0.29,0.19,1.42,0.055,83.0,24.2,0.9978,3.16,0.45,13.06,6
3896,White,6.22,0.18,0.23,0.6,0.059,53.5,232.5,0.9926,3.16,0.57,11.76,6
3897,White,8.4,0.38,0.29,9.88,0.023,61.9,61.9,0.9928,3.26,0.57,11.47,6
3898,White,7.09,0.19,0.26,11.98,0.076,36.0,118.1,0.998,3.18,0.54,12.46,7
3899,White,6.62,0.31,0.52,4.41,0.06,24.1,168.0,0.9933,3.21,0.4,10.58,7
3900,White,6.96,0.37,0.26,10.98,0.024,2.0,196.2,0.9941,2.99,0.47,13.18,6
3901,White,7.06,0.23,0.18,0.67,0.021,10.9,111.4,0.9919,3.11,0.35,10.7,6
3902,White,6.62,0.24,0.28,0.7,0.044,19.0,155.8,0.9902,2.93,0.54,11.03,6
3903,White,6.4,0.41,0.6,3.42,0.066,71.2,134.8,0.9919,3.3,0.42,9.8,5
3904,White,5.58,0.45,0.27,8.93,0.031,42.7,159.9,0.9904,3.26,0.58,11.19,5
3905,White,5.84,0.38,0.17,0.6,0.047,17.5,175.0,0.9969,3.38,0.34,10.89,6
3906,White,6.47,0.08,0.38,13.11,0.027,26.6,85.0,0.9932,3.0,0.58,10.95,6
3907,White,5.71,0.46,0.26,7.09,0.045,51.6,170.3,0.9905,3.21,0.36,12.48,6
3908,White,6.52,0.2,0.34,2.51,0.02,36.8,125.1,0.9961,3.25,0.43,11.22,4
3909,White,6.39,0.41,0.42,9.28,0.054,34.6,188.4,0.9938,3.2,0.46,11.73,6
3910,White,5.97,0.17,0.33,7.45,0.021,44.0,122.4,0.999,3.41,0.46,11.07,6
3911,White,6.8,0.33,0.21,11.69,0.046,19.8,118.6,0.9908,3.18,0.57,10.08,6
3912,White,6.37,0.29,0.26,3.17,0.05,60.3,98.2,0.9931,3.21,0.61,11.63,5
3913,White,5.97,0.12,0.29,4.87,0.066,2.0,103.9,0.9866,3.17,0.57,11.77,7
3914,White,7.4,0.36,0.27,2.28,0.054,33.4,117.7,0.9948,3.53,0.6,11.18,6
3915,White,7.84,0.26,0.54,0.6,0.033,14.0,120.0,0.9952,3.06,0.68,10.8,6
3916,White,7.7,0.24,0.26,6.07,0.033,47.1,115.1,0.9911,3.13,0.43,10.88,5
3917,White,6.66,0.33,0.37,3.29,0.063,31.5,126.2,0.9887,3.4,0.54,11.95,5
3918,White,7.82,0.3,0.3,4.16,0.048,45.5,102.7,0.9972,3.08,0.28,10.62,5
3919,White,5.51,0.45,0.3,6.2,0.03,44.1,186.3,0.9933,3.01,0.83,10.02,4
3920,White,6.93,0.2,0.53,2.94,0.015,48.0,189.3,0.9922,3.28,0.53,11.48,6
3921,White,5.56,0.26,0.36,5.78,0.038,19.2,133.5,0.9945,3.17,0.63,8.28,5
3922,White,6.77,0.25,0.39,0.6,0.061,33.9,185.8,0.9943,3.19,0.55,10.44,6
3923,White,8.82,0.2,0.33,1.37,0.061,40.9,130.1,0.9916,3.04,0.69,10.04,5
3924,White,6.28,0.33,0.33,1.47,0.025,35.5,96.2,0.9906,3.26,0.55,11.78,6
3925,White,6.79,0.08,0.47,10.7,0.019,61.2,120.0,0.999,3.09,0.55,10.72,6
3926,White,5.88,0.42,0.13,0.6,0.044,50.3,159.5,0.9924,3.25,0.55,10.27,6
3927,White,6.02,0.38,0.63,0.6,0.03,29.7,75.5,0.9968,2.91,0.58,9.39,4
3928,White,8.13,0.45,0.09,2.57,0.032,32.4,198.8,0.9948,3.05,0.54,9.73,4
3929,White,6.07,0.26,0.34,8.08,0.049,64.9,139.8,0.9951,3.1,0.59,9.41,6
3930,White,6.38,0.19,0.45,8.07,0.077,44.7,102.6,0.997,2.94,0.4,11.74,6
3931,White,6.21,0.26,0.39,1.96,0.038,29.4,57.9,0.994,3.2,0.22,9.57,6
3932,White,6.24,0.18,0.24,7.82,0.038,4.0,164.9,0.9953,2.91,0.47,10.3,5
3933,White,6.14,0.24,0.32,8.91,0.042,22.5,125.4,0.9927,3.29,0.57,11.24,6
3934,White,6.81,0.08,0.16,13.17,0.06,28.3,103.5,1.0,3.22,0.51,12.02,7
3935,White,5.71,0.33,0.44,6.42,0.06,19.7,140.1,0.991,3.35,0.46,12.33,7
3936,White,6.74,0.21,0.16,7.04,0.073,28.4,152.2,0.9945,3.17,0.43,12.13,6
3937,White,8.74,0.21,0.37,12.44,0.067,37.1,71.3,0.9922,3.19,0.33,10.86,6
3938,White,7.93,0.4,0.32,8.46,0.015,47.9,143.3,0.9874,3.14,0.39,9.78,5
3939,White,5.84,0.32,0.33,5.23,0.044,65.6,232.3,0.9914,3.4,0.22,10.3,5
3940,White,8.87,0.29,0.31,0.6,0.065,16.0,115.6,0.9892,3.2,0.44,10.24,5
3941,White,5.94,0.18,0.29,9.48,0.048,48.5,133.1,0.9967,3.16,0.43,12.87,6
3942,White,7.84,0.08,0.23,5.94,0.051,59.5,162.3,0.9953,3.31,0.52,11.47,6
3943,White,5.36,0.47,0.49,9.83,0.029,37.1,55.1,0.9961,3.13,0.55,10.91,6
3944,White,6.6,0.33,0.1,4.69,0.033,58.8,161.5,0.9976,3.27,0.62,12.38,6
3945,White,7.28,0.33,0.41,10.25,0.079,53.4,93.5,0.9924,3.15,0.5,12.44,7
3946,White,6.91,0.25,0.22,2.73,0.057,12.8,41.0,0.9902,2.83,0.36,10.91,5
3947,White,7.45,0.22,0.35,5.83,0.046,57.2,158.6,0.9943,3.25,0.6,11.55,6
3948,White,6.25,0.3,0.19,5.66,0.037,20.9,135.6,0.9936,3.03,0.6,8.37,7
3949,White,6.45,0.25,0.36,10.85,0.023,42.8,164.0,0.9948,3.31,0.44,11.83,6
3950,White,5.61,0.31,0.28,0.6,0.018,18.3,107.5,0.993,3.1,0.54,11.6,7
3951,White,6.98,0.18,0.15,0.6,0.06,41.5,137.3,0.9902,3.13,0.5,10.56,5
3952,White,6.63,0.39,0.39,10.5,0.025,19.1,147.2,0.9942,3.14,0.45,11.46,6
3953,White,6.62,0.13,0.32,4.23,0.041,65.5,114.4,0.9941,3.37,0.49,11.61,6
3954,White,6.77,0.35,0.29,2.33,0.081,10.1,77.9,0.9991,3.15,0.38,12.7,6
3955,White,8.27,0.23,0.45,5.41,0.027,24.5,151.3,0.9887,3.34,0.39,11.11,5
3956,White,7.38,0.28,0.38,11.78,0.051,37.2,162.9,0.9927,2.96,0.52,10.43,7
3957,White,6.96,0.43,0.27,6.82,0.057,12.6,191.5,0.9929,3.42,0.61,12.24,6
3958,White,6.89,0.36,0.12,6.36,0.065,58.1,114.4,0.9948,3.26,0.52,10.11,5
3959,White,7.63,0.22,0.37,6.76,0.026,32.2,90.3,0.9942,3.26,0.7,11.4,7
3960,White,5.71,0.13,0.3,2.69,0.021,11.2,191.9,0.9915,3.24,0.55,11.92,6
3961,White,7.19,0.21,0.18,5.15,0.039,52.4,144.6,0.9939,3.25,0.46,11.76,6
3962,White,6.53,0.38,0.38,0.6,0.067,21.3,131.8,0.9965,2.95,0.69,12.29,7
3963,White,6.72,0.38,0.43,3.02,0.063,47.9,188.6,0.9891,3.01,0.48,11.46,6
3964,White,6.84,0.28,0.21,0.6,0.071,42.8,192.4,0.9961,3.13,0.29,12.19,5
3965,White,6.11,0.4,0.36,5.64,0.047,2.0,121.6,0.9916,2.98,0.53,9.85,6
3966,White,7.14,0.22,0.41,12.2,0.028,7.9,185.0,0.9912,3.51,0.46,12.13,7
3967,White,8.53,0.18,0.28,14.77,0.073,9.0,198.3,0.992,3.3,0.81,11.68,7
3968,White,6.52,0.33,0.39,4.14,0.028,37.9,34.6,0.9984,3.15,0.49,10.25,4
3969,White,6.95,0.11,0.38,0.6,0.018,26.9,123.2,0.9972,3.08,0.4,11.11,7
3970,White,6.59,0.26,0.19,1.91,0.024,16.0,236.4,0.992,3.23,0.34,10.35,6
3971,White,7.89,0.2,0.24,0.6,0.027,18.2,108.6,0.9998,2.97,0.65,11.39,6
3972,White,7.13,0.35,0.31,0.6,0.093,26.0,64.4,0.9969,3.33,0.42,11.57,6
3973,White,8.04,0.37,0.34,8.64,0.018,22.4,130.8,0.9888,3.32,0.51,11.76,6
3974,White,6.83,0.38,0.37,5.6,0.011,57.3,125.8,0.9935,2.96,0.65,11.29,6
3975,White,6.81,0.31,0.31,10.62,0.031,48.7,123.4,0.9939,3.34,0.56,13.1,6
3976,White,5.19,0.48,0.12,17.68,0.059,23.1,121.1,0.9937,3.25,0.6,10.79,5
3977,White,7.7,0.26,0.44,7.16,0.024,56.1,131.2,0.99,3.2,0.45,10.57,6
3978,White,7.01,0.18,0.29,4.23,0.035,75.5,74.2,0.9945,3.24,0.43,11.06,6
3979,White,5.96,0.31,0.39,8.3,0.055,46.5,91.5,0.9966,3.22,0.46,11.71,7
3980,White,7.06,0.25,0.39,1.92,0.012,49.0,165.3,0.9947,3.19,0.53,12.46,8
3981,White,6.73,0.21,0.06,13.42,0.065,23.8,80.2,0.9967,3.42,0.69,10.79,5
3982,White,8.78,0.33,0.19,10.05,0.064,21.3,79.9,0.9954,2.96,0.35,11.21,6
3983,White,7.08,0.32,0.37,8.84,0.023,68.8,145.5,0.991,2.98,0.51,10.32,5
3984,White,6.26,0.24,0.34,2.72,0.077,21.3,87.4,0.9922,3.13,0.22,10.91,6
3985,White,6.52,0.21,0.57,6.49,0.009,38.5,205.4,0.9951,3.22,0.45,12.48,5
3986,White,7.18,0.25,0.2,3.25,0.012,2.0,56.8,0.9927,3.24,0.49,9.81,5
3987,White,5.98,0.24,0.21,8.63,0.058,26.1,104.0,0.9927,3.18,0.64,12.73,6
3988,White,8.0,0.36,0.38,0.8,0.054,31.2,62.1,0.9908,3.15,0.48,9.67,5
3989,White,7.72,0.28,0.38,1.89,0.045,16.2,94.0,0.996,3.11,0.59,11.79,6
3990,White,6.0,0.34,0.08,3.7,0.038,25.9,159.7,0.9953,3.31,0.5,10.22,4
3991,White,7.79,0.16,0.37,3.0,0.009,46.9,91.0,0.9932,3.1,0.53,10.92,6
3992,White,6.95,0.28,0.14,6.64,0.01,27.2,161.7,0.9849,3.12,0.31,11.02,6
3993,White,5.74,0.3,0.14,16.68,0.024,21.0,164.4,0.9953,3.21,0.57,9.15,5
3994,White,6.48,0.13,0.38,9.37,0.046,12.4,189.6,0.9989,2.93,0.59,12.02,7
3995,White,8.11,0.26,0.22,10.07,0.014,16.3,213.2,0.9927,3.1,0.64,11.5,6
3996,White,7.43,0.33,0.5,8.2,0.039,10.1,138.9,0.9974,3.23,0.39,10.99,6
3997,White,6.69,0.28,0.2,13.3,0.032,36.3,106.3,0.9941,3.05,0.55,10.03,5
3998,White,6.53,0.3,0.29,2.97,0.029,41.0,138.4,0.9998,2.92,0.45,12.12,6
3999,White,5.57,0.28,0.21,4.18,0.065,38.1,109.1,0.9922,3.06,0.43,12.07,6
4000,White,5.97,0.3,0.18,0.6,0.074,13.5,109.0,0.991,3.19,0.5,10.23,5
4001,White,6.98,0.27,0.34,16.4,0.068,23.0,157.6,0.9928,3.02,0.5,11.74,6
4002,White,7.85,0.2,0.3,0.62,0.043,56.2,176.1,0.9941,3.14,0.42,9.54,6
4003,White,6.73,0.32,0.21,9.41,0.042,48.1,134.7,0.9923,3.29,0.47,12.32,7
4004,White,6.11,0.23,0.28,8.6,0.01,47.4,158.9,0.9982,3.11,0.42,11.04,5
4005,White,5.97,0.21,0.32,7.05,0.027,21.6,123.1,0.9937,3.21,0.36,10.37,6
4006,White,7.4,0.32,0.18,0.6,0.077,72.3,85.5,0.9961,3.27,0.41,11.27,7
4007,White,7.0,0.38,0.46,8.29,0.045,39.6,191.2,1.0018,3.1,0.34,10.52,6
4008,White,7.15,0.22,0.4,7.08,0.02,30.5,70.9,0.9942,3.36,0.49,11.6,6
4009,White,7.58,0.44,0.32,0.6,0.038,10.0,147.5,0.9916,3.28,0.59,10.86,6
4010,White,7.75,0.3,0.21,0.6,0.039,40.5,163.8,0.9917,3.08,0.63,9.78,6
4011,White,6.16,0.32,0.35,14.6,0.041,43.2,223.8,0.9918,2.99,0.58,11.62,5
4012,White,7.33,0.45,0.19,0.6,0.025,25.6,211.0,0.9927,3.07,0.53,11.93,7
4013,White,7.04,0.23,0.27,0.6,0.093,20.1,89.2,0.9996,3.21,0.67,11.35,5
4014,White,6.1,0.37,0.09,3.72,0.056,69.0,142.9,0.9912,3.41,0.56,11.48,7
4015,White,6.39,0.24,0.26,9.21,0.067,62.8,129.8,0.9924,3.06,0.45,11.74,5
4016,White,5.22,0.22,0.53,2.97,0.056,47.2,83.4,0.9914,3.24,0.31,10.37,6
4017,White,6.82,0.46,0.11,2.06,0.043,35.6,117.5,0.9964,3.2,0.52,10.35,4
4018,White,7.77,0.29,0.29,11.96,0.031,38.2,180.9,0.9895,2.97,0.67,11.36,6
4019,White,7.22,0.1,0.29,8.99,0.034,46.4,80.4,0.9931,3.22,0.34,11.53,6
4020,White,6.43,0.14,0.32,10.5,0.009,27.4,165.3,0.9884,2.99,0.48,11.41,5
4021,White,6.64,0.25,0.55,0.6,0.031,31.8,173.7,0.9892,2.73,0.39,10.53,7
4022,White,7.79,0.31,0.37,16.33,0.044,23.2,111.1,0.9956,3.22,0.52,10.56,6
4023,White,7.61,0.36,0.43,0.6,0.067,54.1,119.6,0.9931,3.09,0.43,11.03,6
4024,White,7.22,0.36,0.1,3.16,0.067,37.3,67.2,0.9987,3.19,0.66,13.06,6
4025,White,7.64,0.25,0.35,4.44,0.043,18.0,99.9,0.9928,3.12,0.47,10.71,5
4026,White,6.97,0.31,0.04,6.35,0.009,32.8,135.1,0.9957,3.14,0.4,11.96,6
4027,White,6.42,0.26,0.43,0.84,0.045,32.9,118.5,0.9983,3.33,0.52,10.67,5
4028,White,6.73,0.44,0.41,4.94,0.08,14.9,183.1,0.9943,2.8,0.53,11.73,5
4029,White,5.79,0.21,0.05,11.93,0.056,32.7,170.7,0.991,3.48,0.43,11.84,5
4030,White,6.83,0.38,0.43,12.34,0.057,34.0,139.6,0.9943,3.45,0.34,11.48,6
4031,White,6.88,0.31,0.35,5.94,0.033,38.6,187.7,0.9907,3.29,0.49,11.9,7
4032,White,8.02,0.3,0.19,7.85,0.042,28.6,193.8,0.9905,3.14,0.53,10.44,6
4033,White,6.45,0.28,0.56,1.71,0.032,49.1,121.2,0.9941,3.14,0.68,8.95,6
4034,White,7.33,0.2,0.16,9.47,0.064,31.3,24.4,0.993,3.38,0.39,11.71,8
4035,White,6.82,0.36,0.45,3.93,0.02,10.9,113.8,0.9963,3.35,0.66,11.75,5
4036,White,6.2,0.21,0.5,2.89,0.035,34.5,102.3,0.9955,3.12,0.42,12.39,7
4037,White,8.27,0.26,0.24,7.36,0.028,40.7,142.7,0.9947,3.22,0.48,11.78,6
4038,White,4.96,0.27,0.25,14.29,0.064,2.0,150.9,0.988,3.21,0.45,11.72,6
4039,White,7.48,0.34,0.59,1.57,0.032,27.5,87.2,0.9947,3.11,0.68,12.42,6
4040,White,6.91,0.47,0.43,7.21,0.044,24.4,164.0,0.993,3.24,0.45,11.85,6
4041,White,7.41,0.21,0.38,13.86,0.07,18.6,74.7,0.9957,2.99,0.63,12.83,7
4042,White,5.53,0.32,0.47,13.9,0.032,44.2,167.6,0.995,2.87,0.68,11.1,5
4043,White,7.34,0.29,0.31,6.05,0.084,13.4,158.3,0.9954,3.22,0.52,11.69,5
4044,White,6.27,0.27,0.4,8.69,0.029,41.9,122.4,0.9918,3.06,0.56,9.38,4
4045,White,6.21,0.19,0.33,1.5,0.009,68.7,165.2,0.9944,3.28,0.41,10.81,5
4046,White,6.25,0.08,0.46,10.71,0.039,51.4,178.5,0.9973,3.47,0.41,10.44,6
4047,White,5.49,0.46,0.27,9.65,0.074,8.3,82.0,0.9977,2.87,0.49,10.11,5
4048,White,5.07,0.27,0.14,2.35,0.036,13.9,130.5,0.9942,3.28,0.37,11.26,7
4049,White,7.72,0.24,0.28,0.6,0.046,41.9,118.4,0.9946,3.13,0.4,12.46,6
4050,White,9.18,0.09,0.53,0.6,0.05,36.8,86.3,0.998,3.04,0.57,12.19,6
4051,White,6.07,0.08,0.58,6.9,0.036,15.4,139.6,0.9948,3.36,0.5,9.51,6
4052,White,6.88,0.44,0.44,0.6,0.048,67.5,87.7,0.9967,3.19,0.5,9.8,7
4053,White,8.06,0.25,0.22,13.97,0.028,62.7,154.8,0.9953,3.04,0.57,12.56,6
4054,White,6.44,0.25,0.43,5.67,0.027,22.1,118.5,0.9929,3.2,0.42,9.94,7
4055,White,7.35,0.15,0.32,2.37,0.078,22.8,81.4,0.9969,3.09,0.35,10.81,5
4056,White,6.15,0.21,0.4,10.28,0.038,20.5,147.1,0.9943,3.08,0.66,11.09,5
4057,White,7.44,0.26,0.0,3.14,0.028,71.2,199.8,0.9928,3.1,0.44,12.51,5
4058,White,8.38,0.27,0.35,5.4,0.019,39.7,108.3,0.9964,2.93,0.52,10.75,6
4059,White,6.65,0.34,0.42,7.23,0.035,83.8,194.7,0.9925,3.42,0.55,9.88,6
4060,White,6.09,0.21,0.36,1.16,0.028,40.2,157.3,0.9925,3.21,0.34,11.51,5
4061,White,5.48,0.31,0.43,9.08,0.047,38.3,119.8,0.9958,3.41,0.52,12.67,6
4062,White,7.87,0.33,0.19,0.6,0.029,25.9,32.0,0.9873,3.16,0.44,10.08,5
4063,White,6.07,0.22,0.3,7.11,0.009,68.1,93.0,0.9888,3.16,0.41,12.1,6
4064,White,5.74,0.43,0.31,2.95,0.063,49.3,150.9,0.9933,3.15,0.48,10.33,7
4065,White,5.29,0.57,0.16,8.61,0.066,28.2,159.1,0.9881,3.19,0.46,10.68,6
4066,White,7.37,0.36,0.32,6.12,0.052,2.0,138.2,0.9874,3.41,0.54,11.4,6
4067,White,7.39,0.39,0.33,7.05,0.027,29.8,133.7,0.9997,3.33,0.51,11.86,7
4068,White,7.16,0.4,0.34,0.6,0.05,41.7,193.5,0.992,3.22,0.36,10.69,7
4069,White,7.48,0.36,0.38,12.65,0.076,52.4,146.1,0.996,3.35,0.48,11.34,6
4070,White,6.64,0.26,0.42,16.78,0.036,42.7,113.7,0.9942,3.03,0.6,11.05,6
4071,White,6.71,0.19,0.32,7.59,0.049,33.1,132.5,0.9937,3.27,0.33,10.2,6
4072,White,6.85,0.27,0.24,8.99,0.049,6.6,90.9,0.9945,3.33,0.6,12.21,7
4073,White,5.39,0.31,0.31,5.47,0.035,21.2,135.6,0.9931,3.52,0.56,11.49,6
4074,White,6.4,0.31,0.66,0.6,0.04,32.9,127.3,0.9935,3.2,0.39,10.52,5
4075,White,6.81,0.25,0.32,3.35,0.052,52.2,161.7,0.9881,3.12,0.44,13.17,8
4076,White,7.34,0.17,0.38,13.6,0.038,26.6,121.0,0.9955,3.28,0.62,11.88,6
4077,White,6.64,0.34,0.46,9.97,0.014,19.1,236.9,0.994,2.86,0.54,10.21,5
4078,White,6.85,0.3,0.35,6.73,0.108,62.4,141.3,0.9934,3.28,0.44,10.88,5
4079,White,6.55,0.31,0.3,7.13,0.052,13.3,129.3,0.9943,3.3,0.53,10.46,6
4080,White,5.7,0.24,0.31,6.28,0.026,55.4,128.3,0.9912,3.22,0.88,10.01,5
4081,White,6.74,0.4,0.39,7.33,0.033,40.8,196.7,0.9942,3.21,0.64,10.16,5
4082,White,7.38,0.3,0.23,3.82,0.086,69.6,164.6,0.9908,3.31,0.46,10.18,5
4083,White,6.04,0.32,0.33,5.96,0.075,61.4,141.3,0.9884,3.21,0.51,12.07,8
4084,White,6.71,0.36,0.44,6.27,0.04,10.7,124.9,0.9908,3.38,0.34,13.89,6
4085,White,6.85,0.29,0.34,8.41,0.024,20.0,83.2,0.9944,3.18,0.44,11.56,6
4086,White,6.42,0.09,0.0,7.8,0.046,74.4,188.0,0.9956,3.08,0.54,9.99,5
4087,White,6.57,0.52,0.47,2.54,0.026,9.5,79.5,0.9966,3.13,0.54,11.92,6
4088,White,6.3,0.28,0.17,0.6,0.041,81.2,203.5,0.9917,3.16,0.74,11.55,5
4089,White,7.02,0.3,0.16,1.3,0.071,17.6,85.6,0.9961,3.01,0.42,11.74,5
4090,White,7.76,0.24,0.63,7.98,0.07,32.2,142.0,0.9953,3.33,0.67,11.28,7
4091,White,5.7,0.26,0.17,12.56,0.032,45.2,138.9,0.9883,3.38,0.69,10.27,7
4092,White,6.84,0.34,0.32,6.09,0.043,34.0,88.4,0.9946,3.06,0.81,12.23,6
4093,White,7.29,0.38,0.52,5.81,0.042,47.4,150.4,0.9952,3.18,0.68,10.84,5
4094,White,5.73,0.43,0.41,7.71,0.028,29.5,155.7,0.9981,2.89,0.39,11.2,7
4095,White,7.55,0.12,0.3,0.6,0.039,60.4,55.4,0.9941,3.12,0.36,9.08,6
4096,White,5.84,0.25,0.25,0.6,0.018,33.1,138.1,0.992,3.24,0.38,9.41,5
4097,White,8.4,0.17,0.31,7.22,0.026,63.0,173.0,0.9917,3.12,0.53,11.65,6
4098,White,7.56,0.16,0.18,3.56,0.053,21.2,198.6,0.9921,3.29,0.58,11.15,7
4099,White,7.32,0.31,0.52,0.6,0.042,11.5,172.0,0.9965,2.95,0.46,11.87,6
4100,White,7.22,0.19,0.33,8.02,0.011,75.6,134.5,0.994,3.12,0.77,10.14,4
4101,White,7.11,0.26,0.46,7.34,0.049,53.2,130.5,0.9934,3.2,0.53,12.02,6
4102,White,6.11,0.14,0.5,5.22,0.009,20.0,164.6,0.9926,3.4,0.45,11.55,5
4103,White,5.45,0.18,0.62,0.6,0.026,59.9,114.5,0.9936,3.27,0.56,10.8,5
4104,White,8.05,0.34,0.4,2.73,0.032,26.4,149.3,0.995,3.33,0.48,11.26,5
4105,White,7.24,0.15,0.33,10.93,0.029,47.6,224.0,0.9936,2.86,0.52,10.44,6
4106,White,8.44,0.31,0.4,11.6,0.022,42.9,153.1,0.9955,3.13,0.61,10.6,5
4107,White,6.71,0.39,0.38,5.15,0.078,22.4,168.3,0.9924,3.1,0.28,11.51,7
4108,White,6.87,0.38,0.31,6.83,0.071,12.5,172.1,0.9925,3.24,0.6,9.95,7
4109,White,7.92,0.4,0.39,8.01,0.009,22.9,150.0,0.99,3.29,0.56,11.35,7
4110,White,6.98,0.25,0.34,15.45,0.05,63.6,48.4,0.9965,2.74,0.54,12.43,6
4111,White,7.14,0.26,0.46,4.88,0.05,32.8,126.3,0.9917,3.11,0.74,11.16,5
4112,White,7.24,0.42,0.49,9.39,0.049,50.9,161.6,0.9928,3.1,0.58,11.76,6
4113,White,7.09,0.37,0.41,2.04,0.052,15.5,140.9,0.999,3.21,0.54,10.86,6
4114,White,7.04,0.23,0.4,8.68,0.04,35.3,154.0,0.9958,3.12,0.46,10.65,7
4115,White,8.68,0.49,0.3,8.83,0.037,26.4,120.3,0.9953,3.38,0.34,11.76,3
4116,White,7.21,0.25,0.53,6.32,0.063,15.3,87.9,0.9903,3.41,0.67,9.46,5
4117,White,6.85,0.25,0.25,4.18,0.045,48.7,100.4,0.9947,3.37,0.45,10.84,6
4118,White,5.0,0.31,0.49,10.03,0.043,41.7,148.1,0.9968,3.17,0.41,11.03,6
4119,White,6.89,0.17,0.25,2.2,0.05,31.3,111.4,0.987,2.88,0.35,9.2,6
4120,White,7.08,0.27,0.34,9.24,0.033,47.1,177.1,0.9944,3.33,0.47,11.47,7
4121,White,8.53,0.34,0.39,2.32,0.013,53.1,155.3,0.9919,3.21,0.53,10.63,6
4122,White,6.1,0.34,0.54,12.08,0.045,20.8,192.8,1.0024,3.33,0.58,11.71,7
4123,White,7.46,0.08,0.45,7.91,0.061,35.1,173.9,0.999,3.52,0.62,10.0,5
4124,White,7.2,0.21,0.38,4.52,0.047,41.0,168.9,0.9977,3.38,0.53,10.38,4
4125,White,8.12,0.13,0.2,11.13,0.045,61.8,122.6,0.993,3.2,0.5,11.81,5
4126,White,7.93,0.15,0.29,10.47,0.029,63.4,155.6,0.9935,3.25,0.41,10.74,6
4127,White,5.42,0.38,0.42,5.13,0.013,51.1,233.6,0.9953,3.2,0.33,10.69,6
4128,White,7.89,0.31,0.12,7.88,0.021,50.2,126.3,0.9985,3.29,0.49,11.81,6
4129,White,6.85,0.37,0.31,0.6,0.029,81.1,135.8,0.9974,3.19,0.41,12.91,6
4130,White,8.52,0.2,0.33,6.21,0.052,28.7,128.5,0.9966,3.35,0.33,11.29,5
4131,White,6.23,0.39,0.25,1.62,0.042,48.8,156.5,0.9931,3.32,0.53,12.09,6
4132,White,6.29,0.34,0.26,9.31,0.058,28.2,156.2,0.9942,3.22,0.51,12.69,5
4133,White,7.11,0.3,0.36,6.67,0.052,18.6,161.4,0.9953,3.3,0.6,11.4,8
4134,White,8.05,0.36,0.18,0.6,0.031,40.3,124.4,0.9924,3.05,0.83,11.43,7
4135,White,7.1,0.25,0.39,10.31,0.013,35.9,147.2,0.9918,3.09,0.24,9.32,6
4136,White,5.77,0.23,0.35,17.16,0.043,41.6,183.3,0.9933,3.14,0.35,12.64,7
4137,White,6.91,0.31,0.34,4.35,0.029,25.8,167.2,0.9977,3.42,0.6,12.34,7
4138,White,7.79,0.28,0.31,7.77,0.045,13.6,137.0,0.9945,3.03,0.42,9.4,5
4139,White,5.02,0.17,0.34,10.02,0.036,31.5,168.5,0.9901,2.93,0.32,9.77,5
4140,White,7.09,0.2,0.22,1.24,0.059,70.1,127.1,0.9901,3.2,0.61,10.61,6
4141,White,6.2,0.2,0.27,9.99,0.049,32.5,199.1,0.999,3.04,0.55,12.0,6
4142,White,7.49,0.16,0.35,10.34,0.06,37.8,89.4,0.9927,3.17,0.35,11.29,7
4143,White,6.84,0.28,0.41,0.6,0.051,30.7,128.3,0.9979,3.03,0.52,11.53,6
4144,White,7.8,0.3,0.22,7.44,0.022,46.9,139.7,0.992,2.86,0.43,11.97,8
4145,White,6.3,0.36,0.28,19.55,0.026,82.5,139.6,0.994,3.1,0.42,10.31,5
4146,White,7.15,0.35,0.32,3.42,0.014,30.5,205.6,0.9928,3.54,0.58,12.05,6
4147,White,5.86,0.14,0.27,13.73,0.033,38.1,143.4,0.9905,3.23,0.47,14.2,7
4148,White,7.78,0.28,0.38,10.05,0.045,32.6,106.5,0.9974,3.33,0.62,10.18,6
4149,White,6.16,0.22,0.1,12.5,0.084,55.0,110.8,0.9987,3.31,0.45,11.63,7
4150,White,7.3,0.52,0.23,8.17,0.062,24.3,171.3,0.9923,3.12,0.5,10.18,6
4151,White,6.83,0.33,0.52,9.05,0.1,49.8,208.7,0.9941,2.98,0.55,11.15,6
4152,White,7.22,0.41,0.07,1.32,0.066,32.3,133.1,0.9887,3.3,0.43,9.76,6
4153,White,6.86,0.32,0.38,0.97,0.016,53.6,143.1,0.9965,3.2,0.24,11.42,5
4154,White,7.2,0.14,0.46,6.25,0.052,75.6,102.6,0.9957,3.18,0.51,12.68,6
4155,White,7.52,0.23,0.45,13.68,0.087,24.4,186.4,0.9901,3.35,0.6,9.68,5
4156,White,6.59,0.38,0.11,0.6,0.075,31.5,187.4,0.9939,3.14,0.41,12.05,7
4157,White,6.41,0.3,0.32,0.6,0.034,62.3,138.3,0.9937,3.18,0.26,9.8,6
4158,White,6.39,0.18,0.48,1.3,0.072,2.0,98.8,0.9912,3.18,0.44,10.53,5
4159,White,6.1,0.22,0.31,7.87,0.031,50.0,112.7,0.989,3.26,0.61,11.91,6
4160,White,6.91,0.16,0.4,4.55,0.075,22.2,116.9,0.9916,3.17,0.57,10.68,5
4161,White,5.52,0.29,0.32,4.34,0.063,36.2,162.3,0.995,3.33,0.38,11.49,6
4162,White,5.31,0.4,0.53,7.87,0.042,46.1,147.4,0.9905,3.11,0.51,9.58,4
4163,White,8.04,0.23,0.49,8.89,0.075,73.6,143.8,0.9993,3.17,0.38,11.06,7
4164,White,8.34,0.4,0.33,2.8,0.018,26.2,173.0,0.9964,3.24,0.74,10.49,6
4165,White,7.26,0.34,0.31,4.51,0.025,57.0,211.9,0.9932,3.07,0.48,12.11,8
4166,White,8.7,0.36,0.3,7.92,0.068,30.3,35.6,0.9938,3.31,0.38,10.38,6
4167,White,7.58,0.23,0.35,10.7,0.046,47.4,198.3,0.9912,3.34,0.57,11.98,7
4168,White,5.13,0.24,0.53,7.64,0.04,15.6,190.1,0.9923,3.16,0.48,12.17,6
4169,White,7.61,0.28,0.52,4.31,0.075,9.3,180.2,0.992,3.29,0.45,10.83,6
4170,White,7.41,0.31,0.4,2.64,0.055,15.3,118.0,0.9987,3.15,0.36,12.3,6
4171,White,8.23,0.25,0.32,6.31,0.069,30.0,144.3,0.9922,3.19,0.36,12.22,6
4172,White,6.22,0.08,0.49,8.25,0.038,21.4,147.9,0.9955,3.02,0.56,10.3,5
4173,White,7.32,0.27,0.33,5.0,0.045,47.3,199.9,0.992,2.98,0.3,12.06,7
4174,White,6.87,0.45,0.39,4.24,0.065,43.7,121.2,0.9967,3.28,0.56,8.87,6
4175,White,6.19,0.27,0.34,12.51,0.022,34.6,99.6,0.9971,3.27,0.39,10.49,7
4176,White,6.28,0.41,0.45,0.6,0.071,47.9,87.8,0.9894,3.06,0.47,11.25,6
4177,White,7.9,0.33,0.33,9.6,0.079,15.6,51.3,0.9938,3.16,0.54,10.88,5
4178,White,4.56,0.08,0.02,3.18,0.041,37.5,87.2,0.9909,3.18,0.44,12.57,6
4179,White,7.58,0.1,0.53,11.67,0.028,46.0,149.7,0.9934,3.36,0.56,9.05,5
4180,White,7.24,0.49,0.26,2.51,0.009,20.2,214.0,0.9944,3.02,0.45,11.75,6
4181,White,6.45,0.3,0.14,3.56,0.037,34.1,140.5,0.9945,3.25,0.5,11.63,7
4182,White,6.87,0.26,0.45,12.83,0.013,29.2,126.5,0.9943,3.05,0.57,11.69,6
4183,White,6.59,0.19,0.22,0.6,0.08,30.0,196.8,0.9925,3.11,0.39,11.74,6
4184,White,8.17,0.37,0.31,18.08,0.016,16.5,145.6,0.9861,3.08,0.38,10.67,3
4185,White,7.68,0.24,0.37,3.7,0.047,83.7,152.0,0.9922,3.31,0.41,11.67,6
4186,White,5.82,0.27,0.43,5.08,0.074,43.3,174.8,0.9939,3.09,0.6,11.68,6
4187,White,7.59,0.23,0.28,6.61,0.076,43.8,97.4,0.9969,3.21,0.5,10.45,5
4188,White,4.94,0.28,0.24,0.6,0.038,40.3,175.6,0.9915,3.16,0.29,11.55,7
4189,White,5.71,0.35,0.36,0.6,0.019,9.4,141.1,0.998,3.12,0.61,10.16,6
4190,White,6.39,0.36,0.33,3.98,0.053,30.2,58.2,0.9907,3.38,0.69,10.29,5
4191,White,7.52,0.31,0.4,6.64,0.054,33.3,161.3,0.9936,2.95,0.59,9.43,5
4192,White,6.64,0.39,0.41,0.74,0.054,57.6,74.9,0.9947,3.27,0.43,12.31,6
4193,White,6.47,0.39,0.27,5.47,0.053,52.9,170.5,0.9952,3.16,0.66,10.87,5
4194,White,7.29,0.29,0.28,6.43,0.043,41.4,127.9,0.9937,2.97,0.52,10.79,7
4195,White,5.32,0.26,0.14,14.64,0.02,30.4,89.5,0.9946,3.34,0.52,12.55,7
4196,White,5.24,0.34,0.37,13.03,0.033,34.0,119.0,0.9942,3.15,0.32,11.38,6
4197,White,8.51,0.28,0.14,14.8,0.043,23.1,195.9,0.9879,3.05,0.38,10.82,5
4198,White,6.67,0.26,0.43,1.91,0.05,43.3,153.0,0.9902,3.15,0.28,11.25,5
4199,White,6.01,0.24,0.37,5.31,0.059,2.0,82.0,0.996,3.05,0.45,12.01,6
4200,White,8.31,0.15,0.28,0.6,0.047,34.1,97.5,0.9919,3.07,0.52,11.01,5
4201,White,5.53,0.2,0.32,10.22,0.063,45.5,126.8,0.9965,3.35,0.53,11.66,6
4202,White,6.62,0.08,0.27,3.32,0.076,46.4,104.4,0.9952,2.97,0.52,10.72,7
4203,White,7.28,0.33,0.2,14.38,0.044,48.0,62.3,0.9919,3.44,0.7,11.24,6
4204,White,6.71,0.28,0.33,5.8,0.019,16.6,162.2,0.9958,3.21,0.44,11.82,6
4205,White,7.8,0.33,0.35,3.75,0.055,37.7,126.0,0.9983,3.2,0.44,12.6,7
4206,White,5.08,0.34,0.31,11.12,0.069,16.2,162.4,0.9951,3.19,0.39,11.06,6
4207,White,7.05,0.29,0.45,3.63,0.009,29.1,224.2,0.9921,3.24,0.47,10.31,5
4208,White,6.48,0.08,0.43,11.35,0.026,17.0,69.4,0.9963,2.93,0.61,9.96,5
4209,White,6.77,0.33,0.46,6.34,0.069,27.5,99.2,0.9969,3.29,0.47,10.12,5
4210,White,6.37,0.44,0.35,15.52,0.069,36.8,153.1,0.9917,3.49,0.29,12.64,5
4211,White,6.09,0.34,0.49,8.12,0.058,58.2,94.8,0.9967,3.25,0.67,13.18,6
4212,White,7.17,0.33,0.27,5.55,0.061,14.7,180.5,0.9906,3.26,0.44,11.0,7
4213,White,5.46,0.14,0.43,12.97,0.056,31.0,204.2,0.9958,2.85,0.55,10.21,5
4214,White,7.68,0.23,0.52,0.6,0.016,20.8,171.6,0.9959,3.02,0.34,10.91,6
4215,White,6.71,0.37,0.13,9.35,0.062,51.2,129.2,1.0008,3.34,0.29,9.62,6
4216,White,8.4,0.16,0.37,10.38,0.033,39.6,164.9,0.9932,2.97,0.47,11.3,7
4217,White,6.99,0.35,0.64,7.78,0.043,39.4,99.8,0.9878,3.37,0.29,11.78,6
4218,White,7.34,0.15,0.24,0.6,0.047,58.9,100.2,0.9988,3.2,0.5,13.15,7
4219,White,7.56,0.18,0.51,0.77,0.076,51.1,131.4,0.9917,3.24,0.51,9.98,5
4220,White,6.14,0.33,0.21,7.81,0.042,36.0,117.7,0.9938,3.38,0.57,11.44,6
4221,White,7.64,0.31,0.28,4.97,0.033,27.1,64.9,0.995,3.36,0.37,10.72,6
4222,White,7.09,0.3,0.4,9.07,0.015,45.8,154.5,0.9943,3.12,0.52,8.61,5
4223,White,6.37,0.34,0.61,2.44,0.009,28.7,123.3,0.9926,2.86,0.59,11.2,5
4224,White,6.7,0.24,0.36,13.58,0.013,21.9,88.0,0.9925,3.05,0.35,9.83,5
4225,White,5.92,0.27,0.35,0.6,0.032,28.4,72.2,0.9916,3.25,0.56,11.11,6
4226,White,8.64,0.19,0.23,3.12,0.065,17.3,129.3,0.9946,3.1,0.56,11.77,6
4227,White,6.76,0.25,0.45,5.17,0.033,18.2,143.0,0.9933,3.17,0.55,9.93,6
4228,White,6.47,0.25,0.29,7.32,0.057,31.1,77.0,0.9858,3.04,0.69,10.81,4
4229,White,8.0,0.33,0.22,12.64,0.038,35.3,161.2,0.991,3.02,0.57,13.05,7
4230,White,6.39,0.19,0.42,7.85,0.065,24.3,88.4,0.9936,3.15,0.51,8.8,5
4231,White,6.29,0.45,0.32,1.72,0.02,40.6,103.9,0.9873,3.18,0.48,12.58,6
4232,White,6.32,0.25,0.34,1.79,0.012,23.1,217.3,0.9917,3.14,0.51,12.07,7
4233,White,7.07,0.34,0.33,5.77,0.024,41.2,132.4,0.9965,3.45,0.33,10.27,5
4234,White,8.73,0.42,0.41,8.53,0.026,24.0,191.2,0.9956,3.34,0.44,10.37,5
4235,White,6.68,0.54,0.44,2.82,0.042,20.8,139.1,0.9889,3.56,0.42,10.95,6
4236,White,5.56,0.18,0.22,3.95,0.062,31.1,202.5,0.9909,3.1,0.66,9.82,5
4237,White,7.8,0.54,0.35,9.18,0.018,52.2,179.2,0.9983,3.11,0.55,11.76,7
4238,White,5.53,0.29,0.4,8.28,0.06,38.5,186.0,0.9971,3.26,0.37,10.41,6
4239,White,5.46,0.36,0.4,13.17,0.029,30.1,61.5,0.9944,3.23,0.27,11.76,7
4240,White,4.96,0.27,0.57,12.15,0.057,25.7,92.5,0.9946,3.2,0.57,12.74,7
4241,White,5.6,0.31,0.12,5.7,0.056,43.1,142.3,0.9944,3.14,0.54,9.01,5
4242,White,7.39,0.34,0.46,9.78,0.034,50.7,75.5,0.9937,3.04,0.47,11.76,5
4243,White,7.82,0.28,0.33,3.92,0.039,2.0,109.0,0.995,3.29,0.74,10.38,5
4244,White,7.29,0.27,0.22,2.23,0.069,33.5,166.0,0.9962,3.15,0.62,13.08,7
4245,White,7.51,0.27,0.42,5.69,0.062,34.6,180.8,0.9956,3.19,0.23,11.54,6
4246,White,6.43,0.34,0.31,4.25,0.051,34.1,162.8,0.9942,3.26,0.46,11.13,6
4247,White,6.92,0.47,0.25,8.05,0.037,2.0,155.6,0.9976,3.37,0.46,10.65,5
4248,White,7.25,0.43,0.41,3.87,0.047,47.1,114.0,0.9962,3.16,0.63,10.31,5
4249,White,8.62,0.31,0.23,6.49,0.058,56.7,143.9,0.9924,3.01,0.42,10.16,6
4250,White,7.22,0.35,0.22,3.41,0.048,45.5,233.6,0.9873,3.29,0.36,9.9,5
4251,White,7.52,0.24,0.4,8.41,0.036,31.1,128.1,0.996,3.1,0.58,11.98,7
4252,White,7.18,0.28,0.38,3.79,0.065,35.7,112.0,0.9954,3.06,0.41,11.99,6
4253,White,6.3,0.22,0.5,0.6,0.018,44.5,143.2,0.9905,3.14,0.55,11.43,6
4254,White,6.65,0.26,0.57,5.98,0.067,28.5,75.1,0.9955,3.63,0.53,10.03,5
4255,White,6.3,0.35,0.36,9.77,0.034,54.7,216.3,0.9894,3.03,0.49,9.81,5
4256,White,5.34,0.1,0.2,12.28,0.05,19.1,95.9,0.9945,2.92,0.38,12.39,6
4257,White,7.15,0.36,0.39,10.45,0.026,33.3,177.3,0.9965,3.26,0.47,10.48,6
4258,White,7.06,0.25,0.31,3.1,0.083,37.2,130.5,0.995,3.13,0.62,14.12,7
4259,White,7.04,0.24,0.4,6.62,0.048,33.8,85.5,0.9916,3.19,0.54,8.0,5
4260,White,6.69,0.22,0.03,4.98,0.023,43.4,141.2,0.996,3.2,0.65,11.59,6
4261,White,6.36,0.43,0.25,6.53,0.052,41.3,96.5,0.9988,3.6,0.35,11.56,6
4262,White,6.04,0.29,0.33,5.61,0.068,42.2,130.7,0.9946,3.08,0.42,10.72,6
4263,White,6.94,0.32,0.48,6.44,0.081,45.2,139.8,0.9946,3.13,0.58,12.71,8
4264,White,6.8,0.32,0.4,0.6,0.059,16.2,96.7,0.9923,3.05,0.45,12.03,6
4265,White,6.37,0.35,0.08,11.88,0.04,41.8,51.8,0.9904,3.12,0.43,10.01,5
4266,White,7.47,0.3,0.27,5.47,0.013,42.5,130.6,0.99,3.24,0.5,11.75,4
4267,White,6.78,0.39,0.41,1.58,0.05,47.8,197.9,0.9929,3.25,0.46,11.52,6
4268,White,6.18,0.15,0.34,8.1,0.043,16.5,175.9,0.9938,3.16,0.62,11.12,5
4269,White,5.94,0.17,0.3,3.36,0.057,16.9,149.9,0.99,3.22,0.47,13.25,7
4270,White,5.92,0.37,0.39,2.86,0.047,30.8,212.4,0.9889,2.93,0.47,10.74,7
4271,White,6.96,0.26,0.42,8.56,0.009,36.2,146.0,0.9971,3.2,0.41,12.39,5
4272,White,7.74,0.32,0.02,8.31,0.048,2.0,154.1,0.9929,3.14,0.37,11.41,5
4273,White,7.7,0.16,0.21,5.87,0.051,36.9,97.1,0.995,3.1,0.38,10.84,5
4274,White,5.87,0.1,0.35,10.62,0.08,36.8,100.8,0.9984,3.0,0.56,11.69,6
4275,White,7.53,0.22,0.4,2.16,0.043,32.4,123.4,0.9928,3.02,0.45,10.86,5
4276,White,5.66,0.14,0.23,1.63,0.024,53.7,100.1,0.9875,3.25,0.38,10.41,6
4277,White,7.19,0.28,0.48,0.6,0.04,28.7,189.6,0.9931,3.67,0.57,11.6,6
4278,White,7.29,0.27,0.34,6.46,0.054,57.7,102.3,0.9929,3.42,0.38,11.02,5
4279,White,7.52,0.24,0.29,10.92,0.037,38.0,141.6,0.9917,3.03,0.43,10.32,6
4280,White,7.62,0.39,0.43,3.66,0.058,23.3,116.4,0.9911,2.72,0.24,10.52,6
4281,White,7.14,0.15,0.22,0.6,0.035,41.1,120.0,0.9951,3.45,0.43,11.2,5
4282,White,6.23,0.43,0.34,10.43,0.092,50.3,153.3,0.9957,3.13,0.64,11.69,5
4283,White,7.13,0.36,0.48,15.01,0.053,41.9,112.4,0.9936,3.29,0.35,8.89,5
4284,White,6.25,0.3,0.61,7.83,0.037,36.8,118.4,0.9923,3.16,0.28,9.93,5
4285,White,6.39,0.31,0.23,10.35,0.085,54.4,132.8,0.9928,3.07,0.45,12.86,6
4286,White,6.83,0.19,0.18,6.93,0.048,28.6,152.0,0.9945,3.29,0.57,10.44,7
4287,White,7.25,0.3,0.34,13.8,0.055,42.2,142.5,0.9956,3.25,0.56,11.27,6
4288,White,7.0,0.32,0.47,9.6,0.016,11.7,181.9,0.9961,2.87,0.43,9.88,6
4289,White,6.42,0.32,0.31,7.88,0.047,43.9,107.7,0.9955,3.38,0.45,11.36,7
4290,White,7.77,0.23,0.05,18.13,0.041,37.7,149.1,0.9912,2.82,0.71,9.09,6
4291,White,6.04,0.17,0.12,5.51,0.041,57.3,103.1,0.9914,3.08,0.4,12.26,5
4292,White,6.88,0.13,0.35,4.62,0.016,17.9,135.3,0.997,3.21,0.5,12.26,7
4293,White,6.83,0.34,0.52,10.45,0.016,38.0,176.4,0.9918,3.16,0.65,12.7,5
4294,White,6.64,0.3,0.39,6.28,0.032,50.8,182.8,0.9923,3.25,0.57,10.98,7
4295,White,6.81,0.23,0.53,12.2,0.028,41.4,115.9,0.9918,3.28,0.49,9.9,6
4296,White,7.6,0.26,0.12,0.6,0.031,46.7,116.8,0.9965,2.82,0.28,9.36,5
4297,White,6.1,0.32,0.36,0.6,0.044,34.3,136.9,0.9931,3.14,0.64,10.17,7
4298,White,6.14,0.33,0.24,0.6,0.067,40.4,164.5,0.9984,3.33,0.42,11.43,7
4299,White,6.14,0.18,0.25,3.47,0.043,42.4,130.7,0.993,3.06,0.48,10.78,6
4300,White,5.62,0.29,0.34,12.54,0.033,25.3,99.8,0.9934,3.16,0.48,11.52,5
4301,White,6.86,0.32,0.32,1.48,0.042,53.5,196.0,0.9951,2.93,0.39,11.44,6
4302,White,6.86,0.24,0.42,3.93,0.079,9.1,104.3,0.9936,3.1,0.38,10.46,5
4303,White,8.26,0.34,0.13,9.02,0.035,47.1,154.6,0.9966,3.49,0.67,10.57,7
4304,White,7.05,0.25,0.26,1.14,0.055,16.0,156.2,0.9917,3.06,0.47,10.59,6
4305,White,6.77,0.51,0.1,8.04,0.053,19.4,109.7,0.9966,3.16,0.58,9.7,7
4306,White,6.76,0.24,0.19,12.83,0.107,8.3,70.6,0.9936,3.53,0.56,11.25,5
4307,White,6.19,0.36,0.4,2.88,0.047,60.9,177.6,0.9956,3.14,0.54,10.74,5
4308,White,7.09,0.18,0.12,0.6,0.033,56.5,129.3,0.996,3.03,0.54,11.76,7
4309,White,7.79,0.2,0.42,2.94,0.045,70.9,128.3,0.995,3.21,0.24,12.02,7
4310,White,5.78,0.3,0.53,0.6,0.033,15.5,164.3,0.9939,3.31,0.38,10.66,5
4311,White,5.31,0.39,0.26,9.9,0.013,46.5,128.2,0.9938,3.16,0.53,8.87,4
4312,White,8.35,0.3,0.37,12.91,0.084,47.0,100.3,0.9922,3.13,0.68,10.67,6
4313,White,5.7,0.25,0.43,8.06,0.032,19.2,127.2,0.9937,3.44,0.62,11.02,5
4314,White,7.14,0.27,0.34,0.6,0.049,34.7,173.3,0.9951,3.11,0.35,8.85,5
4315,White,6.64,0.11,0.35,10.23,0.071,44.9,120.0,0.9975,3.12,0.53,12.25,7
4316,White,5.29,0.4,0.3,0.6,0.009,33.1,157.3,0.9973,3.19,0.63,12.95,7
4317,White,5.17,0.16,0.31,0.6,0.037,23.2,185.8,0.9946,3.49,0.49,9.57,5
4318,White,5.75,0.28,0.13,4.72,0.009,25.1,159.2,0.9918,3.23,0.56,9.55,5
4319,White,7.81,0.24,0.43,11.94,0.058,42.9,144.4,0.9986,3.12,0.32,12.14,6
4320,White,8.54,0.34,0.15,6.77,0.051,51.1,130.2,0.9969,3.11,0.61,11.51,6
4321,White,7.2,0.34,0.31,5.99,0.043,12.1,176.5,0.9892,3.43,0.54,9.74,5
4322,White,6.38,0.27,0.35,8.35,0.023,15.8,120.5,0.9907,3.04,0.52,11.8,7
4323,White,6.24,0.36,0.43,13.63,0.064,11.6,168.0,0.993,3.35,0.51,10.38,6
4324,White,6.26,0.28,0.28,13.04,0.017,18.5,227.8,0.993,3.12,0.52,12.03,6
4325,White,6.12,0.39,0.33,10.32,0.051,76.1,112.9,0.9955,3.13,0.59,10.31,6
4326,White,8.43,0.15,0.28,4.29,0.1,57.5,186.3,0.9909,3.26,0.32,10.24,6
4327,White,5.74,0.18,0.54,7.94,0.075,27.6,121.6,0.9945,3.25,0.67,11.71,6
4328,White,7.25,0.36,0.36,14.53,0.053,35.2,84.0,0.9964,3.27,0.44,9.33,5
4329,White,7.36,0.33,0.4,1.67,0.052,47.7,150.1,0.9957,3.11,0.54,10.61,6
4330,White,7.14,0.29,0.35,0.6,0.036,48.0,128.3,0.997,2.92,0.37,11.49,5
4331,White,5.71,0.36,0.43,3.88,0.035,18.6,132.3,0.9965,3.0,0.57,10.58,6
4332,White,6.55,0.21,0.37,11.71,0.053,50.0,203.1,0.9931,3.58,0.31,10.34,6
4333,White,5.6,0.27,0.36,13.67,0.038,53.3,176.0,0.9956,3.21,0.76,10.61,5
4334,White,6.29,0.33,0.36,12.7,0.032,18.1,152.4,0.9916,3.33,0.35,10.84,5
4335,White,6.01,0.15,0.31,13.63,0.045,42.6,137.3,0.9977,3.16,0.45,10.8,6
4336,White,7.34,0.17,0.26,5.09,0.052,40.1,155.6,0.993,3.3,0.3,10.52,5
4337,White,6.04,0.33,0.46,9.66,0.07,36.7,168.7,0.9964,3.5,0.34,9.46,5
4338,White,8.18,0.42,0.44,10.42,0.066,50.8,176.1,0.9916,3.34,0.47,13.05,7
4339,White,8.11,0.35,0.45,0.6,0.052,33.7,136.8,0.9921,2.89,0.36,11.21,7
4340,White,5.75,0.33,0.29,0.6,0.033,44.2,132.3,0.993,2.94,0.75,11.93,7
4341,White,7.77,0.35,0.25,11.22,0.049,57.7,141.6,0.9896,3.09,0.46,10.55,5
4342,White,6.75,0.35,0.28,14.1,0.042,34.4,186.2,0.994,3.26,0.41,10.06,5
4343,White,6.81,0.27,0.19,1.73,0.077,58.4,132.7,0.9956,3.22,0.39,11.87,6
4344,White,6.04,0.28,0.31,10.41,0.024,50.6,170.0,0.9947,3.13,0.45,12.25,6
4345,White,5.81,0.29,0.21,9.45,0.041,51.6,112.7,0.9931,3.28,0.39,10.78,6
4346,White,5.25,0.24,0.34,2.23,0.01,26.9,109.2,0.992,3.29,0.55,11.04,6
4347,White,7.42,0.29,0.25,8.76,0.024,56.6,200.6,0.995,3.37,0.31,10.42,5
4348,White,7.56,0.26,0.42,6.33,0.059,54.9,158.7,0.9946,2.96,0.5,11.49,7
4349,White,6.84,0.39,0.36,8.21,0.021,49.6,157.7,0.9985,3.23,0.59,10.75,6
4350,White,7.05,0.4,0.37,4.78,0.064,45.3,144.7,0.9924,3.06,0.49,8.77,5
4351,White,6.24,0.34,0.27,12.16,0.009,31.1,183.6,0.9946,3.16,0.38,9.2,5
4352,White,6.36,0.34,0.18,14.49,0.057,47.5,52.3,0.9919,3.3,0.48,12.66,6
4353,White,8.39,0.36,0.2,13.8,0.044,53.5,158.5,0.9938,3.24,0.37,11.05,5
4354,White,7.1,0.08,0.19,14.31,0.015,5.2,199.7,0.9923,3.15,0.53,12.16,6
4355,White,5.83,0.08,0.09,0.6,0.034,43.0,62.4,0.9945,3.44,0.55,10.3,7
4356,White,6.58,0.3,0.36,10.26,0.063,15.0,165.2,0.9949,3.18,0.52,13.5,7
4357,White,8.16,0.2,0.46,1.91,0.036,3.0,129.6,1.0003,3.14,0.56,11.75,6
4358,White,5.3,0.35,0.14,0.6,0.02,54.2,42.6,0.9927,3.28,0.58,10.49,5
4359,White,7.15,0.15,0.16,6.27,0.009,2.0,112.6,0.9916,3.22,0.44,11.22,6
4360,White,6.48,0.28,0.24,1.45,0.047,54.2,155.1,0.9955,3.04,0.54,10.78,8
4361,White,7.99,0.17,0.66,6.91,0.054,27.3,176.5,0.9968,3.14,0.68,10.31,5
4362,White,6.84,0.29,0.24,13.04,0.024,26.0,82.9,0.989,3.36,0.54,10.39,5
4363,White,7.96,0.37,0.23,5.32,0.049,29.8,184.3,0.9911,3.29,0.41,9.13,5
4364,White,6.92,0.28,0.25,5.1,0.045,38.3,172.6,0.9961,3.19,0.76,10.51,5
4365,White,7.58,0.18,0.36,6.7,0.078,22.2,154.5,0.9988,3.44,0.56,9.59,4
4366,White,6.5,0.16,0.49,3.31,0.057,8.2,173.0,0.9927,3.25,0.4,10.27,6
4367,White,7.52,0.24,0.4,7.79,0.065,45.3,120.5,0.9929,3.26,0.25,12.36,7
4368,White,7.85,0.31,0.56,0.6,0.035,26.6,104.7,0.993,3.01,0.31,10.59,6
4369,White,6.33,0.23,0.26,4.02,0.04,50.1,50.1,0.9965,3.29,0.47,11.53,5
4370,White,7.62,0.19,0.49,0.6,0.051,39.7,200.3,0.9917,3.12,0.61,10.61,6
4371,White,6.82,0.32,0.2,5.4,0.026,48.9,194.6,1.0012,3.24,0.63,11.3,5
4372,White,7.1,0.35,0.44,4.89,0.03,23.6,178.0,0.9912,3.1,0.41,12.92,7
4373,White,6.56,0.32,0.17,0.6,0.036,76.8,188.4,0.9968,3.17,0.54,9.53,4
4374,White,6.75,0.38,0.48,6.32,0.013,47.7,164.8,0.9923,2.93,0.56,11.81,6
4375,White,8.97,0.29,0.33,0.67,0.081,25.6,152.1,0.9949,3.39,0.62,11.08,6
4376,White,6.58,0.37,0.41,1.25,0.046,23.5,111.8,0.995,3.27,0.51,11.66,6
4377,White,5.94,0.19,0.38,11.83,0.068,23.2,93.0,0.9958,3.36,0.41,10.48,4
4378,White,6.57,0.44,0.35,13.99,0.01,44.9,22.6,0.9951,3.24,0.8,12.08,6
4379,White,7.45,0.44,0.3,0.6,0.087,23.4,90.9,0.9942,3.08,0.42,11.46,5
4380,White,5.73,0.1,0.2,7.49,0.042,10.7,217.3,0.9952,2.92,0.41,10.85,6
4381,White,7.8,0.32,0.46,11.81,0.025,19.4,110.6,0.9929,3.23,0.57,10.66,5
4382,White,8.24,0.32,0.22,2.97,0.041,12.6,150.5,0.9961,3.46,0.39,11.74,7
4383,White,6.78,0.31,0.38,4.32,0.078,41.0,190.3,0.9965,3.03,0.44,12.89,6
4384,White,6.47,0.29,0.29,2.41,0.039,62.7,156.6,0.9933,3.27,0.44,10.47,6
4385,White,6.3,0.23,0.54,10.7,0.077,41.0,134.8,0.9961,3.18,0.48,9.89,5
4386,White,7.54,0.14,0.43,4.52,0.019,27.5,180.3,0.9942,3.25,0.31,10.42,5
4387,White,6.77,0.22,0.29,9.84,0.047,51.0,93.1,0.9938,3.15,0.69,12.86,4
4388,White,6.66,0.46,0.32,7.88,0.009,25.2,151.2,0.9979,3.22,0.3,12.2,7
4389,White,6.33,0.39,0.54,0.6,0.062,69.2,112.3,0.9973,3.4,0.5,10.75,7
4390,White,5.96,0.21,0.21,3.44,0.042,54.4,150.0,0.9915,2.97,0.49,11.94,7
4391,White,6.57,0.11,0.44,7.71,0.018,39.5,126.3,0.9981,3.24,0.67,12.12,6
4392,White,6.3,0.38,0.31,2.41,0.033,20.8,85.4,0.9937,3.08,0.34,10.45,6
4393,White,7.72,0.1,0.4,3.91,0.017,39.9,77.8,0.9873,3.22,0.47,9.88,6
4394,White,8.41,0.21,0.36,5.93,0.046,23.9,142.8,0.9947,3.2,0.49,11.14,6
4395,White,6.34,0.43,0.33,11.76,0.038,61.1,170.9,0.9902,3.43,0.43,12.31,6
4396,White,7.75,0.08,0.22,12.89,0.056,43.8,110.9,0.9885,3.0,0.22,12.63,6
4397,White,7.22,0.21,0.16,0.6,0.031,35.6,142.4,0.9968,3.51,0.41,12.06,6
4398,White,7.35,0.33,0.34,5.81,0.016,52.2,128.6,1.0006,3.32,0.44,11.9,5
4399,White,7.0,0.31,0.4,2.11,0.047,21.3,131.7,0.9968,3.01,0.37,11.06,6
4400,White,7.6,0.42,0.44,4.1,0.071,30.2,158.2,0.9933,3.37,0.42,11.04,7
4401,White,7.69,0.22,0.34,5.27,0.054,47.2,161.4,0.9908,3.33,0.52,11.13,5
4402,White,5.79,0.16,0.38,3.4,0.015,52.4,119.9,0.992,3.34,0.52,11.86,7
4403,White,5.98,0.35,0.14,4.25,0.028,55.1,37.8,0.9936,2.96,0.54,11.24,7
4404,White,6.96,0.28,0.34,14.01,0.054,54.3,102.0,0.9932,3.27,0.37,13.23,6
4405,White,6.87,0.22,0.54,0.6,0.059,19.2,117.1,0.9898,3.12,0.4,11.95,7
4406,White,6.56,0.1,0.26,3.89,0.032,59.0,152.7,0.9955,3.21,0.38,11.39,5
4407,White,8.63,0.22,0.31,14.42,0.082,2.0,165.5,0.9952,2.97,0.46,12.32,6
4408,White,6.78,0.41,0.36,1.75,0.043,37.5,101.5,0.9938,3.1,0.41,11.47,5
4409,White,7.41,0.26,0.45,1.05,0.022,12.3,86.0,0.997,3.08,0.55,11.46,6
4410,White,7.2,0.29,0.4,9.83,0.016,56.9,99.8,0.9935,3.12,0.22,12.52,7
4411,White,7.02,0.36,0.18,16.99,0.049,9.3,81.2,0.9982,3.12,0.37,11.17,5
4412,White,7.79,0.51,0.51,4.87,0.049,47.7,144.6,0.9972,3.18,0.52,12.47,5
4413,White,7.15,0.3,0.15,13.68,0.04,16.8,80.5,0.9904,3.02,0.65,11.9,6
4414,White,6.42,0.39,0.31,3.55,0.024,16.7,42.6,0.9992,3.4,0.28,9.42,5
4415,White,6.67,0.22,0.43,14.39,0.061,18.9,131.7,0.9971,3.27,0.44,12.42,7
4416,White,6.36,0.27,0.26,9.83,0.064,16.8,92.1,0.9953,3.0,0.77,10.52,7
4417,White,7.04,0.34,0.42,0.6,0.044,28.1,163.1,0.9967,3.22,0.51,10.65,5
4418,White,7.18,0.15,0.32,10.53,0.083,47.4,178.0,1.0007,3.15,0.5,9.29,6
4419,White,6.54,0.27,0.21,4.55,0.047,33.1,117.9,0.9962,3.1,0.66,12.08,6
4420,White,7.85,0.27,0.44,9.78,0.031,2.0,102.6,0.9934,3.27,0.39,11.92,5
4421,White,7.76,0.24,0.29,1.19,0.049,57.8,112.1,0.9968,2.98,0.51,11.51,6
4422,White,5.59,0.13,0.44,11.03,0.034,62.9,189.2,0.99,3.2,0.42,11.58,4
4423,White,7.56,0.16,0.05,0.6,0.01,36.5,108.7,0.9989,3.19,0.37,12.26,8
4424,White,6.59,0.29,0.2,2.57,0.057,26.9,117.6,0.9958,3.05,0.36,11.54,6
4425,White,6.02,0.29,0.15,4.12,0.054,22.4,106.3,0.9982,3.08,0.48,10.2,5
4426,White,6.0,0.29,0.01,8.9,0.062,2.0,274.5,0.9984,3.2,0.38,12.54,8
4427,White,7.21,0.38,0.3,8.07,0.014,38.6,175.9,0.9953,3.36,0.47,11.77,5
4428,White,7.72,0.34,0.54,8.61,0.039,53.9,143.4,0.9965,2.99,0.54,10.2,6
4429,White,7.88,0.4,0.36,11.97,0.051,50.8,128.6,0.9952,2.8,0.6,11.87,6
4430,White,7.67,0.28,0.17,6.07,0.088,47.0,185.3,0.9953,3.22,0.57,10.55,4
4431,White,5.97,0.38,0.57,6.99,0.059,61.8,153.5,0.9974,3.12,0.53,11.25,6
4432,White,6.74,0.27,0.5,13.05,0.011,43.2,178.1,0.9951,3.24,0.45,11.81,5
4433,White,7.03,0.23,0.23,8.46,0.07,2.0,173.1,0.9889,3.17,0.31,11.33,6
4434,White,8.31,0.47,0.17,7.02,0.048,48.9,115.4,1.0004,3.03,0.57,9.13,5
4435,White,6.59,0.08,0.39,2.0,0.052,5.4,160.7,0.9969,3.07,0.5,12.02,6
4436,White,6.21,0.19,0.24,16.73,0.025,34.4,133.5,0.9917,3.12,0.4,10.93,5
4437,White,8.04,0.19,0.29,3.47,0.017,74.3,175.0,0.9931,3.28,0.44,10.55,4
4438,White,6.31,0.43,0.38,9.39,0.035,37.8,220.8,0.9923,3.32,0.48,12.32,6
4439,White,6.46,0.32,0.25,2.68,0.052,13.6,171.0,0.9954,3.45,0.66,10.87,5
4440,White,5.73,0.46,0.22,0.6,0.042,27.5,131.8,0.994,3.23,0.33,9.47,6
4441,White,7.4,0.34,0.37,6.07,0.009,24.9,164.2,0.9939,3.23,0.31,9.87,6
4442,White,8.04,0.29,0.04,6.68,0.06,23.8,134.7,0.9951,3.22,0.41,13.01,7
4443,White,6.62,0.33,0.19,8.95,0.032,22.8,146.9,0.9941,3.19,0.43,9.02,4
4444,White,6.87,0.4,0.07,9.89,0.063,46.6,200.5,0.9974,2.75,0.44,11.85,7
4445,White,6.97,0.41,0.32,7.29,0.031,57.2,124.3,0.9908,2.99,0.53,9.55,7
4446,White,6.71,0.28,0.43,5.89,0.054,27.4,94.2,0.9967,3.66,0.46,10.64,5
4447,White,7.48,0.24,0.35,6.29,0.027,51.5,163.0,0.997,3.33,0.44,9.12,4
4448,White,5.92,0.28,0.34,2.32,0.069,27.0,123.2,0.9921,3.23,0.66,12.52,7
4449,White,6.2,0.37,0.63,2.69,0.06,32.5,190.1,0.9942,3.31,0.58,9.99,6
4450,White,4.96,0.24,0.28,0.6,0.055,37.0,79.8,0.997,3.25,0.58,12.01,5
4451,White,5.62,0.35,0.48,2.13,0.01,45.3,175.5,0.9955,3.27,0.43,12.44,7
4452,White,7.91,0.36,0.48,9.4,0.08,33.5,144.4,0.9946,3.25,0.6,10.37,4
4453,White,6.95,0.23,0.27,5.16,0.041,25.5,152.5,0.9961,3.06,0.54,13.15,8
4454,White,6.15,0.08,0.4,12.35,0.077,24.7,132.8,0.994,3.33,0.58,10.33,5
4455,White,6.91,0.27,0.45,2.4,0.052,14.1,194.2,0.9938,3.16,0.59,11.88,7
4456,White,5.02,0.34,0.39,5.74,0.034,56.2,141.0,0.9885,3.26,0.54,10.94,6
4457,White,7.65,0.43,0.38,8.92,0.074,47.3,22.2,0.9914,3.33,0.71,12.03,6
4458,White,7.54,0.37,0.25,9.12,0.064,34.4,77.5,0.9971,3.12,0.37,12.15,6
4459,White,7.35,0.5,0.43,11.81,0.071,39.5,129.6,0.9929,3.08,0.53,11.71,5
4460,White,7.25,0.23,0.28,3.65,0.048,2.0,170.7,0.9916,3.25,0.48,9.72,5
4461,White,8.0,0.41,0.07,5.7,0.063,43.2,213.7,0.9944,2.95,0.58,11.21,5
4462,White,5.95,0.22,0.33,2.18,0.028,23.8,30.3,1.001,3.27,0.58,11.54,6
4463,White,7.58,0.31,0.5,3.74,0.057,38.0,163.6,0.9919,3.18,0.44,9.59,6
4464,White,7.13,0.3,0.22,9.03,0.032,18.0,144.0,0.9946,3.06,0.66,10.44,5
4465,White,7.68,0.18,0.42,14.1,0.049,41.1,127.3,0.9917,2.95,0.35,10.27,5
4466,White,5.5,0.29,0.11,10.74,0.055,16.9,106.4,0.9944,3.08,0.44,9.3,6
4467,White,6.68,0.18,0.3,10.96,0.013,25.4,115.6,0.9983,3.15,0.56,10.31,7
4468,White,6.13,0.47,0.19,0.6,0.037,10.9,117.0,0.9971,3.25,0.44,10.93,6
4469,White,6.07,0.11,0.34,0.6,0.058,29.1,178.7,0.9931,2.99,0.37,11.58,6
4470,White,7.83,0.27,0.2,1.3,0.027,26.4,137.6,0.9936,3.1,0.48,10.84,5
4471,White,6.65,0.26,0.34,8.12,0.071,50.1,169.7,0.99,3.23,0.43,10.05,5
4472,White,8.25,0.33,0.25,5.19,0.049,42.0,112.8,0.993,3.05,0.41,11.14,5
4473,White,7.51,0.37,0.32,0.6,0.103,20.1,55.7,0.9966,3.19,0.27,12.83,8
4474,White,8.27,0.25,0.49,4.84,0.082,55.0,146.3,0.9951,3.27,0.37,11.96,6
4475,White,7.67,0.27,0.42,2.7,0.06,51.9,219.2,0.9923,3.26,0.47,11.43,7
4476,White,7.77,0.36,0.41,1.9,0.075,2.6,127.4,0.9981,3.04,0.49,10.28,6
4477,White,6.65,0.27,0.39,4.68,0.047,60.0,98.3,0.9929,3.28,0.5,12.84,5
4478,White,5.84,0.21,0.48,6.48,0.041,2.4,123.4,0.9948,3.01,0.41,11.03,6
4479,White,6.44,0.27,0.13,7.48,0.017,37.5,219.7,0.9945,3.1,0.5,12.72,7
4480,White,6.45,0.51,0.35,1.91,0.03,30.0,113.5,0.993,3.07,0.5,10.05,5
4481,White,6.52,0.22,0.36,8.48,0.066,34.6,178.7,0.9977,3.26,0.68,13.25,8
4482,White,6.15,0.29,0.34,10.19,0.024,27.0,144.0,0.9944,3.23,0.34,12.15,6
4483,White,6.68,0.25,0.45,11.3,0.043,20.6,136.2,0.9958,3.14,0.41,9.13,5
4484,White,6.52,0.37,0.32,4.23,0.048,40.7,211.2,0.9961,3.18,0.55,12.98,6
4485,White,8.05,0.4,0.51,4.83,0.009,16.0,204.2,0.9948,3.35,0.54,11.43,6
4486,White,6.75,0.28,0.37,7.91,0.009,16.5,128.5,0.9949,3.06,0.42,12.14,7
4487,White,6.21,0.2,0.37,12.67,0.032,22.3,119.9,0.9911,3.14,0.27,10.85,5
4488,White,6.65,0.31,0.14,1.81,0.062,40.6,75.2,0.9935,3.21,0.36,11.71,7
4489,White,7.05,0.13,0.3,7.85,0.044,21.6,165.8,0.9932,3.36,0.62,11.96,6
4490,White,6.97,0.28,0.2,4.49,0.049,46.4,125.8,0.988,3.0,0.49,11.86,5
4491,White,7.87,0.44,0.4,7.82,0.024,20.5,134.5,1.0,3.21,0.43,11.12,6
4492,White,5.71,0.36,0.23,8.3,0.052,54.7,99.4,0.9952,3.42,0.52,10.91,3
4493,White,6.09,0.17,0.49,9.02,0.066,72.5,169.1,0.9974,3.37,0.64,12.52,6
4494,White,7.7,0.23,0.39,5.51,0.062,42.4,100.1,0.9964,3.27,0.51,11.71,7
4495,White,6.63,0.23,0.32,13.54,0.027,16.9,157.5,0.9982,3.14,0.48,11.06,6
4496,White,6.86,0.39,0.35,6.67,0.041,38.7,85.7,0.9963,3.17,0.44,10.52,6
4497,White,6.55,0.36,0.32,0.6,0.056,45.3,125.8,0.9959,3.23,0.39,10.29,6
4498,White,8.03,0.47,0.46,8.68,0.038,2.0,132.6,0.992,3.43,0.5,10.45,5
4499,White,7.21,0.21,0.3,4.91,0.044,50.4,97.4,0.9962,2.96,0.58,12.83,7
4500,White,5.41,0.22,0.52,8.28,0.046,34.8,215.5,0.9946,3.24,0.62,10.42,5
4501,White,7.03,0.31,0.33,3.48,0.013,30.5,129.3,0.998,3.18,0.58,11.12,6
4502,White,5.57,0.32,0.21,18.98,0.041,30.1,81.5,0.997,3.46,0.26,10.97,5
4503,White,8.27,0.35,0.23,3.62,0.036,26.3,103.3,0.9929,3.33,0.47,9.63,5
4504,White,7.29,0.28,0.34,0.6,0.022,6.0,125.9,0.9936,3.31,0.37,10.31,5
4505,White,8.4,0.17,0.22,6.09,0.028,10.4,149.4,0.9874,3.25,0.37,10.57,5
4506,White,6.87,0.54,0.11,6.15,0.042,44.9,99.8,0.9922,3.05,0.49,11.68,6
4507,White,6.32,0.15,0.29,9.88,0.105,30.7,133.2,0.9932,3.26,0.24,12.27,6
4508,White,7.67,0.24,0.12,13.01,0.046,10.0,95.7,0.9948,3.3,0.52,11.65,6
4509,White,6.45,0.27,0.19,4.37,0.064,13.3,157.4,0.9975,3.29,0.52,9.5,5
4510,White,7.61,0.34,0.12,4.89,0.034,15.8,228.3,0.9979,3.22,0.38,9.68,5
4511,White,8.17,0.14,0.34,17.19,0.057,67.4,171.0,0.9957,2.93,0.46,11.4,6
4512,White,7.07,0.25,0.43,8.54,0.011,4.9,158.3,0.9964,3.25,0.47,10.91,6
4513,White,5.18,0.31,0.42,13.07,0.037,18.1,100.3,0.9956,3.13,0.47,11.35,6
4514,White,6.44,0.25,0.41,5.51,0.046,9.2,138.9,0.9913,3.2,0.6,11.3,7
4515,White,7.38,0.36,0.34,9.04,0.071,28.7,134.5,0.9924,2.87,0.39,10.89,6
4516,White,6.96,0.3,0.13,9.74,0.055,55.1,217.0,0.9936,3.18,0.45,9.66,5
4517,White,7.22,0.34,0.4,0.6,0.065,28.1,142.8,0.9951,3.13,0.51,9.16,5
4518,White,7.33,0.23,0.33,0.6,0.05,24.7,20.7,0.9919,3.11,0.7,10.99,6
4519,White,7.08,0.17,0.31,10.73,0.051,30.7,188.4,0.9969,3.15,0.38,11.01,5
4520,White,6.52,0.2,0.46,0.6,0.043,39.1,69.6,0.9956,3.19,0.4,10.37,6
4521,White,6.87,0.35,0.44,14.53,0.088,36.2,166.5,0.997,3.31,0.38,8.9,5
4522,White,7.85,0.26,0.48,2.87,0.036,45.4,106.8,0.9923,3.3,0.48,11.53,6
4523,White,6.28,0.29,0.33,10.39,0.087,74.4,101.7,0.9898,3.29,0.42,11.16,5
4524,White,5.54,0.14,0.11,6.2,0.071,32.6,15.3,0.9882,3.49,0.25,12.55,8
4525,White,6.02,0.32,0.17,6.01,0.019,61.0,146.0,0.9897,3.09,0.51,10.66,6
4526,White,7.57,0.3,0.54,1.75,0.049,18.9,152.4,0.9915,3.43,0.28,11.35,5
4527,White,5.37,0.26,0.39,2.12,0.039,27.1,175.9,0.9936,3.17,0.6,10.84,6
4528,White,5.9,0.24,0.31,0.6,0.065,18.7,176.8,0.9924,3.42,0.74,11.3,6
4529,White,8.4,0.42,0.45,1.74,0.099,57.3,92.9,0.9955,3.3,0.52,11.05,6
4530,White,6.82,0.29,0.37,13.49,0.054,14.3,114.6,0.9972,3.31,0.51,10.46,6
4531,White,7.36,0.09,0.26,8.61,0.065,52.2,164.7,0.9951,3.46,0.52,9.61,5
4532,White,7.24,0.08,0.22,7.32,0.066,18.5,185.2,0.991,2.97,0.61,11.67,6
4533,White,7.37,0.16,0.38,0.6,0.057,54.0,151.2,0.9957,3.41,0.36,11.17,6
4534,White,6.6,0.23,0.21,5.55,0.016,31.6,112.7,0.9943,3.11,0.48,12.2,6
4535,White,8.78,0.12,0.45,8.49,0.079,24.7,156.1,0.9961,2.95,0.55,10.05,5
4536,White,6.69,0.11,0.21,2.38,0.01,2.0,149.3,0.9923,3.07,0.56,11.58,7
4537,White,7.7,0.22,0.34,9.15,0.026,33.4,122.1,0.9939,3.33,0.4,12.69,6
4538,White,5.82,0.08,0.49,11.23,0.05,2.0,222.4,0.993,3.15,0.53,10.7,6
4539,White,6.54,0.31,0.28,1.97,0.048,33.0,131.1,0.9996,3.13,0.3,9.73,6
4540,White,7.32,0.12,0.23,8.55,0.044,47.8,133.8,0.9951,3.08,0.41,12.07,7
4541,White,7.62,0.39,0.28,3.0,0.03,50.2,204.5,0.9931,3.38,0.51,9.51,5
4542,White,6.63,0.29,0.03,6.73,0.045,27.2,168.6,0.9941,3.27,0.57,11.57,7
4543,White,6.09,0.28,0.44,4.92,0.029,42.1,111.4,0.9949,3.15,0.32,12.46,7
4544,White,6.74,0.36,0.4,8.51,0.012,44.0,111.8,1.0006,3.21,0.52,11.41,8
4545,White,7.36,0.36,0.26,6.89,0.071,43.7,146.3,0.9934,3.1,0.5,11.44,5
4546,White,5.73,0.41,0.24,6.88,0.067,65.0,197.3,0.9918,3.24,0.32,10.14,5
4547,White,7.72,0.3,0.21,0.6,0.046,23.1,77.3,0.9948,3.07,0.3,11.14,7
4548,White,7.86,0.25,0.44,3.87,0.04,8.8,123.1,0.9923,3.06,0.51,10.14,6
4549,White,6.15,0.21,0.37,5.93,0.073,31.2,119.3,0.9932,3.26,0.57,11.32,6
4550,White,6.87,0.25,0.36,7.1,0.051,19.6,231.3,0.9904,3.12,0.32,11.37,7
4551,White,7.25,0.16,0.32,8.57,0.009,30.0,122.6,0.9887,3.21,0.5,9.42,5
4552,White,6.31,0.29,0.33,7.39,0.068,46.3,117.1,0.9928,3.33,0.34,12.36,7
4553,White,5.99,0.29,0.37,9.84,0.034,6.5,131.5,0.9951,3.14,0.36,10.4,6
4554,White,7.19,0.32,0.54,16.46,0.059,46.8,164.0,0.9929,2.94,0.59,10.96,7
4555,White,6.55,0.24,0.35,11.84,0.053,17.2,113.0,0.9907,3.19,0.67,11.99,8
4556,White,6.43,0.34,0.58,0.6,0.058,20.2,171.8,0.9971,3.27,0.25,10.59,6
4557,White,6.83,0.25,0.23,2.17,0.023,48.8,148.4,0.9944,3.31,0.53,11.1,6
4558,White,6.55,0.28,0.26,10.25,0.076,58.7,167.1,0.9941,3.24,0.68,9.58,5
4559,White,6.74,0.27,0.26,0.6,0.027,36.1,186.1,0.9901,3.05,0.47,10.94,6
4560,White,6.36,0.14,0.08,7.3,0.099,23.6,171.3,0.9945,3.0,0.49,11.26,8
4561,White,8.26,0.26,0.21,7.45,0.07,14.4,105.3,0.9972,3.36,0.53,9.71,5
4562,White,5.68,0.25,0.37,3.28,0.068,17.9,169.9,0.9932,3.27,0.45,12.38,5
4563,White,6.15,0.46,0.44,0.6,0.061,39.9,220.0,0.9976,3.34,0.43,13.09,5
4564,White,6.59,0.42,0.19,0.6,0.069,10.3,191.4,0.9911,3.32,0.46,11.54,5
4565,White,7.31,0.17,0.3,9.91,0.05,33.6,206.5,0.999,3.09,0.36,10.62,6
4566,White,4.52,0.48,0.24,4.0,0.052,75.3,69.6,0.9891,3.44,0.55,11.17,6
4567,White,7.01,0.48,0.5,7.59,0.047,31.6,157.7,0.9906,3.05,0.67,12.1,6
4568,White,5.61,0.37,0.18,7.24,0.019,28.4,180.6,0.9992,3.34,0.51,11.17,5
4569,White,4.19,0.27,0.35,4.49,0.057,57.9,193.9,0.9959,3.01,0.55,10.72,6
4570,White,6.5,0.25,0.13,5.54,0.052,36.4,44.6,0.9939,3.0,0.48,11.54,6
4571,White,7.09,0.41,0.33,0.6,0.026,57.1,81.5,0.9926,3.27,0.57,12.73,6
4572,White,5.72,0.23,0.18,3.39,0.04,61.2,110.6,0.9923,3.46,0.32,10.32,4
4573,White,5.97,0.43,0.17,8.25,0.069,61.1,118.7,0.9907,3.34,0.41,10.36,6
4574,White,8.47,0.32,0.36,1.03,0.037,14.0,117.3,0.9929,3.46,0.33,11.38,5
4575,White,5.8,0.38,0.38,4.86,0.031,34.7,136.1,0.99,2.99,0.64,10.01,4
4576,White,8.66,0.27,0.26,9.84,0.047,44.5,98.4,0.9888,3.38,0.49,12.3,6
4577,White,6.26,0.31,0.27,2.71,0.025,8.9,26.1,0.9909,3.17,0.5,11.36,5
4578,White,8.25,0.53,0.2,0.79,0.032,25.6,128.0,0.9929,3.04,0.59,10.86,6
4579,White,7.87,0.44,0.29,9.14,0.061,32.7,26.6,0.9955,3.18,0.45,11.56,6
4580,White,6.43,0.2,0.29,5.4,0.053,28.8,94.0,0.9924,3.04,0.61,10.93,5
4581,White,7.47,0.23,0.37,5.13,0.046,35.1,129.6,0.9934,3.05,0.62,11.66,6
4582,White,8.26,0.08,0.43,15.22,0.042,52.0,181.0,0.9941,3.16,0.62,11.15,6
4583,White,7.1,0.26,0.36,6.16,0.086,63.8,114.6,0.9905,3.22,0.36,11.56,7
4584,White,6.64,0.37,0.22,1.02,0.068,73.0,127.5,0.9909,3.1,0.36,11.19,7
4585,White,6.17,0.37,0.42,3.07,0.054,52.3,106.7,0.9934,3.35,0.62,10.9,5
4586,White,5.25,0.3,0.15,1.98,0.043,62.2,166.5,0.9961,2.93,0.39,9.69,6
4587,White,7.35,0.4,0.52,7.74,0.073,45.1,217.2,0.9938,3.22,0.53,11.12,8
4588,White,6.8,0.34,0.4,15.48,0.034,6.2,140.7,0.9986,3.49,0.53,12.36,7
4589,White,6.59,0.28,0.51,4.76,0.048,49.5,66.2,0.9981,2.99,0.68,11.21,6
4590,White,6.4,0.36,0.22,0.6,0.057,11.2,128.5,0.9976,3.11,0.29,12.58,7
4591,White,5.8,0.3,0.4,0.6,0.048,36.7,130.9,0.9967,3.43,0.54,11.47,6
4592,White,6.76,0.21,0.22,12.9,0.042,40.5,243.1,0.9951,3.17,0.39,11.67,5
4593,White,6.83,0.19,0.27,10.5,0.064,32.8,84.5,0.9956,3.32,0.58,12.62,6
4594,White,6.89,0.24,0.53,14.21,0.02,52.8,43.1,0.9936,3.11,0.44,11.0,7
4595,White,6.95,0.26,0.47,3.64,0.068,38.3,119.4,0.9984,3.41,0.41,13.14,8
4596,White,6.62,0.33,0.38,7.11,0.066,73.3,155.2,0.9955,3.27,0.29,10.79,5
4597,White,5.54,0.33,0.47,6.66,0.033,38.5,133.3,0.9929,3.09,0.49,10.95,8
4598,White,6.98,0.23,0.27,1.06,0.08,22.2,205.5,0.9955,3.15,0.52,9.7,5
4599,White,6.61,0.34,0.37,9.2,0.009,17.1,170.9,0.9948,3.2,0.64,10.93,6
4600,White,7.46,0.08,0.3,10.52,0.009,53.0,157.1,0.9979,3.11,0.65,10.31,5
4601,White,7.52,0.13,0.43,12.87,0.071,37.0,73.7,0.9919,3.15,0.76,12.85,6
4602,White,6.16,0.23,0.22,1.32,0.051,50.9,132.7,0.9925,3.02,0.45,12.17,6
4603,White,6.21,0.34,0.26,3.12,0.025,58.9,205.9,0.9926,3.28,0.55,11.4,6
4604,White,6.66,0.3,0.28,6.92,0.074,11.7,126.1,0.9922,3.44,0.45,12.42,6
4605,White,7.18,0.19,0.01,8.57,0.038,39.0,48.3,0.9943,3.4,0.56,12.18,5
4606,White,6.72,0.28,0.47,10.3,0.069,49.0,128.6,0.9921,3.25,0.31,11.88,7
4607,White,6.95,0.29,0.27,6.98,0.088,36.9,155.6,0.9927,3.35,0.34,10.75,6
4608,White,7.84,0.28,0.41,5.3,0.056,38.0,123.2,0.9899,2.86,0.67,9.14,5
4609,White,6.87,0.4,0.44,5.97,0.043,41.6,133.2,0.9987,3.0,0.36,10.04,5
4610,White,7.03,0.33,0.07,1.76,0.047,50.1,130.6,0.9997,3.16,0.56,14.18,7
4611,White,8.15,0.08,0.42,11.87,0.038,66.3,230.8,0.9901,3.04,0.31,10.24,7
4612,White,6.71,0.22,0.17,6.96,0.038,13.4,118.2,0.9917,3.02,0.43,11.38,5
4613,White,6.73,0.21,0.36,1.05,0.04,26.4,158.7,0.9925,3.35,0.48,11.22,5
4614,White,7.17,0.37,0.44,5.95,0.064,20.0,125.7,0.9937,2.91,0.51,11.64,7
4615,White,6.97,0.48,0.48,2.64,0.031,25.2,144.8,0.9929,3.39,0.7,12.57,6
4616,White,6.46,0.22,0.46,14.37,0.058,19.2,213.2,0.9919,3.25,0.43,12.73,7
4617,White,7.61,0.32,0.3,0.6,0.033,3.5,107.8,0.9954,3.03,0.44,12.09,6
4618,White,5.81,0.26,0.53,8.12,0.068,11.1,94.6,0.9992,3.35,0.55,11.02,6
4619,White,7.22,0.29,0.26,9.66,0.031,43.4,73.6,0.992,3.32,0.64,9.57,4
4620,White,7.16,0.36,0.4,14.46,0.045,44.8,136.6,0.9935,2.98,0.48,9.72,5
4621,White,7.65,0.36,0.46,6.93,0.042,55.1,197.7,0.9956,3.42,0.55,9.95,5
4622,White,5.3,0.43,0.33,1.45,0.049,46.8,159.7,0.9967,2.95,0.43,11.38,6
4623,White,7.39,0.21,0.47,0.6,0.051,42.5,119.2,0.993,3.2,0.38,13.3,6
4624,White,7.34,0.31,0.55,8.91,0.06,21.8,146.2,0.9935,3.22,0.61,12.46,5
4625,White,6.2,0.28,0.23,2.83,0.029,25.9,84.6,0.9936,3.22,0.59,11.78,6
4626,White,6.26,0.1,0.34,2.39,0.035,42.7,97.6,0.9968,3.02,0.43,10.69,6
4627,White,7.83,0.26,0.1,7.86,0.032,40.2,157.6,0.9999,3.23,0.43,11.81,6
4628,White,6.4,0.29,0.2,1.55,0.044,4.3,173.2,0.9946,3.11,0.42,12.41,6
4629,White,5.77,0.42,0.62,7.78,0.014,43.2,110.5,0.9983,3.25,0.64,12.54,6
4630,White,9.01,0.32,0.41,0.6,0.063,37.2,103.0,0.9904,3.37,0.32,11.64,5
4631,White,6.08,0.28,0.31,6.83,0.061,26.8,226.4,0.9927,3.13,0.49,11.09,6
4632,White,8.24,0.21,0.25,4.45,0.062,44.3,139.6,0.9959,3.31,0.59,12.81,6
4633,White,7.03,0.27,0.47,0.6,0.054,36.8,150.0,0.9894,3.07,0.53,11.27,6
4634,White,8.09,0.26,0.34,7.94,0.077,16.6,134.3,0.9924,3.13,0.45,9.42,4
4635,White,6.3,0.29,0.59,0.6,0.065,17.1,164.0,0.9925,3.2,0.53,11.45,6
4636,White,6.27,0.49,0.34,5.41,0.054,28.8,135.7,0.9921,3.56,0.49,11.96,7
4637,White,8.28,0.17,0.34,7.87,0.025,56.5,85.8,0.9936,3.19,0.36,10.85,6
4638,White,5.73,0.21,0.39,9.43,0.084,40.1,64.4,0.9953,3.02,0.46,12.15,5
4639,White,5.46,0.26,0.41,0.6,0.009,56.5,177.4,0.9951,3.12,0.42,10.44,5
4640,White,6.53,0.08,0.38,10.09,0.06,29.0,73.1,0.9893,3.23,0.41,9.09,6
4641,White,7.27,0.13,0.53,0.6,0.041,35.1,64.9,0.9937,3.16,0.35,9.14,6
4642,White,7.33,0.37,0.32,0.6,0.068,47.9,211.6,0.9948,3.02,0.34,11.42,6
4643,White,6.88,0.34,0.37,10.21,0.046,41.4,183.8,0.9828,3.23,0.36,11.99,5
4644,White,8.74,0.35,0.11,12.94,0.054,6.9,161.8,0.9979,3.17,0.61,11.39,5
4645,White,5.59,0.35,0.24,1.41,0.056,53.9,191.6,0.9944,3.06,0.59,11.95,6
4646,White,8.86,0.44,0.14,3.71,0.024,67.5,188.8,0.9924,3.31,0.71,9.67,5
4647,White,5.79,0.28,0.3,13.18,0.038,38.2,114.4,0.9959,3.02,0.57,10.77,6
4648,White,6.81,0.25,0.22,9.72,0.051,51.8,161.9,0.9979,3.0,0.49,11.2,6
4649,White,5.93,0.15,0.33,7.24,0.026,15.8,181.4,0.9933,3.28,0.5,12.09,5
4650,White,6.14,0.22,0.31,5.19,0.087,41.8,130.6,0.995,3.23,0.49,9.6,6
4651,White,6.07,0.32,0.23,0.6,0.026,36.6,82.5,0.9957,3.27,0.43,11.77,6
4652,White,7.8,0.08,0.39,0.6,0.054,40.6,132.2,0.9953,3.13,0.47,9.63,5
4653,White,6.46,0.33,0.43,4.03,0.067,38.8,169.9,0.9926,3.0,0.31,11.33,6
4654,White,7.05,0.4,0.5,7.18,0.044,34.0,153.2,0.99,2.98,0.36,9.25,5
4655,White,6.26,0.23,0.56,8.05,0.065,45.6,160.1,0.99,3.17,0.46,9.81,5
4656,White,5.53,0.15,0.45,5.66,0.025,56.4,114.0,0.9895,3.1,0.65,10.97,6
4657,White,6.48,0.09,0.3,0.6,0.037,48.0,143.1,1.0007,3.26,0.55,12.4,9
4658,White,7.54,0.16,0.21,9.35,0.025,29.0,130.5,0.9937,3.03,0.44,12.69,6
4659,White,6.28,0.23,0.27,3.05,0.059,21.5,94.3,0.9926,3.23,0.34,12.53,5
4660,White,6.89,0.26,0.24,13.12,0.036,27.9,152.3,0.994,3.27,0.28,9.77,5
4661,White,6.29,0.37,0.16,8.62,0.077,66.3,218.8,0.994,3.2,0.43,11.95,6
4662,White,7.27,0.2,0.54,15.76,0.047,10.3,79.7,0.992,3.23,0.5,12.52,7
4663,White,4.7,0.3,0.15,1.44,0.048,47.4,168.1,0.992,3.31,0.41,12.71,6
4664,White,6.2,0.31,0.3,5.82,0.034,40.0,112.5,0.9955,3.25,0.52,11.12,6
4665,White,8.09,0.27,0.5,17.49,0.038,12.2,158.9,0.9909,3.45,0.54,11.41,6
4666,White,7.19,0.4,0.19,3.56,0.066,18.2,98.7,0.9946,3.34,0.34,11.5,5
4667,White,5.97,0.22,0.29,1.02,0.03,35.6,160.9,0.9941,3.15,0.48,10.61,6
4668,White,6.94,0.29,0.25,0.6,0.057,63.0,38.4,1.0027,3.13,0.38,11.15,7
4669,White,7.01,0.29,0.28,1.14,0.035,48.0,186.8,0.9917,3.22,0.36,11.16,5
4670,White,7.25,0.16,0.55,4.39,0.064,15.4,131.5,0.9957,3.27,0.56,11.65,6
4671,White,7.91,0.33,0.38,7.81,0.042,5.6,139.3,0.996,3.26,0.6,10.48,5
4672,White,6.25,0.3,0.33,0.96,0.046,32.5,190.6,0.9925,3.19,0.59,11.76,5
4673,White,7.27,0.2,0.41,8.36,0.083,29.9,79.0,0.9908,3.28,0.3,11.48,7
4674,White,5.05,0.23,0.39,0.88,0.04,45.3,158.6,0.9944,3.25,0.54,12.05,6
4675,White,6.51,0.36,0.48,5.3,0.077,25.5,155.9,0.9934,3.2,0.46,10.17,6
4676,White,7.34,0.08,0.4,7.45,0.064,37.2,103.4,0.9928,3.26,0.41,11.03,6
4677,White,6.37,0.23,0.33,4.52,0.063,26.7,179.4,0.9991,2.98,0.56,11.44,5
4678,White,6.71,0.3,0.39,9.61,0.033,22.0,180.0,0.9965,3.18,0.43,9.71,6
4679,White,7.36,0.31,0.12,2.37,0.036,48.0,149.4,0.9995,3.24,0.42,10.23,5
4680,White,7.35,0.08,0.41,12.36,0.044,38.1,137.9,0.992,3.18,0.27,11.21,7
4681,White,7.96,0.3,0.31,6.19,0.037,10.2,124.8,0.9955,3.04,0.48,11.48,6
4682,White,8.38,0.14,0.4,1.79,0.058,67.0,149.5,0.9919,3.13,0.42,11.09,6
4683,White,6.8,0.27,0.24,0.6,0.073,45.0,187.9,0.9949,3.19,0.58,10.81,6
4684,White,7.42,0.38,0.46,4.34,0.036,33.5,127.2,0.9958,3.09,0.55,11.77,5
4685,White,6.7,0.28,0.31,3.27,0.04,29.6,67.6,0.9946,2.9,0.56,12.2,6
4686,White,5.87,0.33,0.22,2.32,0.035,37.9,110.3,0.9908,3.33,0.73,10.46,6
4687,White,6.25,0.3,0.3,10.76,0.051,44.8,78.3,0.9949,3.39,0.54,9.81,5
4688,White,7.43,0.42,0.27,11.3,0.075,40.9,93.1,0.995,3.14,0.57,11.58,6
4689,White,5.76,0.28,0.3,8.92,0.058,61.2,62.4,0.9927,3.29,0.27,10.32,6
4690,White,8.06,0.32,0.26,0.6,0.064,68.2,156.3,1.0003,3.18,0.32,10.95,6
4691,White,7.01,0.25,0.47,2.81,0.06,63.0,115.9,0.9938,2.95,0.42,12.37,8
4692,White,7.53,0.3,0.23,0.6,0.068,16.6,108.5,0.9892,3.44,0.53,10.94,5
4693,White,5.43,0.35,0.3,3.69,0.042,30.3,154.9,0.9899,3.14,0.36,10.51,6
4694,White,7.51,0.45,0.14,7.63,0.03,22.0,190.7,0.9974,3.23,0.64,12.62,6
4695,White,7.22,0.08,0.27,9.96,0.065,14.8,138.0,0.9905,2.8,0.51,10.26,6
4696,White,5.65,0.3,0.34,11.95,0.009,27.2,55.8,0.9943,3.43,0.62,10.59,6
4697,White,6.44,0.16,0.42,2.45,0.039,13.8,75.1,0.9925,3.2,0.42,11.26,5
4698,White,7.62,0.11,0.45,6.95,0.031,22.7,195.5,0.9928,3.3,0.41,11.15,5
4699,White,8.2,0.19,0.42,8.82,0.028,52.6,108.5,0.9908,3.21,0.41,10.2,5
4700,White,7.99,0.3,0.11,11.95,0.025,54.3,207.0,0.9905,3.17,0.37,11.27,6
4701,White,8.15,0.17,0.31,0.6,0.051,52.0,182.0,0.9908,3.0,0.64,11.15,6
4702,White,6.68,0.45,0.3,10.5,0.03,22.8,125.6,0.9919,3.39,0.57,10.56,7
4703,White,5.15,0.32,0.35,9.75,0.012,35.7,106.2,0.9988,3.05,0.37,10.3,4
4704,White,7.08,0.33,0.33,4.62,0.052,16.0,54.8,0.9918,3.25,0.35,9.73,6
4705,White,7.11,0.2,0.66,11.9,0.014,21.4,97.2,0.9933,3.13,0.45,9.9,6
4706,White,7.62,0.28,0.47,0.6,0.06,27.2,109.7,0.9889,3.09,0.5,10.4,6
4707,White,6.3,0.24,0.13,7.67,0.009,34.6,150.6,0.9905,3.1,0.59,10.48,6
4708,White,9.14,0.38,0.43,14.89,0.041,47.1,160.9,0.9946,3.07,0.47,11.85,5
4709,White,6.54,0.34,0.21,9.24,0.071,22.0,136.1,0.9904,3.43,0.59,12.85,8
4710,White,7.43,0.33,0.11,8.28,0.058,51.1,188.5,0.9971,3.28,0.58,11.92,6
4711,White,6.38,0.19,0.54,6.74,0.061,2.0,108.8,1.0009,3.27,0.47,10.27,5
4712,White,5.26,0.31,0.35,4.86,0.055,31.8,91.1,0.996,3.14,0.33,10.06,5
4713,White,6.81,0.36,0.28,7.13,0.065,32.2,193.8,0.9929,3.08,0.77,10.35,6
4714,White,6.49,0.29,0.39,1.47,0.058,10.5,113.5,0.9966,3.36,0.42,10.52,7
4715,White,6.47,0.27,0.32,4.0,0.036,31.3,169.4,0.992,3.02,0.58,10.22,5
4716,White,6.85,0.28,0.13,6.39,0.017,39.5,73.9,0.9943,3.18,0.59,12.57,6
4717,White,6.45,0.34,0.18,16.37,0.048,64.4,192.5,0.9958,3.39,0.34,10.28,7
4718,White,7.05,0.32,0.4,12.06,0.038,49.0,86.3,0.9927,3.22,0.38,9.65,6
4719,White,5.13,0.51,0.36,0.6,0.066,18.4,86.7,0.9906,3.17,0.69,11.0,5
4720,White,8.83,0.32,0.32,15.5,0.037,28.7,95.2,0.9914,3.24,0.5,11.96,6
4721,White,5.55,0.34,0.39,7.91,0.053,47.3,179.4,0.9902,2.99,0.73,12.09,7
4722,White,7.68,0.4,0.32,2.35,0.034,38.9,144.9,0.9878,3.17,0.61,11.29,7
4723,White,6.9,0.13,0.49,7.66,0.058,19.8,130.0,0.9976,3.31,0.52,11.25,6
4724,White,6.9,0.26,0.09,0.6,0.014,36.7,104.2,0.995,3.01,0.58,10.37,6
4725,White,6.43,0.19,0.3,4.91,0.009,18.7,206.1,0.9975,3.09,0.57,12.85,8
4726,White,6.45,0.37,0.32,8.42,0.021,69.1,125.8,0.9954,3.07,0.29,11.96,7
4727,White,7.41,0.31,0.58,5.65,0.04,44.1,300.7,0.9908,3.12,0.49,10.79,7
4728,White,5.57,0.35,0.44,2.94,0.043,30.7,61.1,0.9928,3.34,0.55,11.01,6
4729,White,7.47,0.26,0.47,9.28,0.047,9.9,58.9,0.991,3.18,0.48,11.2,7
4730,White,6.16,0.33,0.2,9.01,0.048,20.5,150.6,0.9966,3.21,0.36,11.62,5
4731,White,6.69,0.25,0.3,6.44,0.065,42.1,203.9,0.9912,2.93,0.35,12.12,7
4732,White,7.62,0.26,0.26,6.92,0.059,78.4,150.5,0.9937,3.29,0.5,11.86,6
4733,White,6.2,0.24,0.29,8.29,0.058,56.2,150.2,0.9985,3.28,0.49,11.22,6
4734,White,6.58,0.39,0.41,7.56,0.049,48.6,179.5,1.0001,2.85,0.5,10.77,5
4735,White,6.54,0.37,0.31,13.95,0.056,41.3,166.1,0.9954,3.4,0.31,10.88,6
4736,White,6.06,0.5,0.41,7.17,0.07,20.1,148.2,0.9881,3.47,0.42,12.19,5
4737,White,8.83,0.26,0.35,9.85,0.025,32.7,159.8,0.9941,3.31,0.46,11.61,6
4738,White,8.33,0.22,0.29,2.6,0.019,29.2,127.2,0.9888,3.1,0.67,12.02,7
4739,White,6.53,0.32,0.46,10.67,0.086,44.1,191.9,0.9952,3.13,0.43,11.7,7
4740,White,6.5,0.31,0.4,13.73,0.044,47.8,95.1,0.9887,3.45,0.61,11.05,6
4741,White,7.04,0.29,0.47,0.6,0.034,56.1,187.3,0.9942,3.34,0.5,10.4,5
4742,White,7.38,0.36,0.3,5.04,0.046,39.8,221.9,0.9938,3.13,0.45,11.72,6
4743,White,7.55,0.2,0.31,14.38,0.069,40.8,148.7,0.992,3.09,0.46,12.7,7
4744,White,6.08,0.35,0.49,16.19,0.035,33.8,140.5,0.9896,3.0,0.22,10.69,6
4745,White,6.46,0.18,0.25,7.99,0.045,75.9,111.1,0.9934,3.27,0.38,10.76,7
4746,White,6.34,0.36,0.32,6.77,0.069,35.3,159.1,0.9908,3.53,0.61,10.18,5
4747,White,6.24,0.18,0.39,5.42,0.052,14.1,135.3,0.9944,3.32,0.48,10.92,5
4748,White,6.06,0.08,0.42,7.96,0.037,14.3,158.9,0.9925,3.25,0.47,10.36,5
4749,White,7.82,0.28,0.31,3.33,0.047,25.2,121.8,0.9953,3.0,0.57,11.99,5
4750,White,6.04,0.23,0.21,0.6,0.053,7.0,172.8,0.9958,3.03,0.47,11.29,6
4751,White,6.33,0.25,0.25,10.79,0.009,30.0,123.2,0.994,3.18,0.44,11.37,5
4752,White,7.37,0.34,0.38,8.21,0.028,46.8,131.0,0.9944,3.58,0.32,11.55,6
4753,White,7.69,0.22,0.43,4.07,0.044,41.8,121.3,0.997,3.04,0.41,12.34,6
4754,White,4.72,0.45,0.51,6.64,0.069,37.1,160.1,0.995,3.23,0.38,10.29,5
4755,White,7.93,0.32,0.25,0.6,0.06,31.6,146.2,0.9958,3.19,0.42,10.03,6
4756,White,7.23,0.08,0.15,5.55,0.064,28.6,132.4,0.993,3.14,0.43,12.51,8
4757,White,7.25,0.38,0.41,13.12,0.036,47.6,109.5,0.9905,3.22,0.55,10.75,5
4758,White,6.66,0.25,0.38,12.34,0.034,16.1,157.8,0.9928,3.27,0.65,11.66,5
4759,White,6.06,0.28,0.51,7.78,0.05,9.4,99.2,0.9919,3.18,0.59,9.81,5
4760,White,8.12,0.33,0.25,14.38,0.077,20.8,165.7,0.9926,3.09,0.41,10.67,7
4761,White,7.72,0.35,0.34,6.6,0.067,9.3,168.8,0.9921,3.33,0.48,8.84,5
4762,White,7.79,0.27,0.32,4.33,0.043,56.9,150.0,0.9908,3.18,0.48,9.65,5
4763,White,6.29,0.21,0.07,5.1,0.089,10.8,109.9,0.9926,3.17,0.5,13.44,7
4764,White,5.47,0.29,0.44,6.14,0.052,46.9,162.1,0.9929,3.0,0.33,11.75,6
4765,White,7.63,0.33,0.15,1.86,0.059,28.7,192.4,0.9932,3.15,0.48,10.19,5
4766,White,6.77,0.33,0.26,6.21,0.021,51.1,123.3,0.9967,3.33,0.49,10.69,7
4767,White,7.83,0.15,0.31,9.47,0.033,47.3,100.2,0.9939,3.07,0.5,12.3,6
4768,White,8.81,0.39,0.26,11.34,0.061,39.1,104.1,0.9964,3.66,0.38,11.47,7
4769,White,7.69,0.21,0.45,3.85,0.031,15.2,91.5,0.9969,3.11,0.4,11.96,6
4770,White,6.57,0.39,0.44,5.99,0.054,46.0,110.2,0.9958,3.28,0.55,12.32,7
4771,White,8.58,0.31,0.4,9.25,0.101,56.9,107.0,0.9971,3.1,0.47,11.67,7
4772,White,6.46,0.38,0.15,13.6,0.097,28.5,111.4,0.9964,2.96,0.6,9.57,7
4773,White,6.72,0.21,0.33,8.26,0.071,34.6,169.3,0.9934,3.01,0.55,12.01,6
4774,White,6.15,0.31,0.36,12.3,0.038,41.4,164.2,0.9937,3.15,0.49,12.07,7
4775,White,6.51,0.3,0.25,9.0,0.025,18.4,188.5,0.9887,3.13,0.33,11.48,5
4776,White,6.68,0.25,0.19,7.87,0.056,56.4,177.5,0.9968,3.31,0.45,10.0,6
4777,White,7.33,0.24,0.23,5.85,0.062,28.6,151.4,0.9922,3.41,0.38,10.61,6
4778,White,6.7,0.21,0.21,9.64,0.051,43.5,230.1,0.9939,2.74,0.45,11.89,4
4779,White,6.62,0.35,0.36,4.43,0.057,39.0,140.8,0.9925,3.19,0.55,11.22,6
4780,White,6.48,0.32,0.38,6.04,0.023,17.5,127.3,0.9969,3.12,0.48,11.42,6
4781,White,6.87,0.22,0.44,6.82,0.04,30.7,75.7,0.9991,3.09,0.48,10.65,6
4782,White,7.81,0.47,0.34,0.69,0.052,34.8,173.3,0.9997,3.54,0.35,10.62,4
4783,White,7.33,0.24,0.36,6.11,0.029,2.0,120.6,0.995,3.25,0.35,11.84,6
4784,White,7.36,0.3,0.3,7.21,0.035,28.2,149.4,0.9993,3.05,0.61,11.35,6
4785,White,6.01,0.38,0.22,0.6,0.07,49.4,121.6,0.9885,3.34,0.47,11.99,6
4786,White,7.52,0.22,0.15,18.56,0.072,56.2,188.1,0.9941,3.1,0.62,10.37,6
4787,White,7.2,0.3,0.21,4.96,0.036,23.9,83.2,0.9959,2.91,0.66,12.57,5
4788,White,5.96,0.19,0.49,7.19,0.041,43.1,206.8,0.9924,3.18,0.56,10.42,6
4789,White,8.1,0.23,0.49,6.91,0.08,35.6,206.5,0.9962,3.4,0.51,10.48,6
4790,White,5.31,0.33,0.45,4.21,0.048,17.2,140.9,0.9898,3.11,0.32,9.87,6
4791,White,6.81,0.22,0.33,11.12,0.02,51.8,142.0,0.9909,2.95,0.57,10.94,5
4792,White,6.92,0.22,0.25,14.19,0.051,38.0,109.1,0.9904,3.17,0.62,10.16,6
4793,White,6.83,0.22,0.37,5.56,0.036,54.6,128.1,0.9953,3.33,0.62,10.53,6
4794,White,7.78,0.22,0.23,4.33,0.014,59.3,181.7,0.9962,2.96,0.75,11.57,6
4795,White,7.66,0.39,0.26,7.43,0.019,27.7,105.5,0.9982,3.33,0.35,11.27,5
4796,White,7.93,0.24,0.33,10.08,0.016,82.2,218.2,0.9911,3.47,0.5,8.3,5
4797,White,6.76,0.24,0.38,0.6,0.027,44.1,62.5,0.9922,3.17,0.47,11.54,6
4798,White,6.73,0.25,0.23,8.09,0.05,44.6,106.1,0.9915,3.23,0.41,12.97,8
4799,White,5.66,0.2,0.14,6.38,0.052,15.8,142.8,0.9932,3.28,0.76,11.41,6
4800,White,6.95,0.12,0.32,0.96,0.046,41.8,139.7,0.9918,3.18,0.61,11.36,4
4801,White,6.98,0.18,0.39,12.32,0.046,37.6,109.5,0.9899,3.28,0.55,10.3,6
4802,White,7.13,0.3,0.11,10.42,0.035,22.5,95.7,0.9924,3.25,0.53,11.05,8
4803,White,6.95,0.26,0.28,4.77,0.043,36.5,202.9,0.9902,3.13,0.68,8.52,5
4804,White,8.52,0.42,0.34,0.6,0.047,34.9,154.3,0.9927,3.33,0.52,11.91,7
4805,White,7.37,0.41,0.22,2.18,0.028,35.8,79.1,0.9911,3.34,0.64,10.95,6
4806,White,5.9,0.38,0.29,12.94,0.03,24.3,163.3,0.992,3.18,0.39,10.86,6
4807,White,6.35,0.33,0.24,10.83,0.009,45.9,125.6,1.0012,3.32,0.55,11.92,6
4808,White,6.69,0.32,0.25,10.21,0.029,18.5,158.4,0.9975,3.31,0.5,10.79,7
4809,White,6.16,0.45,0.35,1.65,0.053,54.8,205.7,0.993,3.17,0.63,10.74,6
4810,White,6.82,0.22,0.55,0.99,0.037,20.7,140.0,0.9969,3.21,0.47,11.53,6
4811,White,5.68,0.27,0.3,7.96,0.046,16.6,152.1,0.9927,3.42,0.53,12.01,6
4812,White,6.91,0.28,0.31,0.6,0.047,50.4,131.9,0.9966,3.37,0.37,10.89,6
4813,White,7.8,0.36,0.31,8.7,0.02,27.2,174.9,0.999,3.26,0.47,9.98,6
4814,White,7.31,0.27,0.33,4.37,0.056,59.4,134.6,0.9965,3.2,0.41,12.82,7
4815,White,5.09,0.23,0.38,5.87,0.071,15.3,123.7,0.9951,3.13,0.52,10.75,7
4816,White,6.76,0.45,0.35,1.93,0.048,55.3,128.4,0.9934,3.17,0.65,12.8,7
4817,White,7.34,0.33,0.2,1.86,0.033,69.6,98.4,0.9932,3.28,0.39,11.49,5
4818,White,6.65,0.21,0.45,13.17,0.052,22.5,94.7,0.9941,3.22,0.46,11.27,7
4819,White,8.19,0.43,0.28,2.48,0.057,36.8,162.5,0.997,3.17,0.51,10.4,6
4820,White,5.74,0.08,0.35,13.67,0.03,34.7,172.6,0.99,3.24,0.26,12.57,6
4821,White,5.8,0.23,0.44,8.97,0.016,15.1,102.2,0.9996,3.46,0.51,11.69,8
4822,White,6.42,0.39,0.23,15.5,0.079,34.9,147.8,0.9963,3.01,0.52,9.19,4
4823,White,6.44,0.21,0.13,6.47,0.033,52.4,147.6,0.9954,3.03,0.57,12.38,8
4824,White,7.03,0.3,0.37,7.0,0.057,31.5,120.0,0.9918,3.22,0.37,12.0,7
4825,White,7.22,0.36,0.25,0.6,0.061,45.7,160.9,0.9898,3.26,0.6,10.62,6
4826,White,5.18,0.32,0.08,6.72,0.043,22.1,199.8,0.993,3.06,0.46,9.47,5
4827,White,9.21,0.37,0.17,5.71,0.065,31.4,157.4,0.9904,3.1,0.51,12.19,6
4828,White,6.25,0.28,0.31,4.75,0.036,45.2,158.8,0.9893,3.3,0.46,12.75,6
4829,White,6.84,0.13,0.38,12.3,0.079,59.6,193.5,0.9924,3.08,0.55,12.38,5
4830,White,6.29,0.34,0.2,1.36,0.033,30.0,167.4,0.991,3.02,0.5,10.43,5
4831,White,6.76,0.1,0.28,11.36,0.017,32.3,187.0,0.9952,3.16,0.56,9.64,6
4832,White,8.01,0.26,0.23,4.12,0.026,29.9,190.5,0.994,3.35,0.47,11.52,6
4833,White,5.52,0.33,0.36,18.36,0.093,41.0,86.7,0.9914,3.28,0.62,11.26,7
4834,White,6.99,0.3,0.27,0.6,0.029,42.4,99.1,0.9929,2.99,0.35,11.48,6
4835,White,6.47,0.17,0.5,11.37,0.06,63.1,181.8,0.9979,3.26,0.5,11.86,6
4836,White,6.71,0.2,0.1,9.95,0.009,8.5,164.1,0.9978,3.07,0.32,13.68,8
4837,White,6.59,0.35,0.25,0.6,0.033,37.2,72.2,0.9913,3.15,0.46,12.38,7
4838,White,7.06,0.3,0.38,3.12,0.011,32.2,96.6,0.9938,3.17,0.34,11.16,5
4839,White,8.09,0.31,0.3,2.96,0.053,12.6,135.1,0.9947,2.97,0.53,11.3,6
4840,White,7.14,0.08,0.25,6.11,0.034,43.1,144.9,0.9913,3.07,0.64,10.84,6
4841,White,7.7,0.27,0.33,0.6,0.038,74.9,195.0,0.9927,3.03,0.45,11.81,5
4842,White,7.43,0.4,0.11,8.63,0.024,45.0,191.5,0.9956,3.17,0.7,11.99,5
4843,White,7.0,0.43,0.16,0.6,0.018,27.3,87.2,0.9963,3.2,0.35,11.24,5
4844,White,6.49,0.32,0.44,5.97,0.013,35.8,147.9,0.9938,3.15,0.56,11.4,7
4845,White,8.2,0.36,0.5,12.44,0.067,18.3,195.7,0.9934,2.98,0.44,9.7,5
4846,White,7.15,0.21,0.48,0.98,0.066,58.5,140.0,0.9937,3.2,0.22,11.7,6
4847,White,6.26,0.26,0.51,0.6,0.061,35.2,180.5,0.9918,3.03,0.52,12.48,5
4848,White,6.48,0.5,0.45,0.6,0.04,45.6,131.5,0.9939,3.1,0.46,10.26,6
4849,White,6.63,0.25,0.48,0.72,0.041,51.0,179.5,0.9911,3.42,0.35,10.12,6
4850,White,7.1,0.47,0.3,21.32,0.05,51.4,170.8,0.9945,3.18,0.36,11.44,7
4851,White,7.71,0.3,0.27,9.22,0.053,2.0,92.9,0.996,3.07,0.49,9.58,5
4852,White,7.41,0.5,0.49,12.96,0.071,52.9,97.3,0.9947,3.3,0.61,12.3,6
4853,White,6.34,0.21,0.28,19.95,0.071,15.5,173.3,0.9965,3.42,0.56,11.93,6
4854,White,7.6,0.22,0.13,10.38,0.087,13.8,163.2,0.9932,3.47,0.36,10.26,5
4855,White,7.52,0.28,0.6,11.15,0.013,41.4,127.1,0.9969,3.3,0.67,10.24,6
4856,White,7.53,0.11,0.29,12.68,0.072,12.3,143.7,0.9994,3.23,0.6,10.44,5
4857,White,5.87,0.14,0.18,0.6,0.066,22.3,84.1,0.986,2.97,0.56,11.19,6
4858,White,7.64,0.32,0.3,0.6,0.034,47.9,179.1,0.9945,3.15,0.6,11.11,7
4859,White,5.27,0.19,0.4,5.17,0.059,24.6,131.5,0.9912,3.28,0.66,9.49,3
4860,White,5.27,0.39,0.16,9.69,0.036,46.1,167.2,0.9914,3.33,0.37,9.93,6
4861,White,6.18,0.39,0.14,7.97,0.03,39.2,125.3,1.0007,3.24,0.52,10.61,5
4862,White,7.1,0.32,0.3,0.6,0.08,25.4,135.9,0.9952,3.21,0.47,14.2,8
4863,White,6.57,0.27,0.38,0.6,0.066,24.4,166.3,0.995,3.14,0.34,10.36,6
4864,White,6.81,0.31,0.35,7.35,0.07,54.4,146.6,0.998,3.32,0.48,11.82,5
4865,White,6.73,0.25,0.44,9.71,0.023,68.1,151.6,0.9931,3.11,0.37,10.8,6
4866,White,6.67,0.18,0.25,5.66,0.011,20.8,166.5,0.9998,3.46,0.42,12.58,7
4867,White,7.16,0.31,0.3,10.82,0.028,49.1,130.5,0.9899,3.29,0.53,11.6,5
4868,White,7.16,0.43,0.35,0.6,0.056,4.8,133.9,0.9898,3.01,0.62,11.34,5
4869,White,6.59,0.23,0.37,13.07,0.015,69.5,206.5,0.9993,3.08,0.58,11.07,6
4870,White,6.75,0.29,0.35,13.78,0.033,42.6,83.2,0.9957,2.99,0.53,10.57,5
4871,White,6.97,0.3,0.25,0.6,0.084,29.0,122.1,0.9956,3.31,0.35,10.04,5
4872,White,7.39,0.08,0.29,12.87,0.018,14.4,140.0,0.9928,3.29,0.55,9.78,4
4873,White,7.13,0.16,0.39,5.33,0.047,26.4,154.3,0.9829,2.84,0.45,10.08,6
4874,White,7.94,0.36,0.38,1.08,0.065,28.0,160.1,0.9939,3.15,0.49,10.91,7
4875,White,6.7,0.2,0.46,3.26,0.067,7.9,148.6,0.9954,3.16,0.42,10.65,6
4876,White,5.95,0.24,0.43,0.6,0.046,57.3,150.2,1.002,3.04,0.5,10.58,6
4877,White,7.17,0.23,0.4,5.18,0.054,38.0,116.3,0.9906,3.33,0.34,10.72,5
4878,White,6.58,0.17,0.08,9.06,0.09,53.8,124.8,0.992,3.18,0.49,12.63,7
4879,White,6.99,0.21,0.5,9.51,0.036,9.4,142.4,1.0006,3.08,0.52,11.49,6
4880,White,6.26,0.18,0.49,7.4,0.078,53.2,167.4,0.9947,3.16,0.53,10.98,5
4881,White,6.36,0.31,0.4,11.44,0.072,33.7,166.8,0.9929,3.3,0.56,10.01,6
4882,White,8.08,0.35,0.48,6.23,0.076,38.1,60.4,0.9961,3.24,0.46,10.38,6
4883,White,5.82,0.41,0.37,3.27,0.063,58.2,157.5,0.988,3.15,0.43,10.35,4
4884,White,5.66,0.27,0.41,2.41,0.066,6.3,124.1,0.9917,3.13,0.58,10.81,6
4885,White,6.3,0.2,0.27,6.3,0.086,36.4,169.6,0.994,3.08,0.48,10.62,6
4886,White,7.22,0.31,0.5,3.53,0.071,33.2,153.2,0.9945,3.33,0.22,9.87,7
4887,White,5.31,0.1,0.14,3.26,0.044,61.4,126.1,0.9888,3.04,0.65,11.26,6
4888,White,6.81,0.11,0.48,0.6,0.015,22.4,158.8,0.9923,3.02,0.52,10.81,6
4889,White,4.91,0.33,0.42,10.26,0.042,20.2,132.5,0.9904,3.16,0.45,12.65,7
4890,White,7.94,0.26,0.16,14.95,0.063,31.4,149.3,0.989,3.11,0.49,11.39,7
4891,White,8.32,0.2,0.5,12.03,0.017,47.9,148.4,0.9948,3.43,0.45,10.02,6
4892,White,6.9,0.33,0.39,4.59,0.08,31.0,180.3,0.9881,3.27,0.4,11.9,7
4893,White,7.2,0.39,0.12,2.84,0.017,49.2,143.3,0.993,3.32,0.62,10.07,5
4894,White,6.49,0.33,0.31,12.64,0.045,19.1,156.4,0.9957,3.16,0.55,11.52,6
4895,White,8.05,0.19,0.36,14.11,0.039,6.3,159.7,0.9922,3.47,0.32,12.12,6
4896,White,8.6,0.35,0.19,2.13,0.066,22.6,188.2,0.9952,3.04,0.58,11.9,5
4897,White,6.73,0.36,0.4,2.82,0.027,39.0,138.0,0.9946,3.26,0.61,9.94,4
4898,White,6.96,0.28,0.66,4.44,0.044,25.3,146.3,0.9896,3.22,0.57,10.54,5
4899,White,7.28,0.24,0.37,12.96,0.052,60.9,117.5,0.9991,3.08,0.49,11.36,6
4900,White,7.27,0.13,0.16,0.6,0.023,81.0,88.1,0.9952,3.13,0.46,10.35,5
4901,White,6.57,0.22,0.24,6.74,0.085,35.3,95.7,0.995,3.23,0.67,10.85,5
4902,White,5.84,0.19,0.28,7.5,0.082,44.0,200.8,0.9945,3.1,0.52,12.51,6
4903,White,7.04,0.25,0.34,5.73,0.087,12.4,151.3,0.9898,3.17,0.42,12.32,5
4904,White,5.99,0.4,0.51,10.87,0.046,38.2,83.9,0.9968,3.16,0.67,11.27,7
4905,White,6.33,0.31,0.29,0.6,0.022,57.2,125.0,0.9887,3.04,0.48,11.41,6
4906,White,6.55,0.15,0.22,15.31,0.028,36.2,151.1,0.9972,3.26,0.68,10.45,5
4907,White,6.15,0.15,0.29,4.38,0.022,56.0,91.3,0.9942,3.17,0.65,10.48,5
4908,White,6.16,0.46,0.37,11.3,0.079,29.1,140.1,0.9961,3.34,0.48,9.3,4
4909,White,6.07,0.2,0.33,5.17,0.056,41.3,155.4,0.9918,3.02,0.49,11.91,7
4910,White,6.99,0.19,0.23,14.25,0.064,44.9,202.3,0.992,3.22,0.5,8.89,5
4911,White,7.33,0.29,0.51,1.89,0.055,37.1,137.1,1.002,3.18,0.42,10.73,6
4912,White,5.48,0.23,0.29,10.33,0.037,47.4,178.1,0.9906,3.36,0.52,10.44,4
4913,White,6.37,0.25,0.42,9.36,0.027,75.4,163.2,0.9935,3.25,0.44,10.04,5
4914,White,7.95,0.31,0.45,2.71,0.054,29.8,121.4,0.9946,3.24,0.63,9.96,6
4915,White,6.59,0.25,0.29,10.71,0.036,50.5,70.3,0.9941,3.09,0.4,13.14,7
4916,White,7.4,0.23,0.23,1.57,0.027,60.0,78.8,0.9927,3.28,0.57,11.13,6
4917,White,6.65,0.42,0.46,20.17,0.045,14.8,89.2,0.9954,3.13,0.56,12.47,5
4918,White,6.94,0.29,0.25,9.59,0.035,41.0,216.2,0.9946,3.38,0.37,11.25,5
4919,White,5.15,0.29,0.35,4.84,0.058,28.9,183.7,0.9899,3.4,0.55,11.75,6
4920,White,7.77,0.46,0.34,0.6,0.041,56.6,121.2,0.9912,2.96,0.63,9.71,6
4921,White,7.94,0.24,0.38,4.13,0.04,46.3,113.0,0.9929,3.11,0.59,11.79,7
4922,White,8.05,0.43,0.03,9.35,0.051,23.8,98.6,0.9925,3.18,0.51,11.34,6
4923,White,6.86,0.08,0.28,2.42,0.053,56.9,231.0,0.9964,3.11,0.53,11.67,5
4924,White,7.55,0.12,0.37,10.13,0.044,9.4,116.8,0.996,3.18,0.48,11.98,7
4925,White,7.44,0.14,0.44,12.25,0.057,2.0,135.7,1.0027,3.4,0.5,10.17,5
4926,White,5.78,0.25,0.32,1.73,0.075,51.6,91.2,1.0016,3.56,0.39,11.48,6
4927,White,7.03,0.4,0.18,6.51,0.025,67.4,187.6,1.002,3.17,0.59,11.31,7
4928,White,8.12,0.2,0.2,2.52,0.046,2.0,108.4,0.9922,3.18,0.34,9.22,5
4929,White,5.4,0.38,0.44,0.6,0.013,75.1,116.4,0.9921,2.96,0.65,10.04,6
4930,White,7.07,0.2,0.35,6.03,0.076,36.6,146.0,0.9918,3.33,0.45,10.9,5
4931,White,7.54,0.18,0.31,7.17,0.017,44.5,158.7,0.9961,3.15,0.4,12.09,7
4932,White,6.69,0.33,0.31,0.6,0.047,65.0,156.9,0.9928,3.11,0.53,11.66,7
4933,White,6.0,0.31,0.58,13.17,0.074,51.3,306.6,0.9935,3.18,0.58,11.05,5
4934,White,6.51,0.19,0.58,7.51,0.038,38.3,146.6,0.99,3.2,0.54,12.54,7
4935,White,6.96,0.27,0.21,11.62,0.009,28.2,193.7,0.998,3.21,0.5,10.74,5
4936,White,6.68,0.41,0.29,10.42,0.059,25.8,200.5,0.9926,3.2,0.66,11.34,5
4937,White,6.38,0.28,0.28,9.22,0.062,2.0,111.5,0.9946,2.88,0.56,11.14,6
4938,White,6.75,0.28,0.29,10.06,0.028,57.6,136.6,0.9932,3.07,0.52,11.83,6
4939,White,7.39,0.31,0.44,10.29,0.062,24.7,201.7,0.9966,3.03,0.36,10.55,6
4940,White,7.34,0.35,0.39,11.02,0.023,34.7,78.8,0.9901,3.18,0.38,10.92,7
4941,White,6.97,0.4,0.28,11.88,0.015,26.8,115.5,0.9971,3.13,0.52,9.67,5
4942,White,6.81,0.23,0.24,3.11,0.009,23.3,127.8,0.9963,3.33,0.41,12.16,7
4943,White,6.53,0.16,0.3,9.83,0.041,56.8,142.7,0.9951,3.22,0.39,11.13,5
4944,White,7.35,0.49,0.14,6.73,0.039,32.6,164.3,0.9926,3.1,0.55,11.46,6
4945,White,8.08,0.34,0.42,9.99,0.058,44.9,168.3,0.9984,3.23,0.47,11.89,5
4946,White,6.77,0.36,0.26,8.89,0.055,38.6,140.6,0.9908,3.01,0.29,10.32,5
4947,White,7.24,0.25,0.51,11.62,0.058,32.8,130.7,0.9935,3.27,0.57,11.31,5
4948,White,7.02,0.28,0.43,2.34,0.009,35.9,139.6,0.9927,3.02,0.46,10.93,5
4949,White,7.42,0.12,0.29,5.14,0.051,42.7,183.1,0.9967,2.85,0.69,10.33,6
4950,White,6.28,0.34,0.39,9.14,0.073,11.9,48.6,0.9922,3.42,0.49,11.51,6
4951,White,7.24,0.22,0.35,4.42,0.069,52.7,148.8,0.9957,3.2,0.47,11.48,5
4952,White,7.53,0.43,0.36,1.51,0.022,74.0,120.1,0.9948,3.16,0.29,11.11,7
4953,White,7.04,0.26,0.33,1.7,0.03,44.8,154.5,0.9955,3.17,0.44,9.95,3
4954,White,7.72,0.17,0.03,9.82,0.077,32.7,152.2,0.998,3.29,0.44,10.59,5
4955,White,7.75,0.27,0.34,12.95,0.045,37.1,85.9,0.9889,3.07,0.51,12.69,6
4956,White,5.75,0.08,0.38,14.14,0.036,34.9,84.1,0.9957,3.33,0.56,10.79,5
4957,White,6.5,0.19,0.37,10.81,0.062,29.3,78.9,0.9903,2.99,0.51,12.85,6
4958,White,6.06,0.33,0.37,2.84,0.033,22.0,154.0,0.9948,3.06,0.56,10.64,5
4959,White,6.45,0.08,0.27,0.6,0.076,42.6,104.8,0.9951,3.35,0.37,12.02,6
4960,White,6.74,0.12,0.4,9.27,0.112,35.5,122.2,0.9921,2.95,0.48,10.92,6
4961,White,5.97,0.51,0.49,0.6,0.027,7.8,145.6,0.9991,3.36,0.45,10.57,4
4962,White,8.23,0.31,0.35,13.72,0.015,43.5,71.5,0.9931,3.16,0.39,11.76,7
4963,White,7.66,0.35,0.41,0.6,0.061,61.3,120.7,0.9921,3.21,0.49,10.86,5
4964,White,6.9,0.27,0.48,6.92,0.031,49.1,131.9,0.9962,3.13,0.43,11.82,6
4965,White,7.99,0.17,0.36,5.25,0.021,61.2,220.3,0.9935,3.27,0.34,11.42,5
4966,White,7.0,0.34,0.1,6.33,0.028,16.4,78.0,0.9935,3.06,0.34,10.72,6
4967,White,6.77,0.17,0.33,10.46,0.022,14.8,173.8,0.9906,3.04,0.48,12.07,5
4968,White,8.14,0.37,0.29,2.35,0.038,31.5,181.3,0.9965,3.26,0.49,11.23,6
4969,White,6.34,0.33,0.48,11.62,0.045,20.3,216.8,0.9959,3.39,0.65,10.64,5
4970,White,8.26,0.08,0.55,7.44,0.068,28.2,192.0,0.9962,3.16,0.46,11.94,5
4971,White,6.75,0.21,0.27,4.04,0.059,50.6,161.3,0.9979,3.23,0.42,11.9,7
4972,White,7.42,0.17,0.29,16.52,0.038,47.4,118.6,0.9973,3.05,0.47,11.34,6
4973,White,7.51,0.34,0.31,15.34,0.014,54.9,156.9,0.9954,3.21,0.52,12.74,7
4974,White,7.24,0.22,0.11,12.94,0.05,21.6,134.9,0.9983,3.32,0.43,11.61,6
4975,White,5.89,0.28,0.2,7.7,0.026,69.2,129.7,0.9938,3.09,0.55,11.61,6
4976,White,8.02,0.27,0.18,4.38,0.051,24.1,159.2,0.9949,2.81,0.33,12.06,6
4977,White,6.88,0.37,0.26,0.6,0.044,8.3,93.8,0.9916,3.35,0.37,10.35,5
4978,White,6.2,0.28,0.29,1.39,0.093,25.2,85.5,0.9999,3.25,0.59,10.39,6
4979,White,5.91,0.47,0.52,3.44,0.03,6.2,207.5,0.9953,2.95,0.38,12.9,6
4980,White,7.66,0.17,0.36,6.17,0.04,39.7,178.9,0.9956,3.33,0.38,9.23,5
4981,White,8.95,0.28,0.48,2.63,0.035,51.3,122.4,0.9974,3.14,0.65,11.84,7
4982,White,6.11,0.28,0.36,0.6,0.067,30.7,117.8,0.9952,3.15,0.22,10.3,5
4983,White,8.53,0.2,0.32,2.96,0.034,52.0,149.2,0.9894,3.41,0.55,10.33,6
4984,White,7.55,0.17,0.39,8.31,0.062,23.1,137.1,0.9955,3.27,0.57,10.75,6
4985,White,6.33,0.28,0.4,7.93,0.013,43.1,81.9,0.9971,3.13,0.45,11.32,6
4986,White,8.08,0.18,0.4,3.09,0.09,24.6,135.3,0.9877,3.28,0.47,11.63,6
4987,White,6.87,0.33,0.49,4.57,0.06,28.4,165.5,0.9931,3.13,0.44,11.38,5
4988,White,6.51,0.33,0.21,3.43,0.064,50.4,137.3,0.9942,3.06,0.61,11.63,5
4989,White,7.81,0.15,0.24,13.4,0.084,11.5,109.4,0.9999,3.13,0.63,11.82,6
4990,White,6.45,0.41,0.25,3.31,0.021,23.6,156.1,0.9914,3.11,0.61,10.98,5
4991,White,7.48,0.34,0.27,16.45,0.043,36.4,164.5,0.9941,3.49,0.49,12.03,6
4992,White,7.06,0.28,0.3,11.12,0.048,36.3,120.2,0.9933,2.97,0.4,11.57,6
4993,White,6.31,0.22,0.29,4.46,0.052,59.3,161.7,0.9962,3.35,0.26,11.58,6
4994,White,6.36,0.42,0.34,6.51,0.05,55.3,76.4,0.9922,3.25,0.46,9.52,5
4995,White,4.63,0.33,0.13,0.6,0.053,29.5,119.7,0.9929,3.19,0.42,10.9,7
4996,White,6.62,0.28,0.33,10.01,0.064,24.3,112.0,0.9927,3.34,0.32,11.95,5
4997,White,6.72,0.32,0.37,6.02,0.056,23.0,200.0,0.9929,3.07,0.51,10.04,4
4998,White,6.46,0.34,0.06,10.38,0.033,66.4,58.4,0.9925,3.34,0.42,11.13,6
4999,White,7.55,0.23,0.25,1.96,0.077,61.1,124.3,0.9982,3.09,0.59,12.27,4
5000,White,6.12,0.27,0.4,15.15,0.009,40.5,177.1,0.995,3.45,0.39,12.19,5
5001,White,6.72,0.17,0.5,1.48,0.029,33.1,183.2,0.9885,3.15,0.41,11.0,6
5002,White,7.34,0.39,0.39,6.07,0.041,46.4,38.6,0.9947,3.46,0.59,10.58,6
5003,White,6.46,0.35,0.19,8.87,0.057,2.0,114.1,0.9916,3.27,0.4,10.73,5
5004,White,7.93,0.17,0.29,3.65,0.041,24.3,97.6,0.9963,3.37,0.55,10.36,5
5005,White,4.7,0.35,0.37,8.02,0.039,52.0,112.9,0.9894,3.26,0.55,11.26,7
5006,White,7.45,0.23,0.39,4.94,0.068,8.5,71.3,0.986,3.15,0.67,10.03,7
5007,White,6.16,0.3,0.39,8.7,0.035,8.9,133.6,0.9933,3.29,0.25,8.37,5
5008,White,6.18,0.42,0.23,1.86,0.073,19.5,86.8,0.9878,3.24,0.7,11.48,6
5009,White,6.57,0.37,0.42,3.96,0.052,30.8,195.5,0.994,3.42,0.42,10.27,6
5010,White,6.97,0.39,0.22,0.6,0.073,70.1,66.5,0.9918,3.16,0.48,11.52,5
5011,White,7.31,0.08,0.49,6.16,0.032,22.2,165.8,1.0004,3.1,0.54,10.73,6
5012,White,7.27,0.24,0.24,0.6,0.028,29.8,130.4,0.9958,2.94,0.42,10.69,5
5013,White,7.72,0.25,0.49,8.39,0.086,24.5,181.1,0.9947,3.22,0.33,11.78,6
5014,White,7.43,0.25,0.52,3.79,0.085,19.1,84.6,0.9949,3.49,0.5,11.14,5
5015,White,7.36,0.42,0.37,14.73,0.058,14.9,39.7,0.9894,3.41,0.5,8.81,4
5016,White,7.04,0.18,0.34,3.27,0.059,37.1,158.6,0.9948,2.96,0.53,11.81,6
5017,White,7.75,0.29,0.54,4.12,0.022,31.0,111.4,0.9927,2.9,0.51,10.56,6
5018,White,5.41,0.33,0.63,5.24,0.071,33.1,159.8,0.994,3.48,0.5,12.31,7
5019,White,6.61,0.24,0.44,4.77,0.061,60.3,126.4,0.9964,3.23,0.64,11.27,5
5020,White,6.51,0.23,0.64,8.89,0.049,69.0,131.5,0.9947,3.2,0.61,11.14,7
5021,White,6.67,0.29,0.1,4.55,0.065,22.8,184.6,0.9926,3.33,0.57,11.04,7
5022,White,7.6,0.08,0.38,4.09,0.03,29.1,121.9,0.9957,2.97,0.5,12.08,6
5023,White,7.06,0.39,0.11,1.87,0.036,2.0,140.5,0.9951,3.28,0.49,10.75,5
5024,White,7.81,0.19,0.33,12.71,0.059,42.1,194.6,0.996,3.3,0.6,12.02,6
5025,White,7.28,0.33,0.59,4.08,0.041,17.6,132.7,0.9939,3.43,0.48,10.76,8
5026,White,7.92,0.26,0.19,9.34,0.068,44.3,202.0,0.9892,2.87,0.48,11.92,7
5027,White,7.2,0.36,0.16,2.89,0.053,50.1,149.6,0.9919,3.15,0.45,10.42,6
5028,White,6.52,0.18,0.51,18.27,0.031,36.2,128.6,0.9927,3.1,0.53,11.35,7
5029,White,6.94,0.32,0.36,3.56,0.068,32.4,142.4,0.9967,3.07,0.45,9.19,5
5030,White,8.41,0.35,0.56,9.55,0.028,40.8,106.5,0.991,3.25,0.38,9.15,6
5031,White,5.69,0.28,0.22,0.6,0.062,10.1,100.0,0.9879,3.26,0.58,12.12,6
5032,White,6.92,0.47,0.21,14.57,0.02,48.0,167.3,0.9942,3.22,0.52,11.96,7
5033,White,6.77,0.43,0.31,12.6,0.034,24.1,86.2,0.9985,3.29,0.5,12.86,8
5034,White,8.07,0.28,0.45,8.26,0.063,13.4,107.4,1.0012,3.5,0.38,9.75,6
5035,White,6.08,0.23,0.36,8.52,0.018,35.0,190.9,0.9982,3.17,0.31,11.85,6
5036,White,5.98,0.18,0.38,11.69,0.016,8.6,124.6,0.9955,3.14,0.43,10.4,6
5037,White,6.57,0.36,0.36,1.8,0.034,42.2,170.4,0.9918,3.17,0.5,12.79,8
5038,White,5.12,0.38,0.48,9.78,0.054,24.9,190.8,0.9909,3.2,0.35,10.33,5
5039,White,6.35,0.29,0.44,10.77,0.01,38.0,177.5,0.9931,3.03,0.58,10.82,6
5040,White,6.81,0.21,0.25,0.6,0.036,42.7,176.3,0.9983,3.35,0.52,11.44,6
5041,White,5.74,0.14,0.45,5.16,0.026,36.0,143.3,0.9972,3.1,0.59,10.81,4
5042,White,8.02,0.41,0.11,7.17,0.024,27.1,68.7,0.9967,3.06,0.54,12.53,6
5043,White,6.52,0.27,0.45,10.63,0.084,48.5,121.7,0.9945,3.11,0.48,13.75,7
5044,White,6.91,0.19,0.16,11.22,0.062,41.5,94.8,0.9947,3.21,0.64,11.32,5
5045,White,6.97,0.38,0.29,6.81,0.057,33.8,114.7,0.9977,3.22,0.38,10.04,5
5046,White,4.74,0.4,0.24,13.64,0.009,26.7,111.9,0.992,3.25,0.47,11.0,5
5047,White,7.82,0.43,0.35,9.81,0.013,21.3,26.9,0.9916,2.9,0.63,11.55,7
5048,White,8.57,0.28,0.13,12.59,0.075,27.9,175.2,0.9948,3.11,0.42,11.45,5
5049,White,6.23,0.18,0.31,6.93,0.071,49.4,190.9,0.9882,3.14,0.42,12.39,7
5050,White,6.91,0.25,0.31,2.68,0.043,62.8,246.5,0.9968,3.04,0.38,13.61,6
5051,White,6.17,0.19,0.36,9.79,0.069,35.4,199.0,0.9909,3.05,0.58,10.78,5
5052,White,7.93,0.23,0.31,0.6,0.034,23.8,183.6,0.9939,3.18,0.3,10.1,6
5053,White,8.04,0.26,0.36,4.83,0.073,3.5,207.5,0.9918,3.14,0.65,11.89,6
5054,White,6.87,0.21,0.46,9.35,0.013,2.0,102.9,0.9955,3.46,0.51,12.07,6
5055,White,6.03,0.41,0.39,5.41,0.047,33.3,212.3,0.991,3.21,0.49,11.28,5
5056,White,6.33,0.13,0.24,2.23,0.049,14.0,129.4,0.9898,3.13,0.55,11.29,5
5057,White,6.73,0.16,0.44,0.6,0.052,54.7,146.7,0.9957,3.23,0.37,11.16,6
5058,White,7.38,0.32,0.57,13.25,0.03,29.7,142.0,0.9882,3.53,0.5,10.92,8
5059,White,8.48,0.37,0.17,9.95,0.063,26.6,80.0,0.9968,3.29,0.6,11.66,6
5060,White,6.95,0.38,0.21,0.63,0.044,21.5,227.2,0.9965,3.1,0.52,11.37,6
5061,White,6.85,0.08,0.3,4.87,0.034,10.5,211.8,0.9981,3.11,0.37,11.01,6
5062,White,5.35,0.33,0.31,12.0,0.032,28.1,97.3,0.9924,3.43,0.53,10.74,5
5063,White,8.26,0.26,0.34,7.98,0.048,37.0,204.3,0.9882,3.14,0.33,9.54,5
5064,White,7.29,0.2,0.34,13.65,0.029,59.0,133.5,0.9923,3.11,0.45,12.2,5
5065,White,6.57,0.38,0.4,0.6,0.058,32.6,105.3,0.9961,3.16,0.49,10.08,5
5066,White,7.33,0.2,0.47,1.28,0.009,52.4,148.8,0.9936,3.01,0.4,10.98,6
5067,White,7.17,0.32,0.63,14.31,0.057,11.2,129.7,0.9932,3.19,0.37,9.98,6
5068,White,6.6,0.3,0.59,2.69,0.024,29.8,140.8,0.9962,3.12,0.6,12.78,5
5069,White,6.84,0.38,0.17,11.59,0.06,25.8,126.6,0.9961,3.16,0.53,9.03,4
5070,White,5.65,0.31,0.33,4.73,0.009,63.1,149.7,0.9916,3.32,0.37,9.99,6
5071,White,6.55,0.23,0.38,14.05,0.039,36.7,138.1,0.9896,3.17,0.56,10.43,4
5072,White,7.05,0.18,0.38,6.75,0.065,18.8,144.7,0.9962,3.13,0.71,10.09,5
5073,White,7.88,0.31,0.31,6.96,0.059,46.9,166.2,0.9914,3.26,0.45,12.8,7
5074,White,9.09,0.28,0.4,8.06,0.038,37.6,130.7,0.9897,3.2,0.35,11.87,7
5075,White,7.74,0.37,0.4,5.73,0.072,33.5,259.8,0.9935,3.31,0.74,12.21,6
5076,White,6.23,0.12,0.4,1.62,0.065,37.7,149.9,0.9995,3.45,0.5,10.84,6
5077,White,7.82,0.2,0.24,4.61,0.05,14.5,92.8,0.9941,3.04,0.35,11.16,6
5078,White,5.87,0.19,0.29,10.61,0.035,51.2,116.2,0.9973,3.31,0.4,12.5,9
5079,White,5.91,0.2,0.4,3.55,0.054,54.7,188.8,0.9969,3.06,0.55,10.9,7
5080,White,6.56,0.27,0.27,3.64,0.025,61.9,119.4,0.9921,3.0,0.33,9.87,5
5081,White,6.33,0.34,0.41,10.3,0.036,56.9,114.5,0.9952,3.04,0.68,11.69,4
5082,White,6.81,0.4,0.37,7.99,0.029,45.0,109.1,0.9958,2.98,0.47,10.57,5
5083,White,7.0,0.34,0.3,13.08,0.038,10.4,120.1,0.9943,3.08,0.22,13.48,6
5084,White,7.31,0.37,0.4,13.1,0.038,22.3,179.6,1.0019,3.09,0.48,11.61,4
5085,White,7.49,0.26,0.38,3.18,0.035,39.4,142.0,0.9936,3.08,0.58,11.71,6
5086,White,6.62,0.29,0.41,3.57,0.054,20.5,125.6,0.9958,2.96,0.69,12.45,7
5087,White,5.41,0.17,0.36,2.81,0.048,25.0,247.1,0.9926,3.18,0.43,11.21,7
5088,White,6.89,0.25,0.42,2.2,0.064,21.2,106.7,0.9937,3.39,0.57,12.86,7
5089,White,7.22,0.23,0.29,0.6,0.059,9.0,180.7,0.9928,3.39,0.77,8.52,6
5090,White,5.16,0.22,0.2,3.51,0.015,23.7,172.1,0.9957,3.43,0.46,9.91,7
5091,White,8.29,0.43,0.18,0.62,0.045,49.7,174.1,0.9906,3.51,0.38,10.63,5
5092,White,5.7,0.12,0.28,5.14,0.047,25.6,215.0,0.9904,3.14,0.43,10.09,5
5093,White,6.88,0.19,0.18,5.44,0.009,22.5,138.0,0.9994,3.28,0.68,9.38,5
5094,White,7.41,0.24,0.47,4.59,0.037,18.9,149.7,0.9931,3.2,0.62,12.68,6
5095,White,7.51,0.37,0.31,12.51,0.067,37.2,211.5,1.001,3.11,0.33,14.2,7
5096,White,6.78,0.42,0.06,0.6,0.014,38.7,79.1,0.9948,2.85,0.44,12.01,7
5097,White,7.75,0.34,0.29,8.7,0.028,34.4,181.1,0.9901,3.18,0.4,10.4,6
5098,White,6.39,0.21,0.44,1.16,0.068,37.0,146.9,0.9946,3.26,0.45,12.73,5
5099,White,8.42,0.24,0.38,2.23,0.057,22.2,114.0,0.9875,3.05,0.46,12.14,8
5100,White,6.66,0.28,0.5,2.29,0.048,40.9,99.1,0.9927,3.36,0.53,11.07,4
5101,White,8.82,0.3,0.19,0.6,0.057,44.9,93.7,0.9923,3.27,0.56,11.63,6
5102,White,6.05,0.33,0.25,0.6,0.044,50.3,73.7,0.9948,3.14,0.58,11.98,5
5103,White,7.62,0.19,0.32,9.96,0.08,56.8,75.5,0.9952,3.14,0.42,11.16,6
5104,White,7.37,0.34,0.28,15.28,0.05,25.5,217.5,0.9927,3.2,0.56,12.0,7
5105,White,6.37,0.08,0.34,5.96,0.049,2.0,100.2,0.9913,3.23,0.49,10.75,6
5106,White,5.65,0.51,0.46,13.47,0.085,39.5,135.9,0.9992,3.3,0.46,11.96,8
5107,White,5.51,0.29,0.17,4.92,0.062,46.7,79.8,0.9936,3.0,0.51,8.33,5
5108,White,6.92,0.31,0.47,2.66,0.024,38.8,179.1,0.9943,3.44,0.56,11.06,6
5109,White,5.91,0.14,0.37,0.6,0.011,51.0,202.2,0.9962,3.11,0.57,10.67,6
5110,White,6.27,0.29,0.43,9.59,0.015,30.3,80.7,0.9968,3.08,0.55,10.65,6
5111,White,6.53,0.38,0.26,20.82,0.06,40.6,190.6,0.9941,3.19,0.44,11.16,6
5112,White,7.88,0.17,0.21,6.34,0.022,28.3,31.2,0.9966,3.18,0.38,9.55,4
5113,White,6.74,0.23,0.32,2.96,0.032,15.1,104.3,0.9922,3.13,0.41,11.68,6
5114,White,5.97,0.31,0.29,0.6,0.039,16.4,204.4,0.9931,3.23,0.39,9.7,5
5115,White,5.12,0.13,0.19,7.36,0.049,59.0,174.3,0.9956,3.06,0.53,11.11,6
5116,White,6.89,0.37,0.51,7.58,0.052,27.8,117.9,0.991,3.29,0.41,10.96,6
5117,White,7.4,0.15,0.48,9.56,0.071,47.3,124.2,0.994,3.1,0.72,10.77,6
5118,White,8.07,0.28,0.6,1.04,0.035,59.0,124.3,0.9974,2.78,0.45,10.45,5
5119,White,6.74,0.29,0.25,6.82,0.039,21.6,93.5,0.9958,3.21,0.65,11.01,6
5120,White,6.35,0.24,0.27,11.17,0.009,36.8,147.1,0.9966,3.29,0.48,9.7,5
5121,White,6.28,0.27,0.39,6.21,0.041,61.7,191.5,0.9959,3.23,0.43,13.34,8
5122,White,8.39,0.16,0.51,0.6,0.076,29.7,179.3,0.9915,3.1,0.38,10.27,5
5123,White,7.54,0.36,0.62,9.71,0.064,31.0,159.0,0.9985,3.08,0.22,10.09,5
5124,White,7.48,0.57,0.16,14.86,0.072,35.9,50.2,0.9951,3.19,0.62,12.96,6
5125,White,6.85,0.3,0.22,8.53,0.04,46.3,45.7,0.9952,3.0,0.68,12.32,7
5126,White,6.94,0.42,0.51,1.45,0.04,28.3,144.6,0.9897,3.1,0.66,10.66,6
5127,White,8.05,0.37,0.47,6.36,0.028,26.7,150.9,0.9968,3.32,0.55,11.99,7
5128,White,7.25,0.19,0.48,12.28,0.029,27.0,124.6,0.997,3.2,0.37,9.31,6
5129,White,7.76,0.51,0.09,12.1,0.044,41.5,103.2,0.9904,3.29,0.49,11.46,7
5130,White,5.25,0.23,0.0,1.05,0.037,50.6,89.6,0.9889,3.33,0.46,10.89,5
5131,White,6.35,0.2,0.27,7.16,0.021,41.9,86.3,0.989,2.98,0.48,11.09,7
5132,White,5.48,0.23,0.22,8.23,0.058,40.2,212.2,0.9934,2.97,0.69,10.54,5
5133,White,6.41,0.34,0.25,10.62,0.038,68.7,107.3,0.999,3.06,0.56,11.87,6
5134,White,6.41,0.44,0.37,9.81,0.059,25.9,156.8,0.9944,3.22,0.51,11.13,5
5135,White,6.99,0.2,0.41,2.6,0.05,39.5,88.8,0.9934,2.88,0.66,10.29,6
5136,White,5.89,0.15,0.16,8.6,0.042,57.8,150.3,0.9937,3.24,0.5,12.95,8
5137,White,6.63,0.27,0.21,9.77,0.011,64.5,110.8,0.9867,3.22,0.58,11.19,7
5138,White,5.67,0.48,0.28,1.47,0.056,13.9,186.4,0.991,3.24,0.65,11.17,5
5139,White,6.63,0.28,0.31,0.92,0.063,28.6,188.0,0.9897,3.36,0.41,10.07,5
5140,White,7.34,0.3,0.45,10.98,0.065,70.3,145.3,0.9947,3.05,0.48,12.38,8
5141,White,7.53,0.2,0.16,0.6,0.009,33.2,66.9,0.9958,2.99,0.53,11.12,5
5142,White,7.19,0.4,0.37,4.66,0.021,2.0,117.7,0.995,3.07,0.45,10.97,6
5143,White,6.63,0.34,0.25,0.6,0.03,42.6,104.9,1.0005,3.25,0.57,11.7,7
5144,White,5.73,0.23,0.47,10.16,0.043,40.6,117.7,0.992,3.49,0.58,10.16,6
5145,White,7.52,0.28,0.57,2.83,0.009,34.5,161.6,1.0027,3.35,0.53,8.58,6
5146,White,6.64,0.28,0.41,6.09,0.023,45.5,70.2,0.9929,3.07,0.47,11.93,5
5147,White,5.34,0.22,0.24,18.82,0.055,33.9,130.7,0.9938,3.06,0.6,10.45,6
5148,White,7.47,0.21,0.37,4.12,0.06,59.0,68.1,0.9932,3.43,0.52,11.64,5
5149,White,6.34,0.5,0.14,0.6,0.052,43.7,139.0,0.9949,3.22,0.59,13.15,6
5150,White,6.48,0.34,0.38,6.33,0.032,39.5,80.3,0.9935,3.15,0.56,12.02,8
5151,White,5.93,0.39,0.0,10.71,0.048,53.1,161.6,0.9943,2.95,0.6,9.56,6
5152,White,7.23,0.17,0.26,2.25,0.026,2.0,161.8,0.9952,3.09,0.56,10.55,6
5153,White,6.55,0.47,0.17,4.55,0.039,63.1,117.6,0.995,2.93,0.54,11.3,5
5154,White,6.3,0.22,0.31,0.6,0.066,47.0,106.3,0.988,3.21,0.41,12.07,6
5155,White,4.81,0.26,0.26,4.41,0.018,26.9,82.2,0.9931,3.31,0.38,10.48,6
5156,White,6.48,0.47,0.35,6.9,0.059,38.7,186.2,0.9865,3.31,0.5,12.29,7
5157,White,6.74,0.3,0.31,0.6,0.058,20.8,92.0,0.9955,3.11,0.65,9.57,5
5158,White,7.02,0.6,0.47,14.08,0.035,7.3,215.5,0.9956,3.36,0.43,11.68,6
5159,White,5.89,0.28,0.23,6.47,0.054,9.0,138.2,0.9931,3.04,0.36,9.54,5
5160,White,7.12,0.24,0.49,13.82,0.057,30.5,132.1,0.9951,3.26,0.55,11.0,6
5161,White,5.56,0.34,0.44,11.9,0.053,2.0,160.7,0.9905,3.47,0.57,12.04,7
5162,White,7.71,0.23,0.63,6.98,0.031,5.7,82.7,0.991,3.04,0.54,11.66,6
5163,White,7.89,0.28,0.38,4.42,0.045,81.9,146.3,0.9961,2.89,0.44,10.2,6
5164,White,5.06,0.28,0.37,5.5,0.059,7.9,122.3,0.9995,3.19,0.51,12.61,6
5165,White,7.62,0.15,0.38,6.25,0.038,33.9,66.3,0.9943,3.23,0.66,11.76,5
5166,White,7.36,0.35,0.31,7.73,0.049,39.0,223.0,0.9907,3.04,0.65,13.09,7
5167,White,7.51,0.2,0.44,0.98,0.039,31.2,138.5,0.995,3.07,0.53,10.71,6
5168,White,5.98,0.32,0.42,4.7,0.048,23.5,110.0,0.9973,3.29,0.46,11.13,8
5169,White,7.05,0.39,0.27,0.6,0.041,58.7,173.0,0.9926,3.04,0.48,12.25,6
5170,White,5.56,0.21,0.38,11.79,0.06,9.5,118.6,0.9934,3.15,0.38,11.49,7
5171,White,7.22,0.37,0.36,5.74,0.036,20.2,233.2,0.9948,3.44,0.31,10.87,6
5172,White,6.27,0.3,0.17,3.23,0.056,59.4,164.3,0.9914,3.38,0.61,12.03,6
5173,White,5.53,0.3,0.26,8.61,0.085,36.9,85.0,0.9984,3.05,0.44,10.2,5
5174,White,7.9,0.57,0.15,8.32,0.029,61.3,161.6,0.9981,3.25,0.61,11.92,5
5175,White,6.46,0.33,0.33,10.37,0.047,21.1,148.4,0.9945,3.23,0.5,11.67,6
5176,White,6.79,0.33,0.28,10.94,0.056,40.8,106.6,0.992,3.15,0.38,12.83,6
5177,White,7.7,0.44,0.27,7.9,0.068,22.7,127.3,0.9914,3.34,0.4,10.06,5
5178,White,6.79,0.32,0.54,4.91,0.048,26.2,131.3,0.9958,3.15,0.63,10.91,7
5179,White,6.65,0.52,0.23,10.06,0.044,35.2,170.1,0.9879,3.04,0.33,11.7,9
5180,White,7.23,0.3,0.46,4.15,0.044,53.7,123.5,0.9974,3.19,0.48,10.67,6
5181,White,6.99,0.47,0.16,12.75,0.023,22.6,116.1,0.9948,3.33,0.55,12.19,6
5182,White,7.69,0.3,0.29,4.48,0.097,26.1,185.7,0.993,3.12,0.43,10.0,5
5183,White,6.02,0.31,0.29,0.6,0.032,18.4,143.5,0.9933,3.19,0.52,11.75,6
5184,White,6.52,0.27,0.2,18.55,0.052,22.9,154.3,0.9947,3.02,0.3,10.27,6
5185,White,6.33,0.18,0.33,4.54,0.063,17.2,148.7,0.9894,3.41,0.42,10.11,6
5186,White,7.76,0.08,0.3,9.74,0.026,25.9,193.2,0.991,3.26,0.54,10.39,7
5187,White,6.96,0.38,0.46,11.74,0.034,48.6,172.0,0.9917,3.38,0.42,11.24,6
5188,White,6.89,0.27,0.34,4.03,0.024,50.5,157.7,0.9927,3.25,0.51,10.75,7
5189,White,7.09,0.45,0.27,15.83,0.034,60.4,172.3,0.9968,3.08,0.61,11.82,5
5190,White,6.17,0.4,0.24,0.73,0.038,35.4,65.8,0.9966,3.04,0.37,10.16,5
5191,White,8.68,0.08,0.37,11.17,0.025,39.1,151.4,0.9968,3.15,0.57,11.0,6
5192,White,6.56,0.36,0.25,8.73,0.043,37.7,129.4,0.9948,3.19,0.63,9.09,6
5193,White,7.03,0.15,0.26,7.63,0.022,37.4,225.0,0.9936,3.33,0.5,12.12,6
5194,White,5.4,0.23,0.48,3.15,0.026,16.7,141.7,0.9909,2.99,0.5,12.77,6
5195,White,6.14,0.3,0.23,6.02,0.076,16.0,114.3,0.994,3.18,0.7,9.5,5
5196,White,5.4,0.27,0.2,11.38,0.042,64.5,144.4,0.9978,3.2,0.32,10.68,6
5197,White,6.87,0.39,0.22,12.48,0.03,56.3,66.9,0.9923,3.12,0.54,10.57,5
5198,White,6.78,0.11,0.44,4.11,0.034,35.3,111.1,0.9983,3.02,0.25,11.15,6
5199,White,9.21,0.3,0.26,0.6,0.044,58.4,113.0,0.9947,3.33,0.38,13.42,7
5200,White,6.89,0.25,0.18,1.06,0.033,24.7,167.0,0.9986,2.97,0.53,9.49,6
5201,White,5.4,0.4,0.1,12.69,0.009,31.2,118.0,0.9934,3.11,0.43,10.0,6
5202,White,7.43,0.08,0.4,0.6,0.078,63.5,129.7,0.994,3.05,0.4,10.02,5
5203,White,8.05,0.31,0.43,0.6,0.009,26.0,116.1,0.9938,3.2,0.49,12.23,6
5204,White,8.14,0.28,0.43,8.1,0.027,37.9,122.4,0.993,3.34,0.48,11.16,5
5205,White,6.4,0.28,0.3,0.6,0.009,30.2,102.9,0.9957,3.07,0.36,12.59,7
5206,White,6.82,0.12,0.12,4.1,0.043,11.8,214.9,0.9961,3.15,0.72,11.29,6
5207,White,7.36,0.24,0.35,8.49,0.013,15.3,183.4,0.9906,3.32,0.44,9.64,5
5208,White,6.01,0.2,0.44,0.6,0.009,41.9,117.8,0.9966,3.54,0.56,10.84,5
5209,White,6.43,0.38,0.38,3.42,0.013,31.9,44.2,0.9948,3.01,0.49,10.64,8
5210,White,7.04,0.37,0.36,0.6,0.047,15.6,116.3,0.9899,3.14,0.45,11.91,7
5211,White,7.09,0.23,0.35,15.6,0.064,48.7,163.7,0.996,3.13,0.46,11.9,6
5212,White,8.13,0.33,0.25,7.98,0.028,37.0,147.1,0.995,3.19,0.36,9.19,6
5213,White,7.37,0.26,0.51,18.26,0.051,30.1,139.8,0.9958,3.32,0.39,12.96,7
5214,White,6.82,0.37,0.19,0.6,0.035,35.9,149.2,0.999,3.26,0.49,10.48,6
5215,White,7.54,0.29,0.27,6.8,0.058,35.0,139.5,0.9952,3.34,0.39,10.55,6
5216,White,8.23,0.26,0.34,7.76,0.063,6.3,119.5,0.9917,3.45,0.43,13.03,6
5217,White,7.06,0.28,0.54,3.89,0.037,2.0,218.7,0.9889,3.16,0.33,11.57,5
5218,White,6.57,0.23,0.35,1.3,0.031,42.2,140.4,0.9914,3.28,0.6,12.73,7
5219,White,6.63,0.2,0.52,14.02,0.051,23.3,159.2,0.9928,3.11,0.42,11.43,6
5220,White,7.07,0.15,0.5,0.8,0.059,70.5,103.6,0.9928,3.22,0.46,10.2,7
5221,White,5.98,0.11,0.61,3.85,0.055,11.8,177.4,0.9905,3.06,0.54,12.91,7
5222,White,6.56,0.35,0.27,1.35,0.055,8.4,68.0,0.9929,3.29,0.44,9.26,5
5223,White,8.26,0.16,0.42,8.61,0.009,61.4,105.1,0.9896,3.33,0.51,11.03,5
5224,White,7.06,0.36,0.25,8.13,0.051,25.6,65.9,0.9934,3.1,0.55,11.53,7
5225,White,5.84,0.35,0.45,4.84,0.042,57.1,148.9,0.9947,3.24,0.34,9.78,4
5226,White,5.83,0.32,0.36,9.65,0.063,37.6,143.9,0.9929,3.32,0.64,11.75,6
5227,White,7.26,0.32,0.53,3.89,0.039,22.5,152.9,0.9919,3.3,0.64,11.23,5
5228,White,8.03,0.34,0.22,0.7,0.017,4.0,118.2,0.9889,3.24,0.49,11.37,5
5229,White,6.6,0.24,0.36,0.6,0.009,26.6,99.6,0.9927,3.05,0.76,11.5,6
5230,White,7.28,0.21,0.25,2.83,0.021,48.1,128.5,0.994,3.27,0.62,10.85,5
5231,White,6.82,0.23,0.33,6.5,0.053,28.9,68.2,0.9936,3.07,0.67,10.65,5
5232,White,6.37,0.27,0.38,3.63,0.054,46.0,152.1,0.9913,3.02,0.48,11.8,6
5233,White,8.74,0.35,0.47,3.38,0.05,28.5,125.4,0.9953,3.22,0.49,12.89,6
5234,White,7.18,0.22,0.27,0.6,0.009,51.4,137.0,0.9956,3.18,0.48,11.95,5
5235,White,7.64,0.13,0.31,9.82,0.035,41.9,77.5,0.9923,2.96,0.32,11.02,6
5236,White,6.07,0.27,0.28,2.67,0.031,22.9,136.6,0.9954,2.99,0.46,12.05,8
5237,White,7.59,0.39,0.14,3.89,0.015,46.3,129.2,0.9923,3.05,0.28,9.89,5
5238,White,6.91,0.14,0.39,3.35,0.054,55.9,154.3,0.9887,2.97,0.52,11.91,6
5239,White,7.93,0.25,0.16,2.46,0.055,14.9,115.4,0.9912,3.05,0.36,10.2,5
5240,White,7.82,0.33,0.49,11.41,0.048,43.2,128.9,0.9917,2.9,0.33,12.54,5
5241,White,6.24,0.36,0.4,5.95,0.042,11.5,89.8,0.9913,3.02,0.39,9.98,6
5242,White,7.64,0.3,0.39,0.6,0.018,9.4,130.3,0.9897,3.06,0.41,12.78,6
5243,White,7.33,0.22,0.45,0.6,0.026,29.0,144.9,0.9936,3.24,0.37,10.7,5
5244,White,7.65,0.37,0.44,11.15,0.02,29.8,174.3,0.993,3.29,0.55,10.59,5
5245,White,8.43,0.37,0.4,17.4,0.045,32.1,147.2,0.9891,3.09,0.52,11.19,4
5246,White,6.2,0.13,0.19,10.84,0.063,42.9,158.3,0.9921,3.18,0.45,12.58,7
5247,White,7.47,0.2,0.34,7.63,0.056,43.9,114.1,0.997,3.39,0.46,10.87,6
5248,White,7.14,0.23,0.25,3.64,0.009,37.1,143.5,0.9946,3.32,0.58,11.57,5
5249,White,6.02,0.33,0.35,4.12,0.057,41.6,84.8,0.9958,3.5,0.5,11.33,6
5250,White,5.71,0.42,0.67,3.96,0.039,40.0,115.8,0.9941,3.45,0.56,11.3,5
5251,White,7.41,0.38,0.53,4.23,0.05,31.4,118.7,0.993,3.29,0.51,10.97,7
5252,White,7.38,0.22,0.38,11.98,0.025,33.0,190.1,0.9939,3.47,0.59,10.66,5
5253,White,6.98,0.48,0.27,5.86,0.011,47.5,198.0,0.9977,2.98,0.51,10.1,5
5254,White,6.34,0.34,0.35,8.35,0.024,40.7,63.5,0.9949,3.34,0.22,11.79,5
5255,White,8.04,0.33,0.47,0.6,0.026,66.3,135.3,0.9953,3.37,0.35,11.24,6
5256,White,7.65,0.3,0.26,0.6,0.058,23.0,135.3,0.9926,3.27,0.6,11.04,6
5257,White,5.81,0.39,0.25,13.67,0.044,34.0,122.3,0.9944,2.87,0.4,11.37,6
5258,White,6.48,0.25,0.34,0.6,0.05,22.7,154.9,0.9958,3.28,0.54,10.87,7
5259,White,6.64,0.18,0.34,19.87,0.054,17.9,165.7,0.992,3.38,0.41,11.83,6
5260,White,6.75,0.29,0.35,9.02,0.044,54.1,63.0,0.9968,3.14,0.64,11.55,6
5261,White,6.59,0.29,0.35,9.38,0.018,22.9,61.9,0.9902,3.18,0.41,10.92,5
5262,White,5.86,0.34,0.41,0.6,0.047,29.8,153.2,0.9921,3.36,0.67,11.01,6
5263,White,5.68,0.18,0.39,15.39,0.033,26.4,74.5,0.9942,3.09,0.56,10.96,6
5264,White,6.88,0.28,0.34,7.02,0.034,35.1,211.7,0.993,3.35,0.29,11.75,6
5265,White,6.61,0.38,0.19,5.17,0.027,23.1,121.0,0.9912,3.3,0.68,11.57,5
5266,White,5.89,0.29,0.32,9.81,0.042,67.1,116.7,0.9949,3.08,0.32,11.24,6
5267,White,7.45,0.29,0.31,11.54,0.032,9.4,141.8,0.992,3.12,0.53,10.84,7
5268,White,5.84,0.09,0.27,15.84,0.031,50.8,180.8,0.9964,3.1,0.66,10.85,7
5269,White,6.93,0.18,0.18,7.3,0.054,2.0,158.8,0.9872,3.05,0.5,12.16,5
5270,White,5.78,0.38,0.38,8.53,0.047,28.7,195.1,0.9934,3.0,0.53,12.06,7
5271,White,8.32,0.33,0.61,0.6,0.012,2.0,153.7,0.9899,3.45,0.54,10.74,6
5272,White,7.98,0.08,0.45,6.31,0.045,52.1,168.4,0.9974,3.12,0.25,9.47,5
5273,White,5.79,0.32,0.32,0.6,0.046,86.6,82.0,0.9939,3.01,0.49,12.71,7
5274,White,6.53,0.33,0.25,12.51,0.055,14.8,188.9,0.9881,3.33,0.38,11.69,7
5275,White,7.07,0.24,0.42,1.2,0.023,26.0,112.4,0.9938,3.36,0.33,10.7,6
5276,White,5.36,0.2,0.22,10.24,0.05,31.8,150.6,0.9934,3.15,0.56,10.67,6
5277,White,7.18,0.08,0.27,4.75,0.05,11.9,159.5,0.9921,3.29,0.71,10.02,6
5278,White,8.17,0.36,0.26,12.62,0.009,40.5,172.1,0.9952,3.02,0.52,10.84,5
5279,White,3.8,0.22,0.24,4.41,0.047,59.7,189.6,0.9958,3.05,0.55,10.62,6
5280,White,6.07,0.28,0.33,5.91,0.058,17.9,136.5,0.9904,3.21,0.38,10.38,6
5281,White,7.05,0.25,0.22,1.39,0.061,43.8,135.9,0.9896,3.2,0.65,9.41,6
5282,White,6.91,0.09,0.31,3.06,0.064,29.2,85.4,0.9952,3.38,0.44,10.99,7
5283,White,6.96,0.34,0.26,6.08,0.053,26.2,130.6,0.9956,3.24,0.58,11.86,8
5284,White,6.2,0.23,0.46,0.95,0.053,40.4,141.3,0.9941,3.1,0.5,11.59,7
5285,White,6.34,0.24,0.28,10.13,0.032,52.7,205.3,0.999,3.22,0.51,10.94,6
5286,White,6.38,0.27,0.27,7.29,0.024,34.4,153.0,0.9953,3.3,0.75,10.21,6
5287,White,7.84,0.21,0.44,10.2,0.035,42.6,95.8,0.9911,3.17,0.51,12.44,6
5288,White,7.79,0.14,0.39,1.64,0.069,45.0,194.9,0.9925,3.4,0.41,12.2,6
5289,White,6.19,0.34,0.37,0.6,0.026,40.5,111.4,0.997,3.16,0.45,10.91,4
5290,White,7.19,0.3,0.29,9.77,0.054,49.5,119.8,0.9895,3.2,0.44,11.21,6
5291,White,5.22,0.24,0.13,12.89,0.06,26.0,138.9,0.9994,3.13,0.49,10.93,5
5292,White,5.7,0.43,0.0,0.6,0.056,38.3,171.4,0.9936,3.0,0.48,10.68,5
5293,White,6.47,0.29,0.22,6.5,0.037,49.7,190.7,0.9962,3.32,0.38,10.44,5
5294,White,8.37,0.29,0.36,5.62,0.047,33.1,179.5,0.9942,3.28,0.45,9.66,7
5295,White,6.85,0.24,0.19,11.8,0.037,20.9,155.7,0.9947,3.17,0.49,12.94,7
5296,White,7.77,0.35,0.3,12.41,0.017,45.8,108.3,0.989,3.23,0.39,10.82,7
5297,White,6.71,0.14,0.33,12.5,0.013,25.0,188.7,0.9955,2.9,0.73,12.41,6
5298,White,6.38,0.2,0.27,0.6,0.065,15.7,136.4,0.9979,2.86,0.47,10.28,6
5299,White,6.89,0.2,0.49,12.76,0.07,48.4,158.6,0.9919,2.95,0.5,10.73,5
5300,White,7.49,0.32,0.4,9.49,0.085,48.8,129.4,0.9955,3.06,0.4,10.82,6
5301,White,7.4,0.27,0.27,1.22,0.029,20.2,90.3,0.9924,3.21,0.4,11.03,6
5302,White,6.23,0.37,0.06,5.58,0.009,13.1,82.4,1.0005,3.36,0.48,11.71,7
5303,White,6.86,0.3,0.4,0.6,0.057,43.5,125.9,0.9981,3.34,0.67,9.7,5
5304,White,7.82,0.12,0.62,7.07,0.059,11.6,181.9,0.9941,3.27,0.5,10.43,6
5305,White,5.77,0.08,0.28,8.59,0.033,52.8,157.5,0.9934,3.31,0.48,11.08,7
5306,White,7.02,0.29,0.31,5.14,0.042,56.9,52.2,1.0003,3.14,0.43,10.5,5
5307,White,6.97,0.33,0.49,11.64,0.06,2.0,108.1,0.9954,3.16,0.49,12.0,6
5308,White,5.88,0.33,0.41,4.3,0.035,30.2,89.8,0.9948,3.28,0.27,10.7,6
5309,White,6.81,0.27,0.26,4.67,0.068,62.0,71.7,0.9891,3.48,0.46,11.89,6
5310,White,7.97,0.16,0.41,11.24,0.06,25.2,155.6,0.9958,3.24,0.49,10.35,5
5311,White,5.95,0.3,0.52,6.89,0.058,41.9,174.6,0.9952,3.3,0.74,9.58,5
5312,White,8.83,0.51,0.25,0.6,0.035,68.7,176.1,0.9896,3.28,0.45,11.16,6
5313,White,7.79,0.3,0.43,15.49,0.06,64.4,130.1,0.9921,3.17,0.35,11.63,6
5314,White,6.76,0.27,0.38,4.2,0.009,50.3,72.1,1.001,3.16,0.3,11.23,6
5315,White,7.11,0.28,0.19,1.87,0.073,17.1,182.7,0.9955,3.16,0.59,10.51,6
5316,White,6.88,0.16,0.48,12.09,0.051,23.8,134.8,1.0006,2.96,0.58,9.96,6
5317,White,4.92,0.44,0.08,10.61,0.013,44.8,117.3,0.9926,3.08,0.79,10.82,6
5318,White,7.7,0.24,0.32,2.5,0.009,28.8,100.8,0.9922,3.25,0.31,10.92,6
5319,White,6.65,0.27,0.29,0.96,0.031,26.6,113.3,0.9878,3.35,0.58,10.64,6
5320,White,6.58,0.38,0.18,4.5,0.08,45.5,153.1,0.9985,2.99,0.57,11.73,6
5321,White,6.73,0.32,0.15,9.64,0.01,28.6,117.4,0.9986,3.23,0.25,10.19,6
5322,White,7.7,0.26,0.28,1.54,0.036,43.9,175.8,0.9962,3.3,0.49,9.99,5
5323,White,7.68,0.23,0.31,9.95,0.04,20.9,119.1,0.9959,2.93,0.63,9.66,5
5324,White,6.95,0.09,0.32,0.6,0.044,31.3,191.5,0.9928,2.97,0.33,10.5,5
5325,White,6.91,0.29,0.1,11.68,0.057,31.1,141.8,0.9947,3.29,0.31,11.77,7
5326,White,6.06,0.26,0.55,2.62,0.063,32.2,131.0,0.9997,3.15,0.35,11.57,5
5327,White,6.81,0.27,0.24,3.77,0.026,62.7,157.6,0.9972,3.06,0.45,11.05,5
5328,White,6.73,0.16,0.09,3.88,0.082,40.1,166.7,0.9924,3.34,0.48,11.97,6
5329,White,7.63,0.27,0.4,0.6,0.061,24.4,54.2,0.9882,3.39,0.58,10.93,7
5330,White,6.17,0.08,0.41,1.99,0.02,41.4,185.9,0.9968,3.13,0.42,12.36,6
5331,White,8.18,0.22,0.33,7.22,0.018,48.4,115.5,0.9881,3.21,0.65,12.2,6
5332,White,8.02,0.33,0.35,2.28,0.04,43.5,140.7,0.9969,3.25,0.6,11.31,6
5333,White,7.67,0.32,0.46,10.9,0.025,38.6,126.3,0.9916,3.47,0.45,11.64,5
5334,White,6.95,0.24,0.25,4.95,0.045,29.3,203.5,0.9901,3.29,0.41,13.07,6
5335,White,5.3,0.34,0.34,16.6,0.009,15.6,78.9,0.9908,3.43,0.59,10.05,6
5336,White,8.23,0.23,0.45,3.29,0.048,42.6,119.5,0.9935,3.26,0.67,11.51,7
5337,White,5.93,0.21,0.32,12.73,0.009,2.0,76.5,0.9969,3.12,0.55,10.32,7
5338,White,8.03,0.09,0.28,0.6,0.068,58.4,184.1,1.0,3.09,0.47,9.43,6
5339,White,7.29,0.41,0.6,8.22,0.05,17.1,71.4,0.9893,3.51,0.45,11.34,5
5340,White,7.05,0.39,0.28,5.27,0.07,42.2,196.1,0.9915,3.09,0.35,11.83,6
5341,White,7.1,0.18,0.35,3.76,0.039,33.7,142.6,0.9912,3.21,0.4,11.3,5
5342,White,7.34,0.3,0.4,8.24,0.068,46.8,142.0,0.9955,3.09,0.39,11.79,7
5343,White,7.61,0.28,0.3,17.72,0.044,25.5,174.0,0.9913,3.22,0.49,10.7,6
5344,White,6.88,0.4,0.21,0.6,0.061,37.2,200.9,0.9924,3.31,0.46,9.1,3
5345,White,6.18,0.45,0.1,2.23,0.058,39.2,233.2,0.9978,3.06,0.53,10.36,5
5346,White,7.77,0.42,0.34,2.39,0.065,46.8,137.0,0.9938,3.28,0.49,8.91,5
5347,White,7.67,0.43,0.39,3.31,0.033,24.9,184.5,0.9964,3.28,0.39,10.97,4
5348,White,6.55,0.4,0.38,1.84,0.009,64.4,146.4,0.9944,3.13,0.36,9.83,5
5349,White,6.54,0.11,0.33,7.42,0.057,31.0,105.5,0.9949,3.26,0.69,11.16,6
5350,White,6.7,0.17,0.22,14.67,0.057,24.7,111.9,0.9904,3.26,0.41,12.28,6
5351,White,8.32,0.43,0.35,6.78,0.055,18.1,122.6,0.9947,3.28,0.62,10.5,5
5352,White,7.54,0.23,0.4,6.56,0.02,29.1,149.3,0.9991,3.29,0.35,11.24,7
5353,White,6.99,0.28,0.37,3.52,0.045,30.2,163.8,0.9938,2.99,0.55,11.63,6
5354,White,7.75,0.23,0.33,1.8,0.044,48.0,69.2,0.9912,3.04,0.58,10.94,5
5355,White,8.06,0.27,0.4,7.87,0.062,38.2,124.8,0.9972,3.52,0.52,11.45,6
5356,White,7.61,0.37,0.55,1.95,0.03,56.8,138.6,0.9989,3.2,0.37,11.18,5
5357,White,6.52,0.37,0.26,7.62,0.045,69.8,156.4,0.9947,3.16,0.48,10.08,5
5358,White,6.93,0.29,0.24,8.74,0.028,9.8,172.7,0.9888,3.42,0.36,11.45,6
5359,White,6.63,0.31,0.31,10.18,0.062,58.2,94.2,0.9919,3.43,0.32,9.75,6
5360,White,6.4,0.28,0.08,13.08,0.029,31.9,159.1,0.994,2.99,0.38,11.19,6
5361,White,7.26,0.31,0.46,2.07,0.045,61.3,110.9,0.9948,3.05,0.51,13.22,8
5362,White,5.68,0.21,0.31,3.98,0.042,56.7,97.1,0.9957,3.15,0.51,10.29,7
5363,White,9.02,0.1,0.39,3.23,0.04,68.5,149.4,0.9918,3.24,0.53,12.16,7
5364,White,7.67,0.39,0.29,12.47,0.088,22.3,129.5,0.9953,2.99,0.59,10.19,5
5365,White,6.61,0.31,0.34,1.83,0.034,11.7,168.3,0.9934,3.23,0.52,11.36,6
5366,White,6.83,0.18,0.39,8.12,0.067,49.7,87.6,0.9997,2.91,0.51,10.41,5
5367,White,6.97,0.27,0.51,12.11,0.081,41.2,113.1,0.9972,3.47,0.44,11.74,5
5368,White,8.58,0.14,0.1,10.41,0.024,6.7,92.5,0.9961,3.31,0.52,10.45,6
5369,White,7.02,0.29,0.39,10.54,0.062,38.0,84.9,0.9933,3.44,0.41,10.24,6
5370,White,5.93,0.21,0.29,15.56,0.077,2.0,154.3,0.9964,3.03,0.56,11.69,6
5371,White,6.85,0.27,0.41,10.08,0.041,59.9,132.1,0.991,2.96,0.64,11.05,6
5372,White,7.69,0.37,0.41,15.46,0.068,40.2,73.1,0.9932,3.13,0.4,11.29,6
5373,White,6.48,0.31,0.36,0.6,0.044,50.2,146.2,0.9952,3.13,0.36,10.64,5
5374,White,6.58,0.31,0.34,0.6,0.031,33.3,114.8,0.9904,3.1,0.56,10.66,7
5375,White,5.52,0.16,0.14,4.36,0.049,53.9,156.6,0.9934,3.09,0.4,10.15,7
5376,White,7.05,0.11,0.25,3.58,0.055,36.4,121.1,0.9974,2.79,0.29,11.21,5
5377,White,7.57,0.08,0.34,5.87,0.045,39.5,89.5,0.9931,3.16,0.29,10.52,6
5378,White,7.11,0.24,0.38,5.74,0.019,68.5,132.7,0.9993,2.87,0.49,11.91,7
5379,White,7.11,0.38,0.17,4.55,0.052,46.6,218.3,0.9958,3.04,0.4,11.6,6
5380,White,7.9,0.28,0.26,5.86,0.024,46.4,203.8,0.9973,3.12,0.36,10.73,6
5381,White,7.87,0.32,0.39,0.6,0.054,9.0,126.8,0.9961,3.16,0.39,11.24,8
5382,White,6.67,0.41,0.36,7.64,0.03,27.9,144.2,0.9965,2.92,0.4,12.34,5
5383,White,7.57,0.22,0.32,2.55,0.094,41.3,84.2,0.993,3.22,0.59,11.23,5
5384,White,6.34,0.29,0.2,11.32,0.054,2.7,200.3,0.9983,3.16,0.5,10.57,5
5385,White,7.45,0.2,0.18,5.26,0.009,35.5,190.6,0.992,3.21,0.56,10.24,6
5386,White,5.26,0.28,0.31,1.42,0.031,44.5,183.1,0.9904,3.4,0.34,11.57,7
5387,White,9.4,0.22,0.52,6.59,0.063,49.4,221.9,0.9912,3.09,0.46,9.76,7
5388,White,6.62,0.35,0.25,0.6,0.037,26.0,145.7,0.9959,3.27,0.37,11.72,6
5389,White,5.72,0.31,0.16,6.48,0.027,28.1,97.6,0.9904,3.23,0.39,9.17,6
5390,White,5.79,0.23,0.26,10.61,0.01,48.7,211.4,0.9934,2.94,0.54,12.0,5
5391,White,6.9,0.21,0.19,5.6,0.053,27.5,171.2,0.9895,3.37,0.43,10.26,6
5392,White,6.44,0.12,0.3,10.62,0.026,70.0,178.4,0.992,3.37,0.52,12.29,7
5393,White,6.32,0.16,0.55,4.45,0.059,38.2,180.5,0.9913,3.05,0.52,11.36,6
5394,White,7.17,0.16,0.19,13.41,0.073,45.0,181.2,0.9967,3.25,0.54,10.49,5
5395,White,6.65,0.37,0.13,8.01,0.051,18.1,174.5,0.9966,3.08,0.46,10.84,6
5396,White,6.88,0.32,0.4,6.78,0.033,42.8,125.6,0.9959,2.94,0.48,10.66,5
5397,White,5.89,0.28,0.09,5.95,0.017,49.2,146.1,0.9962,3.37,0.7,12.05,5
5398,White,7.84,0.37,0.22,2.64,0.052,28.4,170.4,0.9922,3.24,0.63,11.06,5
5399,White,6.89,0.18,0.13,5.29,0.06,26.6,162.5,0.9864,3.15,0.37,11.59,6
5400,White,6.78,0.49,0.18,6.93,0.043,43.7,151.9,1.0009,2.99,0.51,10.96,8
5401,White,6.89,0.4,0.38,17.06,0.076,30.1,139.8,0.9929,2.93,0.38,11.98,7
5402,White,7.44,0.4,0.18,11.57,0.018,19.7,134.0,0.9903,3.18,0.29,11.15,7
5403,White,6.21,0.23,0.33,5.3,0.088,49.2,179.1,0.9933,3.02,0.57,11.23,5
5404,White,6.18,0.3,0.34,2.41,0.071,54.7,107.5,0.9908,3.03,0.58,10.5,5
5405,White,6.76,0.45,0.36,8.12,0.058,43.7,136.1,0.9918,3.28,0.52,10.41,6
5406,White,6.77,0.31,0.45,5.9,0.055,13.8,113.2,0.994,3.1,0.46,10.1,5
5407,White,6.84,0.29,0.32,4.36,0.071,51.7,179.4,0.9938,3.15,0.39,11.83,6
5408,White,7.45,0.3,0.51,3.4,0.02,29.2,173.4,0.9941,3.11,0.5,11.11,5
5409,White,6.32,0.37,0.44,8.11,0.034,47.2,134.4,0.9955,3.29,0.31,9.83,6
5410,White,7.76,0.15,0.33,9.82,0.031,53.8,149.0,0.9923,3.18,0.49,11.57,7
5411,White,6.71,0.27,0.37,13.59,0.056,46.9,140.3,0.992,3.11,0.35,12.2,6
5412,White,5.7,0.29,0.6,0.6,0.036,41.9,56.3,0.9962,3.27,0.4,10.41,6
5413,White,5.35,0.41,0.52,9.7,0.045,25.9,119.4,0.9955,3.38,0.71,10.34,6
5414,White,5.69,0.31,0.48,1.79,0.039,45.8,157.2,0.9911,3.33,0.56,11.11,6
5415,White,7.11,0.35,0.27,10.65,0.047,55.5,77.2,0.9937,3.28,0.58,11.29,7
5416,White,6.06,0.35,0.37,4.25,0.063,31.7,149.8,0.9904,3.19,0.41,12.18,6
5417,White,7.3,0.36,0.33,0.6,0.016,61.5,177.6,0.9944,2.94,0.37,11.86,5
5418,White,7.52,0.28,0.25,3.1,0.03,34.7,136.8,0.9895,3.18,0.66,10.92,6
5419,White,5.98,0.14,0.52,7.15,0.072,22.4,121.1,0.9974,3.14,0.37,11.61,6
5420,White,5.98,0.3,0.34,11.09,0.039,42.5,186.3,0.9928,3.24,0.47,11.39,7
5421,White,7.87,0.29,0.19,1.85,0.036,8.3,193.2,0.9967,3.17,0.43,11.95,6
5422,White,7.04,0.34,0.58,6.94,0.064,32.9,141.8,0.9934,3.14,0.41,11.78,6
5423,White,7.97,0.28,0.46,9.44,0.017,17.1,119.9,0.9995,3.39,0.62,9.94,5
5424,White,6.8,0.17,0.36,11.16,0.038,34.4,195.8,0.9966,3.32,0.22,10.69,6
5425,White,5.72,0.16,0.54,3.75,0.091,20.6,175.7,0.994,3.31,0.7,12.68,7
5426,White,5.18,0.18,0.12,9.16,0.05,36.2,120.9,0.991,3.07,0.57,10.82,6
5427,White,6.42,0.43,0.33,10.6,0.037,36.3,158.9,0.9955,2.96,0.64,11.68,6
5428,White,6.95,0.28,0.49,5.34,0.05,28.2,171.0,0.9916,3.34,0.55,12.11,5
5429,White,6.91,0.28,0.25,1.02,0.043,46.9,91.1,0.9932,3.29,0.38,12.81,6
5430,White,6.75,0.28,0.26,5.03,0.04,52.9,144.1,0.9946,3.3,0.4,10.97,5
5431,White,6.69,0.18,0.38,1.21,0.03,42.0,151.7,0.9975,3.33,0.65,9.0,6
5432,White,6.49,0.33,0.38,5.76,0.062,22.5,151.3,0.9901,3.0,0.4,11.61,5
5433,White,8.17,0.21,0.12,8.54,0.055,57.5,86.1,0.9964,3.11,0.49,10.02,4
5434,White,8.24,0.24,0.31,3.51,0.015,56.7,79.2,0.9963,3.11,0.48,12.22,6
5435,White,6.14,0.27,0.14,0.6,0.071,55.6,174.5,0.9963,3.23,0.43,9.47,6
5436,White,6.97,0.38,0.32,7.4,0.028,2.0,112.5,0.9928,3.41,0.52,9.2,6
5437,White,7.23,0.43,0.37,5.92,0.055,31.9,146.5,0.9964,3.24,0.61,9.96,6
5438,White,6.11,0.16,0.29,8.66,0.058,45.8,147.8,0.9951,3.08,0.46,10.09,5
5439,White,6.97,0.08,0.31,0.6,0.053,57.9,162.7,0.9913,3.17,0.43,9.95,7
5440,White,6.49,0.34,0.3,7.88,0.049,16.0,118.3,0.9935,3.12,0.39,12.05,7
5441,White,5.98,0.24,0.27,0.6,0.055,47.4,162.7,0.9935,3.25,0.41,12.03,6
5442,White,6.33,0.32,0.27,13.99,0.042,8.1,146.6,0.9955,3.13,0.43,10.27,5
5443,White,7.93,0.33,0.26,0.6,0.026,40.6,107.4,0.9947,3.21,0.57,10.77,7
5444,White,6.66,0.35,0.48,10.11,0.073,2.0,148.3,0.9918,3.08,0.65,11.9,6
5445,White,7.06,0.57,0.43,7.36,0.054,42.5,109.0,0.9941,3.31,0.49,9.55,6
5446,White,7.47,0.4,0.11,5.58,0.055,33.8,88.5,0.9925,3.08,0.6,10.45,6
5447,White,9.53,0.43,0.39,11.72,0.084,58.3,201.8,0.9915,3.17,0.62,11.84,5
5448,White,6.09,0.21,0.3,1.03,0.031,6.7,108.8,0.9961,3.07,0.53,9.64,6
5449,White,6.49,0.35,0.2,0.6,0.009,51.6,72.3,0.9934,2.99,0.52,12.34,6
5450,White,5.93,0.14,0.24,2.95,0.013,2.0,152.5,0.9961,3.11,0.47,9.76,6
5451,White,5.38,0.29,0.42,5.79,0.036,45.6,81.0,0.996,3.19,0.64,11.48,6
5452,White,7.46,0.3,0.53,0.6,0.018,72.2,202.5,0.9909,3.24,0.69,11.14,5
5453,White,8.64,0.19,0.33,0.6,0.022,42.6,157.4,0.9957,3.24,0.35,9.34,7
5454,White,6.23,0.37,0.24,4.49,0.04,45.1,138.5,0.9927,3.09,0.48,11.92,6
5455,White,4.9,0.23,0.37,1.69,0.034,45.1,195.5,0.9983,3.39,0.28,9.7,5
5456,White,7.51,0.13,0.28,13.1,0.041,51.4,121.3,0.9953,3.01,0.49,10.48,6
5457,White,5.99,0.46,0.21,11.23,0.046,31.5,126.5,0.9915,3.12,0.46,8.99,6
5458,White,5.75,0.08,0.22,5.5,0.048,53.8,115.1,0.998,2.94,0.42,12.37,6
5459,White,7.07,0.35,0.57,0.6,0.051,30.8,74.9,0.9929,3.09,0.61,10.49,5
5460,White,6.52,0.24,0.33,5.06,0.026,24.8,171.4,0.9953,3.47,0.54,11.34,6
5461,White,7.34,0.3,0.2,3.82,0.036,19.1,175.4,0.9933,3.33,0.54,11.64,7
5462,White,5.62,0.37,0.39,9.9,0.009,58.2,99.3,0.9952,3.08,0.6,10.39,6
5463,White,7.31,0.23,0.43,13.64,0.076,40.1,61.7,0.992,3.18,0.37,11.93,5
5464,White,6.75,0.27,0.15,10.11,0.031,25.9,173.8,0.9917,3.18,0.84,10.95,6
5465,White,7.02,0.33,0.48,12.22,0.034,34.5,88.8,0.9945,3.29,0.36,11.35,6
5466,White,7.45,0.28,0.51,3.16,0.042,40.9,171.7,0.9907,3.1,0.61,11.61,6
5467,White,5.97,0.27,0.22,1.49,0.039,11.1,198.9,0.9936,3.25,0.52,12.36,7
5468,White,5.72,0.41,0.35,3.31,0.009,17.8,213.9,0.9987,3.2,0.45,10.94,7
5469,White,6.56,0.3,0.24,0.6,0.058,37.6,124.1,0.9905,3.25,0.49,9.76,5
5470,White,7.32,0.38,0.45,8.71,0.035,51.5,118.5,0.9948,3.27,0.61,10.19,7
5471,White,6.22,0.22,0.32,18.16,0.034,23.2,81.6,0.9945,3.2,0.59,11.82,7
5472,White,5.99,0.32,0.3,3.14,0.045,44.6,99.0,0.9952,3.35,0.35,11.9,7
5473,White,7.49,0.19,0.44,11.8,0.07,30.4,127.6,0.9946,3.13,0.51,9.42,5
5474,White,5.72,0.28,0.19,13.71,0.044,24.8,156.7,0.9952,3.05,0.43,12.38,7
5475,White,6.46,0.25,0.47,14.68,0.058,38.6,163.5,0.9991,3.07,0.67,11.75,4
5476,White,6.06,0.21,0.33,12.95,0.055,53.1,88.9,0.9925,3.21,0.55,12.54,6
5477,White,8.1,0.3,0.22,3.67,0.073,37.9,177.0,0.9953,3.3,0.51,10.0,6
5478,White,5.76,0.24,0.29,14.08,0.029,48.4,133.8,0.9935,3.35,0.43,10.47,5
5479,White,7.35,0.45,0.33,1.2,0.075,50.1,22.3,0.9919,2.94,0.62,10.12,5
5480,White,8.22,0.12,0.44,4.59,0.031,34.2,112.7,0.9998,3.4,0.67,11.38,6
5481,White,5.87,0.1,0.22,6.36,0.061,41.1,125.8,0.9929,3.12,0.34,9.4,5
5482,White,6.0,0.32,0.32,1.44,0.08,50.6,101.8,0.9921,3.07,0.32,11.17,5
5483,White,6.57,0.39,0.27,7.28,0.034,55.4,139.7,0.9948,3.32,0.67,10.04,6
5484,White,7.82,0.18,0.36,8.42,0.066,69.4,67.4,0.9919,3.38,0.37,11.02,6
5485,White,7.35,0.26,0.39,11.73,0.064,24.4,89.3,0.9922,3.04,0.46,10.76,5
5486,White,7.0,0.35,0.2,8.29,0.077,53.6,131.6,0.9972,2.96,0.46,11.42,6
5487,White,6.46,0.24,0.34,0.66,0.057,83.1,103.3,0.9928,3.06,0.63,14.2,7
5488,White,6.9,0.32,0.29,7.92,0.063,2.0,169.4,0.9982,2.94,0.51,10.81,8
5489,White,7.49,0.18,0.36,6.46,0.043,33.9,165.5,0.9899,3.43,0.45,12.52,6
5490,White,6.91,0.16,0.37,8.27,0.059,29.1,171.2,0.9935,3.27,0.48,11.55,6
5491,White,5.68,0.33,0.3,0.6,0.066,41.0,146.1,0.9916,3.28,0.64,11.39,6
5492,White,5.96,0.16,0.4,10.13,0.042,34.1,105.6,0.9899,3.07,0.6,12.67,6
5493,White,7.48,0.44,0.37,14.61,0.059,42.3,148.0,0.9942,3.26,0.36,11.04,5
5494,White,8.03,0.36,0.31,8.09,0.009,36.7,122.5,0.999,3.24,0.46,13.09,7
5495,White,7.28,0.26,0.41,3.67,0.03,7.9,38.8,0.9895,3.33,0.27,10.7,6
5496,White,6.41,0.29,0.43,0.6,0.029,8.6,170.3,0.9941,3.19,0.51,8.89,5
5497,White,7.54,0.31,0.32,0.6,0.035,48.1,171.2,0.9937,3.4,0.4,11.02,6
5498,White,5.95,0.2,0.36,7.65,0.061,64.2,150.0,0.9941,3.29,0.37,12.17,6
5499,White,6.76,0.34,0.45,7.47,0.051,46.0,111.8,0.9887,3.26,0.38,11.12,5
5500,White,5.82,0.29,0.46,5.37,0.07,11.4,154.0,0.9937,3.16,0.49,10.53,6
5501,White,6.29,0.27,0.36,3.85,0.063,27.3,160.7,0.9965,3.09,0.4,11.75,5
5502,White,5.86,0.36,0.27,11.1,0.025,12.2,100.1,0.9955,3.04,0.26,10.05,5
5503,White,6.5,0.31,0.05,0.6,0.051,37.7,56.1,0.9928,3.32,0.52,11.77,7
5504,White,6.26,0.34,0.31,14.67,0.046,46.6,113.3,0.9966,3.26,0.52,11.84,6
5505,White,6.92,0.5,0.24,10.47,0.082,53.0,157.7,0.9933,3.35,0.42,10.61,6
5506,White,6.88,0.26,0.15,15.44,0.012,11.0,93.3,0.9922,3.07,0.52,9.23,3
5507,White,6.04,0.25,0.29,0.61,0.038,34.1,154.3,0.9887,3.33,0.4,12.82,6
5508,White,6.59,0.36,0.52,7.99,0.039,48.3,115.6,0.9949,3.22,0.4,11.55,7
5509,White,6.45,0.27,0.18,9.26,0.058,35.9,128.4,0.9943,3.16,0.74,11.2,7
5510,White,6.7,0.3,0.26,10.58,0.051,21.8,146.8,0.9915,3.33,0.64,10.3,6
5511,White,8.03,0.4,0.44,5.75,0.022,64.3,101.0,0.9931,3.13,0.41,11.84,6
5512,White,7.38,0.35,0.23,7.12,0.044,70.8,208.1,0.988,3.19,0.24,10.86,6
5513,White,7.41,0.08,0.34,6.48,0.063,47.1,142.4,0.9932,3.09,0.47,11.18,6
5514,White,4.11,0.12,0.28,1.36,0.058,38.0,68.5,0.9962,3.19,0.53,11.51,7
5515,White,7.56,0.34,0.16,6.37,0.073,51.1,112.4,0.9953,2.97,0.58,11.96,6
5516,White,5.51,0.15,0.36,0.6,0.051,32.5,182.3,0.9967,3.26,0.57,12.45,5
5517,White,8.16,0.37,0.35,5.01,0.066,68.2,143.0,0.9959,3.35,0.51,10.1,5
5518,White,6.0,0.25,0.24,9.98,0.063,49.0,230.7,0.9951,2.72,0.41,11.25,7
5519,White,8.4,0.24,0.47,12.29,0.026,67.7,127.4,0.9895,3.62,0.52,11.67,6
5520,White,7.22,0.28,0.22,7.25,0.031,34.7,34.9,0.9925,3.29,0.39,11.6,7
5521,White,7.66,0.31,0.55,7.43,0.032,30.4,166.8,0.9961,3.13,0.61,12.52,7
5522,White,6.58,0.16,0.27,10.68,0.032,55.7,156.0,0.9974,3.24,0.32,11.96,6
5523,White,6.93,0.34,0.26,4.25,0.053,70.1,33.7,0.9902,3.28,0.49,8.0,5
5524,White,7.0,0.25,0.41,7.75,0.043,49.1,79.9,0.9908,3.03,0.55,10.52,5
5525,White,7.26,0.35,0.37,5.89,0.043,45.4,48.9,0.9931,2.94,0.46,9.93,6
5526,White,8.2,0.4,0.32,7.31,0.069,36.9,148.9,0.9924,3.29,0.51,10.23,7
5527,White,7.93,0.38,0.39,18.9,0.048,38.5,180.2,0.9972,3.12,0.43,12.17,6
5528,White,6.48,0.2,0.3,10.94,0.028,45.0,158.7,0.9893,3.21,0.47,12.44,6
5529,White,7.73,0.12,0.56,7.32,0.109,37.6,122.6,0.9963,3.05,0.43,11.22,7
5530,White,6.1,0.33,0.07,10.01,0.01,30.2,96.8,0.9964,3.03,0.39,10.43,6
5531,White,6.82,0.24,0.29,7.38,0.051,37.8,171.4,0.995,2.97,0.41,10.71,6
5532,White,6.38,0.4,0.41,4.66,0.025,31.1,138.8,0.9923,3.22,0.49,10.04,5
5533,White,7.76,0.32,0.18,4.48,0.018,59.7,89.3,0.9969,3.37,0.45,11.29,5
5534,White,7.8,0.27,0.49,2.57,0.054,39.0,106.4,0.9895,3.0,0.29,10.89,6
5535,White,8.06,0.29,0.36,9.13,0.025,30.0,33.4,0.9965,3.22,0.44,10.47,4
5536,White,6.59,0.08,0.28,6.04,0.045,40.9,166.3,0.9947,2.97,0.66,11.2,7
5537,White,6.92,0.39,0.29,0.6,0.009,17.9,171.0,0.9949,3.31,0.44,11.24,5
5538,White,8.15,0.2,0.35,0.6,0.056,30.4,109.0,0.9946,3.14,0.22,11.13,5
5539,White,6.19,0.12,0.17,6.17,0.075,14.6,89.5,0.988,3.04,0.35,10.44,6
5540,White,6.51,0.16,0.17,5.0,0.032,59.7,87.7,0.9992,2.99,0.47,11.9,6
5541,White,6.91,0.36,0.2,0.6,0.041,34.1,108.5,0.9973,3.28,0.46,12.18,6
5542,White,7.53,0.21,0.46,8.08,0.08,33.7,151.1,0.9961,3.09,0.56,10.02,5
5543,White,6.57,0.1,0.28,11.25,0.036,42.7,165.6,0.9984,3.22,0.56,9.65,5
5544,White,5.83,0.38,0.21,5.87,0.079,44.5,120.8,0.9952,3.13,0.51,12.12,5
5545,White,4.94,0.16,0.48,2.55,0.061,33.3,156.2,0.9946,3.08,0.59,12.3,7
5546,White,7.28,0.14,0.4,4.62,0.079,51.8,69.2,0.9955,3.31,0.51,11.27,6
5547,White,6.41,0.27,0.27,0.6,0.057,54.1,148.7,0.9921,3.15,0.57,11.89,6
5548,White,6.2,0.09,0.31,8.63,0.082,59.4,137.3,0.997,3.09,0.59,10.87,6
5549,White,5.43,0.22,0.28,10.52,0.079,48.4,111.3,0.9978,2.9,0.61,10.29,5
5550,White,6.4,0.21,0.23,6.8,0.065,48.2,106.3,0.9964,3.13,0.4,10.45,7
5551,White,7.52,0.27,0.26,7.36,0.051,57.0,128.2,0.9902,2.86,0.49,11.37,6
5552,White,8.71,0.44,0.37,6.45,0.046,52.1,150.8,0.9895,3.04,0.46,10.75,6
5553,White,6.08,0.27,0.3,9.98,0.011,16.1,105.1,0.9946,3.27,0.64,12.23,5
5554,White,7.7,0.25,0.5,3.84,0.058,24.8,160.2,0.996,3.03,0.61,14.2,8
5555,White,5.76,0.24,0.28,8.05,0.075,28.2,78.2,0.9951,2.98,0.39,8.24,5
5556,White,6.38,0.34,0.24,5.23,0.031,42.7,138.9,0.9947,3.37,0.43,11.14,6
5557,White,6.08,0.33,0.29,1.89,0.013,32.3,188.0,0.9881,3.28,0.68,11.28,6
5558,White,6.91,0.32,0.55,8.89,0.026,34.7,113.3,0.9919,3.4,0.58,12.42,5
5559,White,5.63,0.27,0.32,0.6,0.024,22.9,106.7,0.9961,3.13,0.54,11.24,7
5560,White,8.57,0.26,0.5,0.6,0.03,17.1,63.7,0.9989,3.04,0.47,12.01,6
5561,White,7.13,0.32,0.39,5.52,0.018,68.8,115.8,0.9914,2.99,0.44,10.15,5
5562,White,6.09,0.25,0.47,8.6,0.009,53.8,146.5,0.9914,3.15,0.51,10.83,7
5563,White,6.29,0.21,0.32,12.09,0.067,46.6,174.3,0.9986,2.97,0.45,12.74,6
5564,White,8.35,0.17,0.59,7.3,0.035,4.9,103.6,0.9885,3.42,0.62,12.08,7
5565,White,5.87,0.31,0.32,1.69,0.055,43.1,116.7,0.9947,3.07,0.4,10.47,6
5566,White,6.04,0.26,0.45,0.6,0.049,30.5,106.0,0.9969,3.1,0.4,9.89,5
5567,White,7.17,0.32,0.38,6.97,0.032,21.6,116.3,0.9947,2.98,0.29,12.17,6
5568,White,6.14,0.24,0.3,19.32,0.035,48.5,164.3,0.9966,3.51,0.58,11.78,6
5569,White,8.32,0.22,0.2,0.6,0.014,10.6,114.3,0.9904,3.3,0.61,9.06,6
5570,White,7.67,0.18,0.51,2.2,0.068,25.9,210.8,0.9937,3.16,0.59,11.38,4
5571,White,8.14,0.3,0.37,0.6,0.037,75.4,124.6,0.9962,3.09,0.47,12.86,6
5572,White,5.83,0.41,0.43,6.3,0.057,30.5,126.2,0.9974,3.47,0.58,8.76,5
5573,White,7.83,0.26,0.36,13.17,0.025,3.0,117.0,0.9966,3.22,0.58,10.21,7
5574,White,7.1,0.21,0.26,9.53,0.037,45.0,62.9,0.9911,3.27,0.37,11.46,6
5575,White,5.58,0.17,0.25,11.24,0.074,31.5,153.7,0.9912,3.18,0.65,11.94,7
5576,White,7.41,0.49,0.34,3.58,0.073,2.0,99.8,0.9964,3.11,0.59,11.33,6
5577,White,7.42,0.26,0.2,5.53,0.034,40.3,88.6,0.9944,3.1,0.41,11.44,5
5578,White,6.47,0.3,0.17,15.3,0.041,31.2,126.0,0.9947,3.38,0.43,11.11,6
5579,White,8.85,0.31,0.56,5.31,0.029,37.0,141.4,0.9961,3.27,0.52,11.94,5
5580,White,8.25,0.35,0.32,8.76,0.022,20.9,148.5,0.9965,2.89,0.39,11.92,7
5581,White,7.55,0.11,0.38,16.59,0.044,39.6,179.7,0.9964,3.26,0.38,11.5,8
5582,White,7.78,0.25,0.26,0.6,0.058,44.3,165.7,0.9964,3.4,0.69,12.14,5
5583,White,6.83,0.26,0.28,4.88,0.045,2.0,161.2,0.9913,3.11,0.43,12.07,6
5584,White,6.39,0.27,0.39,15.76,0.024,40.7,90.4,0.989,3.1,0.56,12.81,7
5585,White,6.25,0.23,0.28,8.44,0.023,11.9,248.6,0.9941,3.27,0.29,9.47,6
5586,White,7.1,0.2,0.49,15.36,0.073,25.3,126.9,0.9925,3.26,0.35,10.06,6
5587,White,6.47,0.13,0.25,0.6,0.053,42.4,143.2,0.9964,3.32,0.38,12.44,7
5588,White,6.8,0.21,0.32,3.52,0.009,63.5,131.2,0.9955,3.08,0.56,11.11,6
5589,White,8.24,0.35,0.41,4.12,0.056,37.3,96.4,0.9942,3.35,0.68,11.18,7
5590,White,6.07,0.24,0.28,7.45,0.074,64.1,179.4,0.9963,3.03,0.34,11.17,7
5591,White,7.39,0.16,0.51,3.6,0.062,57.2,122.5,0.9898,3.19,0.69,9.31,6
5592,White,5.8,0.2,0.41,8.16,0.066,13.8,190.3,0.9973,3.28,0.56,11.57,5
5593,White,6.53,0.35,0.59,0.6,0.037,49.8,161.5,0.9921,3.08,0.56,10.76,6
5594,White,7.09,0.29,0.53,0.6,0.072,61.3,121.4,0.9958,3.03,0.66,9.71,7
5595,White,6.47,0.38,0.34,6.45,0.014,16.9,83.3,0.9928,3.19,0.42,10.14,5
5596,White,6.08,0.35,0.33,8.21,0.063,25.2,176.8,0.9979,3.14,0.44,9.89,7
5597,White,5.85,0.21,0.34,1.63,0.038,23.7,104.1,0.9909,3.2,0.55,11.75,6
5598,White,5.77,0.23,0.35,7.31,0.036,18.6,174.2,0.988,3.01,0.53,10.98,7
5599,White,6.11,0.27,0.54,0.6,0.083,30.8,167.4,0.9923,3.19,0.37,10.77,6
5600,White,6.73,0.31,0.28,13.53,0.046,21.6,165.3,0.9967,3.06,0.77,11.81,8
5601,White,6.26,0.32,0.29,4.65,0.029,42.4,175.2,0.9909,3.17,0.55,11.54,7
5602,White,7.04,0.27,0.4,4.95,0.038,25.4,129.6,0.994,3.01,0.43,11.33,5
5603,White,5.87,0.19,0.49,3.78,0.058,39.7,128.2,0.9977,3.27,0.79,12.12,5
5604,White,7.25,0.34,0.39,8.42,0.055,24.6,184.9,0.9965,2.84,0.69,11.47,6
5605,White,7.34,0.21,0.24,5.87,0.047,46.8,93.2,0.9886,3.11,0.37,11.01,5
5606,White,7.72,0.25,0.31,12.4,0.045,49.7,206.7,0.9919,3.38,0.52,10.58,4
5607,White,6.12,0.26,0.29,6.98,0.036,39.4,150.8,0.994,3.04,0.41,11.81,5
5608,White,7.26,0.17,0.44,4.08,0.039,18.4,178.3,0.9919,3.19,0.38,11.85,7
5609,White,6.94,0.1,0.46,0.6,0.009,28.4,151.5,0.9939,3.03,0.37,10.29,5
5610,White,6.97,0.27,0.49,4.71,0.063,29.9,139.1,0.9958,3.33,0.61,10.76,6
5611,White,6.56,0.43,0.17,0.6,0.01,26.1,203.5,0.9938,3.3,0.51,11.89,6
5612,White,5.37,0.19,0.2,1.05,0.034,47.3,126.4,0.9941,3.09,0.37,9.79,6
5613,White,5.7,0.28,0.43,8.16,0.057,41.9,221.6,0.9953,3.09,0.55,10.72,6
5614,White,7.51,0.37,0.25,0.6,0.021,15.2,167.4,0.9975,3.35,0.36,9.15,4
5615,White,5.79,0.28,0.28,5.72,0.077,69.3,96.3,0.9973,3.12,0.56,11.58,7
5616,White,7.55,0.28,0.45,0.6,0.06,19.9,108.7,0.9903,3.27,0.39,11.38,7
5617,White,6.53,0.4,0.37,0.6,0.048,45.6,164.9,0.9952,2.85,0.6,9.9,5
5618,White,7.26,0.33,0.47,0.6,0.039,78.7,241.7,0.9923,3.06,0.38,12.21,6
5619,White,6.39,0.4,0.36,1.16,0.023,49.9,74.2,0.9936,3.03,0.58,11.06,5
5620,White,5.95,0.36,0.45,6.21,0.068,46.7,122.9,0.9965,2.97,0.44,10.71,7
5621,White,5.89,0.09,0.34,8.9,0.055,68.5,159.3,0.994,3.07,0.68,12.19,8
5622,White,7.01,0.27,0.21,6.97,0.045,31.2,126.0,0.9939,3.16,0.54,12.31,6
5623,White,7.42,0.27,0.29,0.76,0.028,23.7,126.0,0.993,3.08,0.45,9.98,5
5624,White,7.78,0.36,0.37,4.51,0.01,22.3,132.3,0.9893,3.17,0.4,11.35,6
5625,White,7.74,0.3,0.36,0.6,0.045,17.1,98.8,0.9938,2.94,0.66,12.24,6
5626,White,7.06,0.31,0.35,5.0,0.019,37.9,106.1,0.9937,3.02,0.4,11.76,7
5627,White,7.52,0.41,0.46,15.45,0.093,2.0,85.1,0.9956,3.07,0.62,11.32,6
5628,White,6.6,0.3,0.59,8.51,0.051,28.2,162.7,0.9897,3.26,0.44,8.9,5
5629,White,6.62,0.29,0.45,8.09,0.03,42.2,145.4,0.9929,3.32,0.49,10.2,4
5630,White,5.89,0.22,0.53,0.6,0.07,2.0,157.4,0.9957,3.42,0.38,9.29,5
5631,White,7.01,0.23,0.43,10.0,0.049,9.3,106.9,0.996,3.29,0.36,10.25,5
5632,White,5.53,0.35,0.39,10.25,0.05,40.4,177.9,0.9968,3.02,0.39,11.9,4
5633,White,7.67,0.41,0.3,4.77,0.022,37.8,136.0,0.9973,3.1,0.51,12.38,5
5634,White,5.75,0.43,0.16,18.77,0.052,53.5,143.9,0.9969,3.2,0.37,10.62,7
5635,White,6.47,0.29,0.18,10.36,0.012,33.9,106.5,0.9943,3.27,0.51,12.22,6
5636,White,7.62,0.38,0.27,5.72,0.026,32.1,141.3,0.9936,3.17,0.44,10.57,6
5637,White,7.54,0.39,0.3,0.6,0.054,2.4,83.2,0.9942,3.11,0.41,9.49,5
5638,White,7.35,0.43,0.13,8.56,0.009,31.5,142.0,0.9966,3.0,0.65,12.03,6
5639,White,7.62,0.26,0.28,8.54,0.067,24.2,60.1,0.9952,3.17,0.47,13.01,8
5640,White,6.29,0.09,0.32,4.5,0.034,45.6,181.1,0.9931,2.97,0.57,10.16,6
5641,White,5.7,0.19,0.59,0.6,0.036,71.8,137.1,0.9923,3.19,0.53,9.65,6
5642,White,7.04,0.33,0.32,0.6,0.085,7.8,148.2,0.9961,3.15,0.37,11.73,5
5643,White,5.45,0.23,0.35,5.83,0.053,41.3,212.8,0.9928,2.96,0.37,11.62,6
5644,White,5.57,0.35,0.29,14.38,0.066,24.4,65.8,0.9885,3.24,0.5,10.43,5
5645,White,8.9,0.26,0.34,9.6,0.049,72.3,122.3,0.9921,3.12,0.49,11.65,6
5646,White,6.54,0.24,0.25,4.65,0.053,23.6,88.9,0.9943,3.17,0.37,12.83,8
5647,White,7.95,0.29,0.31,5.61,0.021,31.5,221.5,0.9938,3.21,0.52,10.59,5
5648,White,7.55,0.31,0.42,7.7,0.014,26.8,198.5,1.0004,3.15,0.53,10.99,6
5649,White,7.34,0.15,0.21,8.19,0.009,26.7,109.9,0.9921,3.27,0.35,10.99,5
5650,White,9.36,0.4,0.38,0.6,0.069,30.0,126.9,0.9951,2.98,0.45,9.04,5
5651,White,6.93,0.22,0.36,7.36,0.023,40.8,55.7,0.9926,3.15,0.68,11.44,5
5652,White,7.19,0.27,0.38,9.54,0.081,40.3,175.3,0.9929,3.19,0.39,10.08,5
5653,White,6.77,0.32,0.53,0.6,0.062,55.8,149.6,0.9964,3.04,0.52,10.63,6
5654,White,6.38,0.26,0.24,21.81,0.074,66.7,110.9,0.997,2.96,0.45,10.4,5
5655,White,7.84,0.09,0.3,15.19,0.049,24.7,107.4,0.9879,3.11,0.44,11.29,8
5656,White,6.49,0.08,0.45,9.4,0.044,68.9,96.6,0.9909,3.17,0.6,10.38,6
5657,White,6.81,0.36,0.51,6.52,0.043,27.9,59.3,0.9961,3.3,0.47,12.63,7
5658,White,6.79,0.17,0.29,3.04,0.049,44.5,190.6,0.9997,3.27,0.55,10.55,5
5659,White,5.66,0.3,0.3,4.34,0.096,55.8,169.1,0.9958,3.3,0.44,10.88,5
5660,White,7.18,0.32,0.36,15.59,0.027,18.3,111.6,0.989,2.88,0.65,10.95,6
5661,White,6.11,0.28,0.17,6.6,0.059,41.7,87.8,0.9992,2.99,0.43,10.61,6
5662,White,8.41,0.26,0.37,2.39,0.022,71.5,127.2,0.9932,3.2,0.62,11.33,6
5663,White,7.36,0.38,0.28,3.5,0.028,36.6,149.6,0.9907,3.18,0.52,11.57,7
5664,White,7.47,0.27,0.31,10.7,0.049,43.7,84.8,0.9937,3.16,0.45,10.56,6
5665,White,6.68,0.21,0.29,11.93,0.036,19.7,177.3,0.9942,3.04,0.66,13.29,8
5666,White,7.03,0.4,0.36,1.06,0.04,55.4,106.3,0.9918,3.08,0.53,10.38,6
5667,White,7.39,0.32,0.57,0.6,0.009,2.0,173.0,0.9953,3.4,0.47,11.75,5
5668,White,8.09,0.12,0.41,2.62,0.03,44.4,174.5,1.0,3.12,0.62,10.13,5
5669,White,6.19,0.36,0.31,1.05,0.069,46.5,122.3,0.9929,3.2,0.58,11.05,5
5670,White,7.44,0.14,0.28,9.83,0.044,14.8,102.8,0.9973,3.29,0.49,10.84,5
5671,White,6.19,0.35,0.4,0.6,0.05,38.1,129.7,0.9939,3.28,0.63,10.11,5
5672,White,8.31,0.08,0.22,0.6,0.039,27.4,219.0,0.9921,3.05,0.35,10.13,5
5673,White,7.03,0.18,0.35,3.52,0.062,30.9,73.9,0.9891,3.11,0.55,11.33,7
5674,White,6.35,0.28,0.28,11.07,0.03,45.0,156.7,0.995,2.82,0.74,12.33,7
5675,White,6.91,0.32,0.4,5.7,0.017,42.2,142.4,0.9941,3.22,0.35,9.79,6
5676,White,7.12,0.41,0.31,3.9,0.064,35.5,112.7,0.9941,3.35,0.4,12.04,7
5677,White,6.91,0.24,0.49,8.78,0.058,30.4,178.2,0.9946,3.2,0.4,11.52,7
5678,White,6.83,0.37,0.43,9.63,0.017,39.5,170.6,0.9936,3.15,0.69,11.46,5
5679,White,6.23,0.33,0.37,6.36,0.058,29.3,142.8,0.9954,2.88,0.39,11.26,6
5680,White,6.89,0.29,0.18,0.6,0.039,9.1,106.1,0.9914,2.87,0.59,10.2,6
5681,White,6.37,0.18,0.34,12.46,0.049,30.3,164.7,0.9965,3.22,0.47,11.01,7
5682,White,6.72,0.26,0.3,10.87,0.039,47.3,164.6,0.9912,3.11,0.45,11.78,6
5683,White,7.52,0.24,0.25,8.48,0.03,19.6,128.9,0.9937,2.72,0.57,11.5,7
5684,White,8.81,0.41,0.36,5.02,0.031,48.5,146.2,0.9939,2.9,0.63,10.05,5
5685,White,8.62,0.29,0.49,11.14,0.059,6.2,133.0,0.9914,3.12,0.36,10.24,5
5686,White,7.95,0.2,0.35,8.37,0.037,37.3,134.0,0.9958,3.22,0.42,12.13,6
5687,White,7.11,0.39,0.14,7.77,0.044,58.1,55.0,0.9939,2.9,0.42,11.62,7
5688,White,7.58,0.22,0.3,4.5,0.009,8.8,131.1,0.992,3.26,0.54,12.45,6
5689,White,7.55,0.49,0.07,13.83,0.035,40.4,130.3,0.9962,3.36,0.66,10.46,6
5690,White,5.66,0.24,0.3,12.94,0.023,11.6,159.9,0.9897,3.35,0.29,10.49,6
5691,White,7.52,0.36,0.34,2.88,0.034,29.1,149.9,0.9912,3.25,0.32,10.45,6
5692,White,6.31,0.2,0.29,2.43,0.039,62.5,150.3,0.9953,3.14,0.55,11.11,5
5693,White,6.65,0.28,0.2,8.01,0.083,5.5,181.3,0.9989,3.3,0.49,10.64,5
5694,White,7.08,0.13,0.31,9.05,0.095,18.4,129.0,0.9958,3.04,0.46,12.29,5
5695,White,6.75,0.39,0.2,11.58,0.048,56.1,63.7,0.99,3.04,0.55,9.64,6
5696,White,6.9,0.28,0.48,1.63,0.067,60.1,99.4,0.9986,3.15,0.82,10.6,5
5697,White,5.74,0.11,0.35,7.48,0.033,34.0,146.9,0.9905,3.03,0.49,9.79,8
5698,White,8.07,0.18,0.59,7.8,0.033,50.0,190.6,0.9931,3.36,0.56,9.87,4
5699,White,6.21,0.45,0.42,3.99,0.057,60.1,210.9,0.9936,3.08,0.55,12.3,8
5700,White,7.71,0.35,0.3,13.01,0.045,8.9,127.2,0.9998,3.08,0.5,10.14,5
5701,White,6.61,0.39,0.69,6.06,0.009,32.0,119.3,0.9975,3.1,0.73,11.16,7
5702,White,6.71,0.19,0.28,8.35,0.036,49.6,114.6,0.9923,3.16,0.62,9.82,5
5703,White,7.65,0.23,0.35,16.63,0.017,26.3,98.0,0.9926,2.95,0.24,12.4,6
5704,White,7.78,0.35,0.24,4.92,0.046,24.5,176.1,0.9929,3.15,0.57,9.83,5
5705,White,8.3,0.12,0.22,17.41,0.042,9.3,169.5,0.9933,3.2,0.42,11.46,7
5706,White,6.98,0.51,0.32,7.2,0.045,45.4,132.2,0.9914,3.23,0.55,11.85,7
5707,White,7.01,0.18,0.36,1.46,0.024,49.9,260.2,0.9936,2.89,0.57,10.6,6
5708,White,6.62,0.27,0.56,8.99,0.045,52.6,121.5,0.9954,3.25,0.53,13.13,7
5709,White,7.29,0.42,0.13,7.15,0.054,2.0,112.5,0.993,3.15,0.32,10.66,5
5710,White,6.17,0.1,0.44,7.04,0.068,25.5,230.6,0.9934,3.3,0.58,10.41,6
5711,White,6.44,0.47,0.27,17.32,0.028,44.1,211.6,0.9979,3.24,0.52,12.62,8
5712,White,5.61,0.33,0.47,3.31,0.034,27.7,120.7,0.9954,3.0,0.48,13.36,6
5713,White,6.52,0.34,0.39,4.22,0.037,23.7,130.9,0.9957,3.33,0.73,10.39,7
5714,White,6.92,0.2,0.33,4.87,0.09,24.4,122.3,0.9979,3.47,0.55,9.65,5
5715,White,6.18,0.27,0.24,12.92,0.08,53.8,97.9,0.9936,3.11,0.55,10.33,7
5716,White,8.51,0.26,0.27,8.03,0.036,34.0,143.4,0.9945,3.26,0.64,11.57,7
5717,White,7.0,0.16,0.36,3.75,0.05,26.3,112.0,1.0001,3.28,0.44,8.3,3
5718,White,5.05,0.28,0.24,4.89,0.04,48.6,63.5,0.9935,3.02,0.51,11.68,6
5719,White,5.68,0.52,0.42,4.26,0.057,21.0,193.6,0.9938,3.31,0.5,9.58,5
5720,White,6.45,0.18,0.4,6.28,0.009,54.1,184.5,0.9933,3.07,0.43,11.2,6
5721,White,5.83,0.22,0.25,3.64,0.06,44.2,134.0,0.9991,3.07,0.51,12.18,6
5722,White,7.98,0.08,0.22,5.5,0.047,2.0,215.7,0.9922,3.29,0.42,11.71,6
5723,White,8.3,0.17,0.39,8.31,0.058,12.6,163.0,0.9961,2.92,0.57,11.36,5
5724,White,8.62,0.42,0.48,6.67,0.009,29.4,215.3,0.992,3.18,0.65,10.68,6
5725,White,5.68,0.25,0.32,0.6,0.023,71.0,128.4,0.9989,3.04,0.42,12.13,6
5726,White,6.66,0.27,0.31,6.09,0.092,36.3,100.7,0.995,3.26,0.47,12.74,6
5727,White,8.37,0.24,0.4,0.6,0.026,43.4,156.9,0.9902,2.95,0.45,11.6,7
5728,White,7.12,0.08,0.31,6.16,0.056,33.8,194.5,0.9885,3.04,0.57,11.03,5
5729,White,7.33,0.33,0.31,9.82,0.018,45.9,212.4,0.9942,3.14,0.41,10.91,6
5730,White,7.24,0.08,0.46,9.71,0.066,29.4,116.8,0.996,3.1,0.65,10.96,6
5731,White,7.15,0.29,0.45,7.34,0.075,35.1,129.1,0.9955,3.28,0.39,10.76,7
5732,White,5.63,0.17,0.3,5.0,0.115,52.5,179.4,0.9973,3.41,0.4,10.65,6
5733,White,7.17,0.16,0.45,13.07,0.062,2.0,189.2,0.9963,3.3,0.6,10.82,5
5734,White,8.29,0.08,0.38,1.49,0.049,32.7,103.5,0.9949,3.34,0.5,10.18,5
5735,White,6.42,0.13,0.1,6.32,0.063,41.9,151.7,0.9921,3.28,0.48,11.69,6
5736,White,7.71,0.3,0.34,13.98,0.026,38.5,103.5,0.9951,3.46,0.54,10.54,4
5737,White,7.67,0.09,0.23,4.73,0.046,46.8,192.9,1.0003,3.09,0.46,10.51,6
5738,White,6.08,0.1,0.43,14.35,0.032,49.4,95.1,0.9956,3.3,0.39,10.92,6
5739,White,6.16,0.36,0.29,12.59,0.059,25.9,148.9,0.9912,3.03,0.44,11.96,6
5740,White,6.11,0.31,0.28,2.61,0.052,10.6,83.5,0.9935,3.1,0.6,10.88,5
5741,White,6.0,0.22,0.52,6.01,0.083,54.1,137.6,0.9914,3.27,0.34,9.88,4
5742,White,5.89,0.08,0.18,2.42,0.009,15.2,96.4,0.9972,3.52,0.47,10.3,6
5743,White,5.79,0.29,0.33,6.77,0.054,27.2,140.7,0.998,3.4,0.36,9.84,5
5744,White,6.3,0.39,0.21,2.01,0.019,35.3,181.1,0.994,3.37,0.22,10.68,5
5745,White,6.33,0.21,0.43,11.53,0.04,6.1,164.7,0.9899,3.12,0.45,10.87,5
5746,White,5.12,0.33,0.33,6.22,0.038,41.5,151.6,0.9963,3.06,0.52,10.07,5
5747,White,6.72,0.23,0.35,6.37,0.009,2.0,206.1,0.9915,3.44,0.59,10.68,6
5748,White,7.11,0.13,0.21,3.35,0.009,41.6,202.1,0.9962,3.23,0.41,11.37,5
5749,White,6.93,0.2,0.34,0.6,0.067,17.7,224.8,0.9986,3.01,0.31,10.94,6
5750,White,6.99,0.31,0.0,7.34,0.058,45.4,84.1,0.9931,2.99,0.22,11.29,6
5751,White,6.3,0.47,0.17,2.25,0.031,32.1,179.5,0.9958,3.12,0.57,11.84,6
5752,White,7.16,0.4,0.4,0.6,0.055,25.5,104.9,0.9918,3.37,0.44,9.21,5
5753,White,6.36,0.25,0.25,0.6,0.109,34.2,118.5,0.9882,3.16,0.22,10.97,6
5754,White,7.69,0.12,0.32,12.67,0.01,15.0,45.1,0.9944,3.25,0.58,8.82,5
5755,White,7.49,0.41,0.52,17.22,0.033,39.6,42.6,0.994,3.34,0.55,11.42,6
5756,White,7.08,0.28,0.39,0.6,0.028,27.1,138.2,0.9927,3.18,0.37,8.0,5
5757,White,7.71,0.28,0.4,0.6,0.074,13.4,143.3,0.989,3.34,0.66,11.85,6
5758,White,6.65,0.41,0.31,11.83,0.053,61.3,174.6,0.9904,3.16,0.5,10.85,6
5759,White,6.11,0.26,0.31,7.41,0.024,27.8,137.2,0.9965,3.23,0.43,10.52,6
5760,White,5.7,0.26,0.32,0.6,0.009,7.6,54.5,0.9925,3.3,0.5,12.91,6
5761,White,6.99,0.34,0.27,10.0,0.045,32.6,102.3,0.9909,2.82,0.46,10.8,6
5762,White,5.82,0.26,0.49,15.45,0.055,23.0,101.0,0.9984,2.85,0.55,10.3,6
5763,White,6.93,0.08,0.38,2.45,0.039,15.8,141.9,0.9925,3.22,0.61,10.92,6
5764,White,7.28,0.28,0.15,1.49,0.009,5.4,240.6,0.994,3.3,0.55,12.81,6
5765,White,6.85,0.23,0.32,10.34,0.048,19.2,202.0,0.9937,2.96,0.44,11.28,6
5766,White,7.68,0.1,0.55,1.78,0.037,43.3,169.0,0.9947,3.2,0.48,12.27,8
5767,White,8.65,0.13,0.34,0.84,0.068,32.6,192.2,0.9966,3.16,0.56,12.36,6
5768,White,7.28,0.25,0.3,0.6,0.04,45.5,100.0,0.9977,3.04,0.51,12.25,6
5769,White,6.02,0.23,0.29,8.26,0.01,12.1,126.8,0.9896,2.8,0.54,12.21,7
5770,White,7.01,0.28,0.44,1.73,0.039,57.6,71.9,0.9904,3.24,0.58,12.59,6
5771,White,7.97,0.16,0.52,7.22,0.018,34.4,91.3,0.991,3.12,0.62,11.12,6
5772,White,6.93,0.22,0.31,8.53,0.016,41.3,83.8,0.9919,3.3,0.57,10.62,6
5773,White,8.1,0.34,0.15,4.89,0.095,28.7,132.1,0.997,3.19,0.38,11.15,7
5774,White,6.94,0.24,0.62,2.84,0.03,44.2,186.3,0.992,3.16,0.57,10.29,7
5775,White,8.02,0.28,0.09,10.33,0.062,29.6,205.7,0.995,3.16,0.61,10.41,6
5776,White,5.04,0.3,0.44,11.25,0.035,27.6,150.3,0.9928,3.05,0.54,9.75,5
5777,White,6.77,0.25,0.36,7.97,0.041,53.6,60.3,1.0003,2.83,0.46,8.91,6
5778,White,5.93,0.38,0.27,7.32,0.053,46.5,109.5,0.9957,3.24,0.63,11.93,6
5779,White,7.58,0.32,0.25,7.91,0.049,19.9,183.8,0.992,3.07,0.62,11.26,7
5780,White,8.28,0.22,0.33,10.27,0.068,37.3,136.0,0.9907,3.35,0.6,12.19,8
5781,White,6.34,0.39,0.18,7.7,0.009,48.5,148.1,0.9936,3.04,0.41,10.45,5
5782,White,8.46,0.2,0.17,10.77,0.035,37.7,140.7,0.9914,3.05,0.53,10.78,6
5783,White,7.04,0.23,0.11,0.6,0.042,37.5,202.6,0.9972,3.13,0.46,10.35,5
5784,White,7.18,0.3,0.17,1.33,0.022,39.4,170.3,0.994,3.41,0.6,11.79,5
5785,White,6.58,0.35,0.36,12.62,0.04,34.2,96.1,0.9888,2.95,0.39,10.93,6
5786,White,7.45,0.16,0.24,6.05,0.066,33.0,131.9,0.9913,3.1,0.5,12.01,7
5787,White,6.38,0.29,0.36,10.24,0.069,12.0,143.2,0.9979,3.14,0.46,12.03,7
5788,White,6.43,0.18,0.39,4.29,0.044,25.1,261.3,0.9943,3.17,0.38,9.43,5
5789,White,7.25,0.29,0.32,10.14,0.069,17.4,84.3,0.9939,3.37,0.34,11.03,6
5790,White,7.79,0.39,0.22,6.79,0.045,6.3,192.0,0.9968,3.09,0.53,11.38,6
5791,White,7.13,0.39,0.27,0.6,0.041,11.2,146.7,0.9903,3.35,0.36,10.3,5
5792,White,8.27,0.51,0.37,7.34,0.037,27.6,170.7,0.9995,3.28,0.37,11.14,7
5793,White,6.18,0.2,0.41,1.2,0.053,63.1,94.2,0.9954,3.27,0.35,11.43,8
5794,White,5.52,0.28,0.48,1.93,0.067,72.2,110.3,0.9957,3.36,0.46,11.58,6
5795,White,7.09,0.18,0.4,4.17,0.014,57.9,117.9,0.9957,3.02,0.5,12.35,5
5796,White,5.75,0.25,0.3,6.12,0.035,33.4,188.2,0.998,3.2,0.52,12.73,7
5797,White,5.69,0.4,0.3,13.42,0.011,48.0,101.5,0.9926,3.35,0.59,12.6,6
5798,White,5.15,0.28,0.52,1.89,0.047,43.1,85.5,0.9996,3.26,0.4,9.66,6
5799,White,5.13,0.32,0.15,5.96,0.042,23.2,114.6,0.9877,2.91,0.53,11.34,7
5800,White,7.5,0.45,0.45,11.61,0.009,48.8,120.9,0.9936,3.35,0.54,10.77,6
5801,White,6.43,0.26,0.31,12.15,0.044,36.2,100.0,0.9981,3.41,0.22,11.76,7
5802,White,8.06,0.23,0.47,3.67,0.044,54.8,143.4,0.9935,3.42,0.38,8.83,4
5803,White,6.52,0.2,0.18,11.46,0.043,34.7,135.4,0.9943,3.12,0.3,11.45,6
5804,White,7.81,0.22,0.29,12.94,0.03,46.1,119.8,0.9895,3.03,0.53,10.84,6
5805,White,6.84,0.35,0.45,0.81,0.064,23.9,179.8,0.9921,3.28,0.44,11.65,6
5806,White,6.72,0.34,0.24,0.6,0.055,60.4,173.1,0.9966,3.19,0.52,10.04,6
5807,White,6.64,0.29,0.48,10.18,0.011,28.0,148.4,0.9935,3.18,0.5,11.57,5
5808,White,7.79,0.58,0.38,0.6,0.076,34.2,176.0,0.9927,3.24,0.35,10.75,6
5809,White,7.84,0.4,0.38,10.43,0.058,23.2,132.2,0.9975,3.37,0.53,12.01,6
5810,White,6.6,0.3,0.53,5.04,0.057,45.6,62.9,0.9967,3.34,0.47,11.23,6
5811,White,6.29,0.46,0.36,5.79,0.018,32.9,44.5,0.988,3.05,0.56,10.37,6
5812,White,7.83,0.3,0.39,0.6,0.039,32.6,167.8,0.9914,2.86,0.33,11.06,8
5813,White,6.31,0.35,0.6,0.6,0.05,31.2,133.5,0.9975,3.03,0.38,9.72,6
5814,White,8.72,0.43,0.18,7.74,0.027,34.7,124.7,0.9946,3.34,0.54,10.58,5
5815,White,7.95,0.43,0.33,11.25,0.057,44.1,101.7,0.9927,3.17,0.68,11.59,6
5816,White,7.1,0.39,0.45,7.76,0.038,34.9,64.1,0.9913,3.15,0.47,11.53,6
5817,White,7.02,0.35,0.22,1.58,0.037,45.1,135.2,0.9971,3.02,0.47,11.14,6
5818,White,6.77,0.08,0.52,1.53,0.035,51.7,272.6,0.9903,3.02,0.56,11.4,6
5819,White,6.48,0.37,0.42,0.6,0.023,55.3,127.1,0.9923,2.77,0.57,10.83,6
5820,White,9.04,0.29,0.19,2.45,0.024,8.4,133.9,0.9979,3.19,0.42,8.98,5
5821,White,7.93,0.32,0.35,7.07,0.075,37.6,201.4,0.9886,3.26,0.35,11.23,7
5822,White,5.09,0.29,0.36,3.61,0.015,13.8,106.8,0.9893,3.08,0.57,10.89,5
5823,White,7.49,0.19,0.31,11.98,0.02,7.0,92.5,0.99,3.19,0.39,11.49,5
5824,White,6.76,0.12,0.28,0.6,0.027,28.7,106.2,0.9945,2.94,0.57,12.69,6
5825,White,6.67,0.14,0.31,2.47,0.063,37.6,170.7,0.991,3.35,0.51,11.15,6
5826,White,7.49,0.36,0.13,4.53,0.063,23.1,57.7,0.9973,3.14,0.74,12.83,6
5827,White,7.63,0.36,0.3,7.39,0.071,30.7,129.0,0.9944,3.01,0.45,12.18,6
5828,White,6.31,0.31,0.42,12.06,0.021,27.0,94.2,0.9897,3.11,0.54,12.14,6
5829,White,8.06,0.53,0.26,15.17,0.029,12.3,132.2,0.9959,3.22,0.37,10.4,5
5830,White,7.85,0.33,0.42,6.21,0.066,7.3,223.2,0.9922,3.13,0.42,11.1,6
5831,White,5.41,0.21,0.2,5.78,0.026,10.6,167.7,0.9941,3.22,0.27,10.56,4
5832,White,7.91,0.28,0.55,5.86,0.027,40.3,97.1,0.9984,2.91,0.39,11.1,6
5833,White,6.06,0.41,0.27,9.67,0.101,2.0,174.3,0.9927,2.88,0.62,11.68,7
5834,White,7.17,0.25,0.24,6.86,0.048,48.7,83.7,0.995,3.28,0.54,11.67,5
5835,White,5.83,0.47,0.43,0.6,0.033,48.8,232.7,0.994,3.37,0.58,11.58,8
5836,White,8.03,0.24,0.29,4.12,0.043,38.8,119.6,0.9957,3.01,0.75,9.98,5
5837,White,7.34,0.35,0.31,13.06,0.074,2.0,135.5,0.9911,3.06,0.43,10.4,6
5838,White,6.54,0.21,0.27,1.78,0.048,43.2,189.8,0.9946,3.11,0.55,10.7,6
5839,White,6.32,0.33,0.48,7.26,0.028,28.2,95.5,0.9884,3.38,0.61,11.12,4
5840,White,7.76,0.29,0.29,12.84,0.047,24.6,129.5,0.9981,3.02,0.7,11.73,5
5841,White,5.56,0.36,0.35,2.73,0.037,52.8,105.7,1.001,3.24,0.66,11.26,6
5842,White,6.13,0.36,0.23,4.66,0.051,28.4,128.7,0.9974,3.25,0.41,10.49,5
5843,White,5.91,0.31,0.26,6.72,0.052,40.5,116.6,0.9993,2.72,0.74,9.93,5
5844,White,6.26,0.11,0.19,2.16,0.074,36.5,154.9,0.9919,3.03,0.47,11.5,6
5845,White,8.7,0.45,0.32,6.32,0.062,85.6,128.1,0.9937,3.44,0.41,11.14,7
5846,White,7.1,0.08,0.31,6.5,0.048,39.6,173.9,0.9901,3.37,0.38,10.66,5
5847,White,6.45,0.31,0.29,6.07,0.048,29.1,106.8,0.9938,3.21,0.53,12.29,7
5848,White,7.44,0.23,0.28,14.69,0.009,38.7,215.6,0.9931,3.08,0.54,12.37,7
5849,White,7.84,0.21,0.51,4.66,0.065,18.8,160.7,0.9974,3.39,0.64,11.32,6
5850,White,6.95,0.36,0.34,10.19,0.037,24.0,163.8,0.9948,3.12,0.46,10.76,5
5851,White,6.63,0.22,0.36,9.87,0.009,60.9,63.5,0.9915,3.18,0.49,10.92,6
5852,White,6.54,0.26,0.35,10.92,0.063,36.6,98.4,0.9908,3.33,0.53,10.19,6
5853,White,5.85,0.34,0.18,6.58,0.052,33.8,174.2,0.9955,3.37,0.3,9.46,6
5854,White,7.61,0.39,0.36,5.25,0.069,18.0,155.2,0.9948,3.22,0.47,10.69,6
5855,White,6.9,0.2,0.41,3.2,0.009,41.0,137.6,0.9987,3.12,0.4,11.3,6
5856,White,8.08,0.08,0.18,5.62,0.044,8.1,174.8,0.9954,3.5,0.56,10.69,5
5857,White,5.81,0.28,0.41,1.86,0.051,38.8,191.6,0.9932,3.25,0.56,10.92,6
5858,White,7.63,0.19,0.18,8.4,0.034,42.5,147.5,0.9945,3.43,0.47,11.76,5
5859,White,7.02,0.38,0.51,0.6,0.021,65.8,109.5,0.9889,3.26,0.59,9.57,6
5860,White,6.97,0.35,0.25,3.25,0.08,22.9,122.5,0.9988,3.22,0.43,11.27,6
5861,White,7.76,0.2,0.33,3.65,0.037,38.3,146.1,0.9951,3.19,0.46,10.29,7
5862,White,6.67,0.23,0.49,10.79,0.027,21.1,84.0,0.9936,3.26,0.5,10.83,8
5863,White,6.68,0.3,0.17,6.53,0.039,55.4,175.7,0.9944,3.12,0.38,11.97,5
5864,White,8.97,0.08,0.15,1.84,0.038,4.8,146.0,0.9978,3.31,0.4,10.38,5
5865,White,6.68,0.2,0.43,7.31,0.039,8.2,157.1,0.9923,3.19,0.39,10.33,5
5866,White,6.41,0.09,0.42,6.19,0.064,41.0,137.3,0.9987,3.18,0.49,11.62,7
5867,White,6.93,0.27,0.3,5.8,0.01,22.5,147.6,0.9946,3.43,0.47,11.58,7
5868,White,5.99,0.37,0.41,6.2,0.027,39.8,74.6,0.9957,3.13,0.67,9.3,6
5869,White,6.49,0.31,0.28,4.26,0.009,51.7,226.0,0.993,3.31,0.5,10.35,5
5870,White,6.75,0.26,0.34,9.73,0.046,46.4,84.9,0.9941,3.24,0.5,11.5,5
5871,White,5.53,0.09,0.33,0.69,0.024,33.8,171.9,0.9931,3.04,0.46,11.13,5
5872,White,6.63,0.29,0.31,5.32,0.061,51.2,86.6,0.9862,3.4,0.6,10.36,5
5873,White,4.89,0.25,0.24,0.6,0.047,35.0,131.1,0.9989,3.14,0.49,11.09,6
5874,White,6.3,0.29,0.32,0.6,0.017,38.6,222.6,0.9952,3.28,0.52,10.62,6
5875,White,7.47,0.39,0.09,0.6,0.009,23.6,108.7,0.9936,3.12,0.63,12.63,7
5876,White,7.58,0.43,0.27,7.01,0.084,19.6,127.7,0.9969,3.03,0.59,11.63,7
5877,White,6.97,0.24,0.22,5.58,0.038,36.7,161.6,0.9969,3.3,0.59,12.62,7
5878,White,7.04,0.32,0.21,6.23,0.062,71.2,135.1,0.9907,2.97,0.39,12.2,5
5879,White,6.76,0.37,0.52,7.1,0.071,41.9,223.2,0.9958,3.41,0.44,10.8,5
5880,White,6.37,0.12,0.39,0.6,0.041,50.5,158.2,0.9978,3.34,0.52,11.8,7
5881,White,4.72,0.47,0.36,3.07,0.049,34.4,77.8,0.9989,3.1,0.51,10.85,6
5882,White,6.89,0.33,0.16,7.69,0.019,24.9,117.9,0.9926,3.3,0.45,11.1,5
5883,White,6.69,0.41,0.35,11.19,0.065,78.8,104.5,0.9897,3.39,0.38,10.83,7
5884,White,6.76,0.41,0.63,10.5,0.108,51.0,141.8,0.9955,3.16,0.58,10.63,5
5885,White,7.89,0.51,0.39,2.43,0.061,65.8,82.8,0.9936,3.4,0.45,10.3,7
5886,White,7.39,0.24,0.3,8.32,0.032,37.4,135.3,0.9947,3.23,0.35,11.46,5
5887,White,5.85,0.38,0.24,0.6,0.055,33.9,98.8,0.9941,3.26,0.22,11.41,6
5888,White,7.15,0.4,0.29,4.48,0.059,40.0,132.3,0.9954,3.29,0.4,10.19,6
5889,White,6.23,0.12,0.27,7.06,0.034,22.2,198.2,0.9953,3.16,0.46,10.84,5
5890,White,5.76,0.22,0.4,18.91,0.032,20.4,113.2,0.9934,3.18,0.38,11.55,7
5891,White,6.41,0.31,0.58,12.03,0.056,42.8,49.1,0.9937,3.18,0.42,11.69,5
5892,White,5.32,0.2,0.31,5.9,0.064,30.7,165.4,0.9961,2.99,0.6,11.0,8
5893,White,8.75,0.27,0.57,0.82,0.037,41.7,74.9,0.9943,3.1,0.6,11.57,6
5894,White,5.24,0.37,0.2,10.33,0.037,34.4,170.6,0.9909,3.43,0.53,10.96,6
5895,White,5.54,0.11,0.3,0.6,0.049,19.9,108.0,0.9886,2.94,0.73,11.46,7
5896,White,7.18,0.24,0.64,0.6,0.044,41.3,117.6,0.9995,3.34,0.44,8.99,5
5897,White,6.59,0.23,0.34,0.6,0.018,72.5,159.8,0.9852,3.1,0.6,11.07,6
5898,White,6.55,0.21,0.15,15.72,0.01,19.6,152.7,0.9958,3.33,0.56,9.99,5
5899,White,5.95,0.13,0.26,0.6,0.042,58.6,106.5,0.9941,3.0,0.62,10.4,6
5900,White,6.94,0.35,0.31,0.6,0.063,22.5,115.2,0.9957,2.91,0.55,10.13,7
5901,White,6.41,0.15,0.27,17.02,0.044,34.7,143.0,0.9946,3.44,0.54,11.82,6
5902,White,6.89,0.34,0.21,6.35,0.051,39.8,140.2,0.9982,2.94,0.52,9.54,5
5903,White,7.02,0.25,0.35,18.49,0.044,14.3,212.0,0.9951,3.16,0.59,10.26,5
5904,White,6.67,0.09,0.5,3.66,0.009,32.1,124.5,0.992,3.24,0.45,11.23,6
5905,White,6.78,0.28,0.24,2.84,0.08,44.1,174.8,0.9941,2.99,0.35,12.55,7
5906,White,6.74,0.25,0.32,7.24,0.023,53.8,185.7,0.9914,3.1,0.51,11.17,6
5907,White,6.31,0.13,0.27,11.8,0.066,30.0,130.4,0.9913,3.03,0.5,10.83,5
5908,White,6.37,0.21,0.33,12.41,0.054,49.3,79.4,0.992,3.17,0.46,10.97,7
5909,White,5.57,0.25,0.29,0.89,0.027,2.0,188.8,0.9944,3.09,0.33,11.7,5
5910,White,8.42,0.41,0.45,7.67,0.081,32.6,212.5,0.9991,3.16,0.5,11.09,5
5911,White,5.87,0.24,0.37,9.55,0.058,34.1,169.9,0.995,3.18,0.32,11.44,6
5912,White,5.59,0.22,0.18,4.59,0.077,40.6,88.4,0.9983,3.3,0.37,13.24,7
5913,White,7.15,0.37,0.24,10.19,0.014,8.8,199.5,0.998,3.21,0.51,10.43,7
5914,White,6.28,0.22,0.01,9.63,0.067,39.7,169.6,0.9953,3.18,0.56,10.28,6
5915,White,7.28,0.42,0.31,11.51,0.039,34.9,166.2,0.9948,2.91,0.71,12.45,6
5916,White,7.1,0.33,0.19,0.6,0.102,59.5,137.5,0.9969,3.37,0.47,10.51,6
5917,White,7.56,0.23,0.26,6.45,0.025,8.6,144.8,0.9915,3.24,0.38,12.19,5
5918,White,6.02,0.35,0.23,9.9,0.065,46.8,205.8,0.9941,3.17,0.38,11.83,6
5919,White,6.83,0.23,0.44,13.17,0.062,13.1,158.4,0.9948,3.4,0.38,10.4,6
5920,White,7.19,0.44,0.07,9.85,0.049,25.4,181.7,0.9967,2.92,0.4,9.39,4
5921,White,7.25,0.24,0.17,0.6,0.03,26.5,104.6,0.999,3.18,0.3,11.89,7
5922,White,6.42,0.4,0.3,14.43,0.058,63.0,177.1,0.9932,3.44,0.22,10.77,5
5923,White,5.86,0.31,0.29,13.79,0.052,58.4,150.7,0.9929,3.35,0.55,10.37,6
5924,White,6.8,0.35,0.24,8.48,0.037,17.4,84.0,0.9962,3.12,0.52,12.87,7
5925,White,8.63,0.15,0.45,9.92,0.077,26.6,183.5,0.9912,3.28,0.47,11.56,6
5926,White,7.87,0.28,0.24,8.76,0.071,41.6,130.2,0.9939,3.07,0.26,9.6,5
5927,White,7.67,0.23,0.53,1.28,0.068,44.7,123.7,0.9986,3.06,0.61,12.04,6
5928,White,6.35,0.19,0.47,1.75,0.083,34.2,93.0,0.9969,3.23,0.55,11.11,6
5929,White,6.01,0.31,0.46,11.54,0.05,11.6,176.5,0.9987,3.09,0.47,10.83,6
5930,White,6.06,0.26,0.55,6.44,0.052,45.0,92.3,0.9981,3.24,0.53,10.95,6
5931,White,5.54,0.26,0.25,4.73,0.047,31.9,163.2,0.9944,3.32,0.47,11.23,6
5932,White,6.85,0.26,0.39,4.48,0.009,41.0,165.5,0.9935,3.14,0.6,11.08,5
5933,White,5.99,0.22,0.22,5.39,0.031,2.0,152.5,0.9899,3.28,0.33,9.3,4
5934,White,8.75,0.38,0.37,16.4,0.079,23.1,164.5,0.993,3.3,0.65,12.16,6
5935,White,5.97,0.2,0.41,9.66,0.062,33.0,157.3,0.9987,3.27,0.36,10.98,5
5936,White,6.62,0.17,0.44,9.2,0.027,54.9,80.4,0.9886,3.17,0.67,12.08,7
5937,White,6.61,0.19,0.5,8.53,0.028,67.9,164.6,0.9937,3.52,0.46,11.46,7
5938,White,6.9,0.32,0.34,14.2,0.052,23.0,181.2,0.9871,3.25,0.54,13.28,6
5939,White,5.85,0.48,0.6,8.34,0.027,67.2,116.0,0.9891,3.01,0.45,11.69,5
5940,White,6.64,0.24,0.38,10.62,0.035,42.0,186.1,0.9902,3.13,0.44,11.81,6
5941,White,7.2,0.26,0.56,9.49,0.039,56.2,170.3,0.9931,2.97,0.55,10.69,5
5942,White,7.47,0.37,0.21,2.51,0.061,46.8,88.2,0.994,3.18,0.63,11.59,5
5943,White,6.92,0.29,0.17,17.82,0.017,24.0,129.2,0.9869,3.29,0.45,13.41,7
5944,White,6.15,0.14,0.31,6.61,0.026,36.5,127.9,0.9941,3.08,0.47,11.12,6
5945,White,6.47,0.34,0.35,14.15,0.038,30.2,203.3,0.9907,3.29,0.4,9.58,6
5946,White,7.07,0.22,0.39,0.6,0.064,38.8,47.8,0.9957,3.15,0.4,12.03,8
5947,White,7.73,0.19,0.43,3.62,0.044,48.3,116.0,0.9941,3.37,0.49,12.37,5
5948,White,6.58,0.21,0.49,2.31,0.055,17.5,108.0,1.001,2.97,0.77,9.54,5
5949,White,5.99,0.31,0.2,14.26,0.048,43.6,142.8,0.9933,2.86,0.45,11.66,7
5950,White,6.95,0.4,0.36,0.6,0.058,49.5,142.3,0.998,3.33,0.65,9.83,6
5951,White,7.02,0.38,0.29,5.64,0.054,39.6,257.4,0.9932,3.24,0.43,11.84,5
5952,White,7.27,0.31,0.16,0.6,0.052,16.2,169.3,0.9944,3.23,0.35,11.72,5
5953,White,7.21,0.18,0.32,5.29,0.083,8.9,157.8,0.9909,3.03,0.48,11.01,6
5954,White,5.74,0.1,0.33,0.82,0.026,26.6,194.8,0.9944,3.33,0.43,10.56,6
5955,White,5.4,0.41,0.41,8.2,0.05,62.8,169.7,0.9925,3.19,0.26,12.17,6
5956,White,7.6,0.27,0.35,14.52,0.027,70.8,89.9,0.9904,3.04,0.31,10.74,5
5957,White,5.35,0.21,0.17,0.6,0.029,67.7,149.7,0.994,3.02,0.45,9.85,7
5958,White,8.44,0.3,0.47,4.55,0.025,47.4,262.2,0.9946,3.02,0.58,10.78,6
5959,White,7.23,0.41,0.48,7.31,0.063,34.3,113.6,0.9972,3.18,0.51,10.0,5
5960,White,5.77,0.12,0.23,0.6,0.042,10.4,50.7,0.9927,3.1,0.47,11.39,6
5961,White,7.44,0.38,0.19,4.19,0.044,2.0,180.0,0.9953,3.0,0.22,8.53,4
5962,White,7.66,0.4,0.37,14.08,0.035,51.2,160.7,0.9969,3.22,0.59,10.96,7
5963,White,7.38,0.17,0.54,5.17,0.091,14.5,99.0,0.9985,3.02,0.3,10.81,7
5964,White,5.96,0.35,0.35,10.71,0.066,36.7,128.5,0.9972,3.15,0.6,12.11,6
5965,White,6.88,0.26,0.26,8.39,0.038,22.5,94.3,0.9939,3.11,0.44,11.12,6
5966,White,6.78,0.26,0.23,4.32,0.053,21.7,116.8,0.9941,3.35,0.42,10.31,6
5967,White,7.23,0.3,0.24,6.86,0.056,54.3,165.5,0.992,3.31,0.43,10.3,5
5968,White,7.8,0.37,0.31,10.54,0.027,26.9,106.2,0.9946,3.11,0.59,9.47,5
5969,White,7.57,0.19,0.39,10.2,0.028,8.1,210.9,0.9962,3.32,0.45,9.94,6
5970,White,5.16,0.31,0.26,2.89,0.018,58.1,189.6,0.9946,3.13,0.31,11.05,5
5971,White,7.47,0.2,0.41,0.6,0.042,47.5,57.5,0.992,3.08,0.23,11.05,5
5972,White,6.78,0.41,0.54,4.73,0.043,26.2,162.4,0.9963,3.38,0.65,11.84,6
5973,White,7.72,0.21,0.3,14.22,0.044,43.7,167.7,0.9963,3.48,0.57,10.2,7
5974,White,7.63,0.34,0.33,7.21,0.057,18.8,160.7,0.9948,2.89,0.38,12.44,7
5975,White,7.02,0.23,0.15,6.82,0.035,39.5,109.5,0.9932,2.98,0.47,11.81,6
5976,White,6.81,0.11,0.47,3.24,0.067,55.9,253.4,0.9894,2.87,0.25,11.99,8
5977,White,5.99,0.18,0.43,1.13,0.041,50.7,165.4,0.9949,3.25,0.42,11.58,6
5978,White,8.25,0.42,0.14,7.62,0.077,59.7,148.0,0.9939,3.33,0.45,10.0,6
5979,White,7.46,0.35,0.26,6.52,0.097,58.6,167.1,0.9943,3.04,0.57,10.78,5
5980,White,6.39,0.1,0.03,8.02,0.024,42.4,118.3,0.9911,3.09,0.53,10.87,7
5981,White,6.91,0.24,0.29,6.02,0.061,31.1,104.7,1.0004,3.4,0.6,11.33,5
5982,White,6.25,0.34,0.58,12.19,0.05,21.5,143.1,0.9943,3.11,0.45,12.28,6
5983,White,6.88,0.13,0.21,0.6,0.072,72.8,120.6,0.989,3.29,0.5,10.69,5
5984,White,7.22,0.25,0.51,0.6,0.084,37.2,126.9,0.9977,3.41,0.44,9.89,5
5985,White,6.86,0.14,0.05,2.4,0.045,31.6,84.6,0.9893,3.18,0.55,10.61,7
5986,White,7.41,0.23,0.52,6.23,0.042,32.4,108.5,0.997,3.27,0.62,9.02,5
5987,White,8.44,0.2,0.26,8.64,0.037,44.0,62.7,0.9984,2.86,0.54,11.46,5
5988,White,6.21,0.13,0.43,4.46,0.055,34.6,160.6,0.9942,3.2,0.38,11.45,5
5989,White,7.07,0.34,0.37,6.17,0.075,34.0,127.9,0.9977,3.36,0.43,9.71,5
5990,White,5.75,0.33,0.59,11.32,0.027,26.0,129.2,0.9998,3.45,0.35,9.43,7
5991,White,8.18,0.16,0.38,6.82,0.024,38.4,192.4,0.991,3.06,0.38,12.27,7
5992,White,8.07,0.35,0.28,0.6,0.035,50.5,101.5,0.9952,3.37,0.42,12.16,6
5993,White,5.65,0.21,0.25,1.89,0.042,33.7,116.4,0.9957,3.25,0.42,11.74,6
5994,White,6.97,0.21,0.26,2.24,0.037,36.4,269.9,0.9966,3.38,0.54,11.21,6
5995,White,6.76,0.23,0.31,7.99,0.044,34.0,59.3,0.9959,2.95,0.68,11.4,6
5996,White,7.0,0.29,0.34,13.55,0.051,25.2,92.0,0.9909,3.24,0.63,11.97,4
5997,White,7.33,0.33,0.25,0.6,0.042,14.1,157.8,0.9976,3.26,0.77,12.3,5
5998,White,7.91,0.15,0.02,8.95,0.041,20.5,139.6,0.9899,3.38,0.6,10.38,5
5999,White,7.86,0.37,0.28,6.4,0.046,29.2,78.0,0.9932,3.12,0.58,11.5,6
6000,White,5.45,0.3,0.27,7.63,0.064,35.9,104.5,0.9927,3.22,0.56,9.01,5
6001,White,6.2,0.19,0.16,13.19,0.068,28.2,100.6,0.9894,3.21,0.31,12.21,6
6002,White,4.98,0.28,0.35,10.34,0.031,23.8,168.1,0.9937,3.25,0.51,11.1,5
6003,White,6.96,0.33,0.49,6.58,0.076,21.2,141.7,0.9975,3.11,0.48,11.13,5
6004,White,7.04,0.47,0.31,9.51,0.061,44.7,102.8,0.9908,2.98,0.51,10.83,6
6005,White,7.46,0.28,0.25,4.57,0.079,47.0,127.9,0.9949,3.26,0.44,12.49,6
6006,White,6.3,0.39,0.5,6.27,0.055,7.8,158.1,0.996,3.25,0.38,11.8,5
6007,White,7.01,0.08,0.28,7.85,0.033,57.7,157.5,0.9942,3.37,0.32,11.42,7
6008,White,6.61,0.18,0.4,7.86,0.056,31.1,192.8,0.9919,3.04,0.6,11.08,6
6009,White,6.3,0.15,0.51,8.86,0.032,35.8,211.4,0.9951,3.36,0.36,13.21,8
6010,White,7.99,0.35,0.24,4.62,0.058,48.3,124.2,0.9907,3.11,0.51,10.38,6
6011,White,5.95,0.19,0.12,6.59,0.051,30.6,103.3,0.9935,3.27,0.59,10.96,7
6012,White,7.31,0.28,0.45,9.69,0.009,24.7,119.4,0.9978,3.02,0.62,10.39,5
6013,White,7.2,0.29,0.47,0.63,0.035,45.4,174.2,0.9953,3.05,0.53,11.08,6
6014,White,7.93,0.27,0.41,7.44,0.061,20.2,118.4,0.995,3.31,0.55,9.99,6
6015,White,7.89,0.22,0.22,13.73,0.06,48.3,154.4,0.9965,2.99,0.49,11.57,7
6016,White,6.22,0.24,0.16,4.93,0.045,33.4,239.8,0.993,3.2,0.37,10.53,4
6017,White,6.9,0.24,0.29,7.38,0.038,36.8,160.9,0.9956,3.05,0.35,11.85,6
6018,White,7.74,0.29,0.47,11.76,0.055,43.9,188.1,0.9909,3.2,0.42,11.24,6
6019,White,5.58,0.27,0.17,0.6,0.051,22.7,109.0,0.9907,3.52,0.49,11.27,6
6020,White,7.58,0.28,0.4,0.6,0.065,20.0,175.3,0.9919,3.22,0.44,11.25,6
6021,White,5.81,0.23,0.31,11.87,0.081,16.7,156.3,0.9915,3.12,0.43,9.96,5
6022,White,6.61,0.33,0.27,13.61,0.057,43.9,150.1,0.9919,3.11,0.47,11.1,6
6023,White,7.55,0.13,0.17,3.24,0.039,58.0,152.4,0.9921,3.16,0.51,10.3,6
6024,White,7.33,0.23,0.5,0.6,0.027,33.6,109.5,0.9946,2.97,0.47,12.46,6
6025,White,5.51,0.4,0.38,0.6,0.05,11.1,157.0,0.9931,3.48,0.44,11.45,6
6026,White,6.91,0.39,0.36,4.15,0.031,28.1,70.6,0.9942,3.33,0.45,11.05,6
6027,White,7.92,0.26,0.31,0.6,0.059,42.9,123.5,0.9913,2.94,0.56,10.74,5
6028,White,7.65,0.13,0.23,0.6,0.03,13.8,119.9,0.9899,3.29,0.55,11.2,8
6029,White,8.41,0.12,0.0,8.03,0.048,61.6,149.3,0.9949,3.3,0.36,10.93,6
6030,White,7.07,0.2,0.45,18.71,0.053,9.3,147.0,0.9947,3.23,0.28,11.87,6
6031,White,7.16,0.34,0.48,0.6,0.033,38.5,155.6,0.9911,3.24,0.42,9.96,5
6032,White,6.26,0.09,0.27,16.67,0.061,47.8,121.7,0.9997,2.91,0.31,9.17,5
6033,White,6.73,0.23,0.48,10.86,0.031,21.1,117.6,0.9934,3.37,0.42,12.74,8
6034,White,7.66,0.21,0.49,12.28,0.059,49.9,203.8,0.9942,2.93,0.64,12.08,6
6035,White,7.68,0.3,0.39,6.44,0.066,48.7,155.0,0.9937,3.13,0.4,11.34,6
6036,White,6.31,0.37,0.32,6.61,0.054,44.8,96.8,0.9895,3.16,0.63,11.36,6
6037,White,6.99,0.21,0.39,11.12,0.02,5.9,170.9,0.9929,3.22,0.55,10.78,6
6038,White,6.57,0.26,0.43,8.95,0.039,59.0,141.9,0.9913,3.13,0.77,12.35,6
6039,White,6.01,0.34,0.27,4.89,0.072,20.2,101.9,0.9968,3.27,0.45,10.48,5
6040,White,6.39,0.25,0.56,2.94,0.019,31.3,111.4,0.9912,3.12,0.55,10.09,6
6041,White,6.79,0.26,0.42,11.77,0.061,41.9,99.1,0.9922,3.43,0.49,11.02,5
6042,White,7.28,0.27,0.26,0.6,0.044,9.2,144.1,0.995,3.46,0.22,10.96,6
6043,White,6.6,0.29,0.39,10.52,0.057,8.3,210.9,0.994,3.38,0.74,11.29,6
6044,White,7.18,0.33,0.32,6.5,0.039,17.0,110.4,0.9892,3.02,0.46,11.99,5
6045,White,6.51,0.29,0.3,6.82,0.055,26.8,57.0,1.0018,3.19,0.42,10.88,6
6046,White,7.27,0.28,0.28,1.5,0.029,53.9,108.0,0.997,3.08,0.54,11.58,5
6047,White,6.16,0.3,0.51,0.92,0.074,63.1,232.1,0.9966,3.04,0.22,10.23,5
6048,White,6.98,0.08,0.24,0.6,0.023,29.4,130.1,0.9968,3.25,0.43,11.27,6
6049,White,7.77,0.26,0.42,10.26,0.043,55.6,186.3,0.9924,3.32,0.57,12.11,6
6050,White,6.18,0.21,0.15,0.6,0.026,29.4,120.0,0.9924,3.08,0.6,11.64,7
6051,White,7.1,0.14,0.29,3.46,0.073,55.2,121.2,0.9977,3.25,0.68,10.09,6
6052,White,6.54,0.37,0.52,11.42,0.031,68.5,135.6,0.9938,3.42,0.46,11.27,6
6053,White,6.22,0.12,0.43,8.32,0.06,14.6,110.5,0.9946,3.21,0.51,10.52,5
6054,White,5.42,0.16,0.4,9.84,0.035,40.0,145.4,0.9906,2.98,0.31,8.95,4
6055,White,6.98,0.29,0.31,9.11,0.045,49.3,144.2,0.9941,3.51,0.53,10.83,6
6056,White,5.87,0.1,0.42,4.34,0.041,55.0,120.2,0.9934,3.12,0.66,11.8,5
6057,White,7.53,0.34,0.34,2.44,0.043,36.4,157.9,0.998,3.27,0.38,10.73,5
6058,White,6.23,0.55,0.51,5.11,0.066,39.1,122.8,0.9886,2.82,0.43,9.89,6
6059,White,6.94,0.26,0.35,5.55,0.053,49.0,131.6,0.9992,3.32,0.5,12.77,6
6060,White,5.28,0.29,0.28,1.52,0.039,23.1,135.9,0.9951,3.07,0.68,11.52,6
6061,White,6.74,0.29,0.27,16.2,0.054,51.0,131.6,0.9939,2.97,0.47,11.12,6
6062,White,8.47,0.4,0.4,9.77,0.059,53.9,131.4,0.9944,3.09,0.39,10.35,5
6063,White,7.17,0.31,0.27,9.76,0.036,31.7,101.7,0.9948,3.32,0.67,12.18,6
6064,White,8.23,0.14,0.29,2.63,0.048,13.2,185.5,0.988,3.26,0.41,11.01,6
6065,White,8.25,0.08,0.26,4.8,0.06,15.4,121.8,0.9985,3.05,0.56,10.38,5
6066,White,6.75,0.23,0.46,8.99,0.046,10.3,138.5,0.9863,3.19,0.65,11.52,6
6067,White,6.29,0.35,0.61,8.24,0.05,27.9,59.6,0.9983,2.94,0.58,11.34,7
6068,White,7.21,0.49,0.21,7.2,0.07,21.7,137.3,0.9911,3.18,0.62,10.88,5
6069,White,6.13,0.29,0.34,0.6,0.047,30.2,178.3,0.9903,2.96,0.25,12.23,6
6070,White,5.68,0.3,0.59,8.07,0.063,40.9,131.1,0.9932,3.23,0.32,12.0,6
6071,White,7.01,0.23,0.28,8.09,0.048,53.0,96.6,0.9926,3.33,0.52,9.71,5
6072,White,5.79,0.29,0.28,13.07,0.024,20.5,130.9,0.9958,2.93,0.56,11.39,6
6073,White,7.33,0.32,0.41,13.17,0.023,23.6,176.0,0.988,3.15,0.34,14.09,8
6074,White,6.08,0.29,0.04,6.48,0.046,22.6,119.6,0.9935,3.21,0.3,12.65,7
6075,White,7.21,0.13,0.41,10.46,0.046,45.0,99.3,0.9986,3.41,0.37,10.59,5
6076,White,6.74,0.34,0.29,0.6,0.009,20.5,160.4,0.9974,3.31,0.49,10.41,5
6077,White,7.93,0.23,0.21,1.01,0.1,55.7,103.7,0.9914,3.01,0.31,11.27,5
6078,White,7.07,0.29,0.17,5.67,0.068,26.4,157.8,0.9962,3.17,0.41,12.41,6
6079,White,5.6,0.29,0.48,8.04,0.024,62.2,136.0,0.9973,2.78,0.47,11.26,6
6080,White,7.49,0.33,0.48,0.6,0.033,60.4,235.5,0.9936,3.02,0.44,10.91,6
6081,White,7.78,0.14,0.33,1.83,0.05,11.9,97.5,0.9957,3.03,0.48,11.68,6
6082,White,6.18,0.25,0.3,12.25,0.072,42.2,155.5,0.9912,3.15,0.41,11.48,6
6083,White,7.16,0.17,0.43,13.5,0.046,40.9,126.8,0.994,3.37,0.55,11.25,5
6084,White,6.08,0.34,0.34,4.95,0.079,46.5,64.0,0.9961,3.18,0.55,9.68,3
6085,White,7.66,0.15,0.41,7.55,0.014,21.8,107.7,0.9913,3.14,0.32,11.43,7
6086,White,5.83,0.15,0.16,0.6,0.04,11.7,155.5,0.9925,3.07,0.48,11.56,6
6087,White,6.47,0.17,0.22,4.54,0.02,29.8,200.4,0.9914,3.12,0.24,11.97,6
6088,White,6.87,0.19,0.45,0.6,0.056,53.3,118.1,0.9906,3.3,0.5,9.46,6
6089,White,6.45,0.26,0.36,2.31,0.098,66.0,84.0,0.994,2.86,0.53,10.16,5
6090,White,8.13,0.12,0.4,10.64,0.055,11.7,111.1,0.9912,3.1,0.32,9.17,7
6091,White,7.12,0.37,0.22,7.53,0.048,34.0,135.6,0.9965,3.12,0.28,12.01,6
6092,White,7.04,0.39,0.35,0.6,0.099,24.3,89.2,0.9939,3.18,0.5,10.88,6
6093,White,7.45,0.43,0.21,11.31,0.069,22.5,138.0,0.9974,3.16,0.72,11.5,4
6094,White,6.11,0.13,0.68,8.77,0.048,33.6,108.2,0.9949,3.36,0.49,11.68,7
6095,White,6.74,0.22,0.43,10.69,0.03,40.3,74.8,0.9904,3.27,0.78,11.3,4
6096,White,7.36,0.34,0.27,13.06,0.062,75.4,60.7,0.9958,3.25,0.24,11.92,7
6097,White,5.65,0.16,0.24,7.21,0.037,17.3,164.8,0.987,3.22,0.58,11.2,5
6098,White,7.72,0.3,0.17,9.56,0.009,46.2,196.9,0.9972,3.15,0.32,12.3,6
6099,White,7.39,0.4,0.39,1.57,0.047,31.4,148.1,0.9927,3.19,0.37,12.68,5
6100,White,5.5,0.36,0.19,10.5,0.064,38.6,92.6,0.9959,2.9,0.47,10.4,5
6101,White,6.42,0.2,0.26,6.88,0.024,15.3,109.0,0.9951,2.99,0.4,11.38,7
6102,White,7.76,0.08,0.3,9.95,0.021,6.9,147.4,0.9912,3.07,0.54,13.13,7
6103,White,7.43,0.36,0.35,0.6,0.009,31.3,54.6,0.9986,3.27,0.59,11.92,7
6104,White,5.61,0.18,0.39,4.97,0.02,25.0,109.6,0.9964,3.24,0.52,9.87,6
6105,White,6.0,0.08,0.13,6.59,0.049,35.6,75.3,0.9955,3.1,0.52,10.75,5
6106,White,7.28,0.27,0.14,0.74,0.054,48.3,57.2,0.9894,3.02,0.44,11.57,6
6107,White,5.42,0.29,0.36,10.59,0.03,69.9,191.8,0.993,3.32,0.53,12.48,6
6108,White,6.86,0.2,0.5,14.83,0.016,15.6,59.2,0.9937,3.34,0.42,11.37,6
6109,White,6.26,0.19,0.24,0.6,0.009,49.2,31.0,0.9896,3.19,0.47,11.01,4
6110,White,5.68,0.43,0.41,6.08,0.083,21.6,127.3,0.9935,3.16,0.58,10.5,5
6111,White,6.54,0.34,0.34,2.87,0.044,48.1,144.3,0.994,3.34,0.56,11.25,7
6112,White,8.06,0.25,0.26,5.96,0.009,48.5,193.1,0.993,2.93,0.71,9.85,6
6113,White,6.64,0.33,0.43,9.05,0.071,60.0,160.5,0.9921,3.04,0.52,11.55,6
6114,White,7.53,0.29,0.27,7.44,0.02,47.5,148.7,0.9931,3.16,0.54,11.6,6
6115,White,6.6,0.2,0.41,3.64,0.08,20.5,244.1,0.9997,3.19,0.42,10.17,7
6116,White,7.68,0.13,0.2,4.47,0.078,20.7,109.0,0.9941,2.93,0.7,11.11,5
6117,White,6.21,0.15,0.16,0.6,0.036,20.2,153.2,0.9925,3.33,0.45,11.29,6
6118,White,7.12,0.17,0.53,14.13,0.037,40.7,158.9,0.9915,3.05,0.51,11.15,3
6119,White,6.88,0.08,0.35,5.82,0.049,58.3,132.3,0.9927,3.15,0.57,11.16,6
6120,White,7.23,0.26,0.37,3.5,0.023,17.1,171.6,0.996,3.26,0.61,10.72,5
6121,White,6.87,0.57,0.31,4.94,0.009,31.8,120.1,0.9949,3.54,0.48,9.85,5
6122,White,6.79,0.17,0.26,2.5,0.022,33.7,117.3,0.9951,3.17,0.35,10.12,6
6123,White,8.17,0.18,0.27,0.6,0.058,10.8,141.8,0.9913,3.08,0.37,10.78,6
6124,White,7.6,0.2,0.3,2.8,0.032,12.6,154.2,0.993,2.91,0.46,11.29,6
6125,White,6.7,0.27,0.38,7.95,0.044,33.6,149.0,0.9925,3.11,0.42,12.13,7
6126,White,6.82,0.08,0.28,12.72,0.049,15.8,124.7,0.9934,2.92,0.53,10.59,5
6127,White,7.47,0.22,0.31,8.0,0.058,2.4,138.7,0.991,3.3,0.47,12.16,7
6128,White,7.42,0.3,0.34,11.0,0.01,18.5,130.0,0.9917,3.07,0.62,11.29,6
6129,White,7.32,0.3,0.13,8.33,0.058,18.5,144.0,0.9888,3.12,0.41,9.29,5
6130,White,6.42,0.17,0.23,0.6,0.072,69.5,150.0,0.9939,3.12,0.67,10.21,5
6131,White,6.19,0.18,0.45,7.41,0.053,33.9,137.3,0.9897,3.05,0.48,13.95,7
6132,White,7.36,0.4,0.29,6.49,0.069,26.6,115.7,0.9928,3.3,0.58,10.94,8
6133,White,7.32,0.19,0.29,1.05,0.034,3.8,132.1,0.9925,3.36,0.48,10.67,4
6134,White,6.15,0.15,0.54,0.6,0.017,2.0,102.5,0.9929,3.17,0.61,10.67,5
6135,White,8.14,0.16,0.23,9.58,0.041,34.2,121.6,0.9891,3.52,0.53,10.56,5
6136,White,7.04,0.31,0.24,10.68,0.035,44.5,49.4,0.993,3.32,0.49,11.44,7
6137,White,7.43,0.3,0.4,0.6,0.071,12.9,114.6,0.9929,3.09,0.51,11.96,7
6138,White,6.18,0.32,0.35,0.6,0.024,49.3,181.4,0.9888,3.09,0.67,10.2,6
6139,White,6.53,0.39,0.37,3.35,0.021,39.7,156.1,0.9928,3.37,0.36,11.26,5
6140,White,6.05,0.26,0.33,9.46,0.023,47.1,150.3,0.999,3.37,0.43,10.12,6
6141,White,6.19,0.29,0.1,8.12,0.047,26.8,128.3,0.9869,3.46,0.44,10.44,5
6142,White,5.78,0.08,0.34,0.6,0.042,29.4,173.8,0.9949,3.11,0.32,10.69,7
6143,White,7.0,0.08,0.26,12.17,0.051,12.2,137.0,0.9941,3.38,0.36,9.33,5
6144,White,6.86,0.25,0.34,5.52,0.069,18.3,77.0,0.9936,3.32,0.64,11.57,5
6145,White,5.65,0.17,0.44,14.54,0.037,48.4,150.4,0.9972,3.35,0.65,12.71,6
6146,White,7.2,0.31,0.34,11.12,0.009,55.6,138.5,0.9908,3.34,0.6,12.25,7
6147,White,8.13,0.45,0.37,12.95,0.033,23.9,156.5,0.9867,3.13,0.45,10.82,5
6148,White,6.79,0.3,0.38,8.91,0.037,37.9,88.6,0.9929,3.15,0.61,11.07,6
6149,White,6.09,0.28,0.32,5.18,0.061,14.5,116.9,0.9953,3.36,0.57,11.8,5
6150,White,6.99,0.2,0.26,0.6,0.047,45.6,172.1,0.9957,3.21,0.43,9.54,6
6151,White,6.3,0.36,0.2,6.63,0.045,45.3,170.0,0.9952,3.18,0.52,11.78,7
6152,White,6.13,0.49,0.42,3.26,0.05,24.1,175.4,0.9975,3.29,0.44,10.56,6
6153,White,6.97,0.3,0.3,2.45,0.022,20.3,141.9,0.9958,3.29,0.52,11.39,7
6154,White,7.06,0.14,0.07,7.97,0.063,32.1,160.8,0.9916,3.38,0.4,9.21,5
6155,White,5.6,0.33,0.37,8.13,0.044,32.0,117.6,0.9977,3.16,0.38,11.76,8
6156,White,6.61,0.2,0.47,5.65,0.044,26.1,154.4,0.9991,3.07,0.51,9.69,5
6157,White,7.84,0.39,0.37,21.48,0.04,66.7,134.5,0.9954,3.25,0.35,9.46,5
6158,White,7.99,0.31,0.23,11.38,0.042,53.1,138.9,0.9964,3.06,0.38,11.2,6
6159,White,7.17,0.52,0.3,7.29,0.076,18.5,116.5,0.9923,3.37,0.7,10.84,6
6160,White,8.73,0.36,0.54,8.92,0.027,55.9,170.1,0.9888,2.96,0.47,10.99,6
6161,White,8.05,0.25,0.22,18.65,0.069,31.0,93.5,0.9927,3.43,0.45,12.08,7
6162,White,7.38,0.24,0.47,11.38,0.034,29.6,161.7,0.9925,3.17,0.4,11.26,7
6163,White,6.8,0.34,0.11,5.54,0.019,21.7,161.5,0.9917,3.1,0.46,9.0,5
6164,White,6.67,0.3,0.2,3.15,0.066,60.5,132.1,0.9937,3.05,0.61,10.84,5
6165,White,8.27,0.19,0.38,8.82,0.033,25.2,120.5,0.9987,3.27,0.54,13.18,7
6166,White,8.47,0.22,0.24,12.87,0.066,30.2,131.2,0.9959,3.21,0.63,11.31,5
6167,White,5.68,0.26,0.44,0.6,0.013,30.6,26.9,0.9925,3.37,0.52,10.82,6
6168,White,5.37,0.35,0.23,10.8,0.053,44.0,114.9,0.9943,2.89,0.47,10.66,6
6169,White,6.79,0.25,0.21,6.64,0.115,15.4,165.0,0.9931,3.27,0.5,9.72,5
6170,White,6.47,0.16,0.21,3.57,0.057,29.1,112.1,0.9978,3.28,0.56,12.17,5
6171,White,8.15,0.37,0.38,3.77,0.009,61.5,144.7,0.995,3.29,0.46,11.74,6
6172,White,7.79,0.12,0.17,8.77,0.071,40.7,117.9,0.9937,3.24,0.27,9.72,5
6173,White,5.39,0.41,0.42,10.82,0.051,53.0,146.9,0.995,3.28,0.52,10.33,5
6174,White,7.59,0.16,0.42,12.08,0.026,56.8,158.4,0.997,2.9,0.57,10.17,6
6175,White,8.26,0.51,0.4,0.6,0.038,16.6,157.0,0.9929,3.44,0.33,11.47,8
6176,White,7.71,0.14,0.32,4.32,0.057,28.9,109.4,0.9933,3.22,0.55,11.16,6
6177,White,7.65,0.24,0.35,6.86,0.042,41.3,172.0,0.9883,3.04,0.6,11.49,6
6178,White,8.29,0.53,0.35,5.48,0.056,33.0,83.1,0.9941,3.25,0.47,10.97,6
6179,White,5.31,0.13,0.51,6.18,0.02,22.9,116.3,0.9935,3.05,0.57,12.03,6
6180,White,6.75,0.13,0.69,10.34,0.046,20.2,120.7,0.9899,2.84,0.61,11.61,6
6181,White,7.61,0.2,0.27,0.74,0.062,48.5,173.2,0.9946,3.2,0.68,10.78,6
6182,White,6.67,0.13,0.39,13.74,0.032,33.2,146.1,0.9962,2.96,0.29,12.45,8
6183,White,7.5,0.17,0.16,6.21,0.038,68.8,180.6,0.9941,3.19,0.61,10.48,5
6184,White,6.22,0.23,0.28,11.86,0.032,52.4,73.9,0.9951,3.22,0.6,13.19,7
6185,White,7.91,0.14,0.25,7.96,0.044,52.3,150.0,0.9979,3.18,0.27,10.61,6
6186,White,5.81,0.2,0.42,6.77,0.049,55.0,153.3,0.9921,3.21,0.59,10.85,5
6187,White,5.58,0.29,0.25,10.91,0.015,43.8,115.4,0.9927,3.04,0.5,11.21,6
6188,White,7.16,0.15,0.26,15.9,0.065,16.4,91.4,0.994,3.06,0.38,11.18,7
6189,White,7.36,0.28,0.52,4.29,0.042,45.1,87.6,0.9948,3.24,0.48,10.26,5
6190,White,6.65,0.37,0.35,7.87,0.045,21.0,112.1,0.9973,3.1,0.45,10.35,8
6191,White,6.88,0.11,0.5,0.85,0.023,17.5,101.0,0.9962,3.09,0.37,11.79,6
6192,White,8.17,0.33,0.53,4.4,0.075,25.7,111.7,0.9932,3.08,0.4,12.12,5
6193,White,6.53,0.23,0.25,0.69,0.033,48.6,103.7,0.9891,3.06,0.29,12.78,8
6194,White,7.03,0.24,0.33,5.54,0.03,16.0,55.5,0.9922,3.55,0.39,12.22,5
6195,White,6.18,0.35,0.39,7.69,0.015,74.7,138.3,0.9946,3.23,0.59,10.19,5
6196,White,6.27,0.32,0.42,5.83,0.052,3.3,119.7,0.9915,3.47,0.65,11.55,6
6197,White,6.45,0.23,0.34,0.6,0.076,2.0,182.0,0.9921,3.33,0.35,11.94,7
6198,White,5.94,0.24,0.55,2.49,0.072,33.8,67.2,0.9908,3.37,0.43,10.51,6
6199,White,5.74,0.31,0.38,4.45,0.055,18.9,122.8,0.9959,3.17,0.34,10.03,5
6200,White,6.23,0.38,0.27,0.6,0.057,33.4,80.2,0.9923,3.16,0.54,10.7,7
6201,White,6.17,0.25,0.32,3.41,0.039,58.7,61.2,0.9951,3.07,0.43,11.01,5
6202,White,7.34,0.35,0.38,10.68,0.077,32.7,169.3,0.9935,3.02,0.35,8.0,3
6203,White,7.22,0.12,0.19,4.73,0.04,43.0,214.2,0.9916,3.11,0.41,9.79,6
6204,White,6.87,0.25,0.08,6.19,0.051,39.6,190.7,0.9943,3.17,0.66,11.6,6
6205,White,6.35,0.34,0.25,8.25,0.029,34.0,135.6,0.9952,2.94,0.34,11.7,6
6206,White,7.14,0.36,0.49,13.83,0.035,47.0,157.5,0.9964,2.79,0.4,9.46,5
6207,White,6.61,0.27,0.34,5.41,0.061,21.8,126.6,0.9943,3.29,0.53,9.96,6
6208,White,5.23,0.35,0.31,16.2,0.034,14.5,70.2,0.9921,3.07,0.58,9.43,6
6209,White,8.24,0.17,0.39,19.26,0.047,41.0,148.8,0.9945,3.17,0.52,9.11,5
6210,White,5.72,0.3,0.23,0.6,0.069,49.3,146.9,0.9909,3.12,0.5,12.61,5
6211,White,6.44,0.24,0.46,10.11,0.012,22.4,181.9,0.9939,3.21,0.45,11.38,5
6212,White,7.0,0.23,0.4,1.41,0.024,36.7,41.5,0.9951,3.32,0.46,10.96,7
6213,White,8.34,0.28,0.48,8.66,0.074,54.1,165.4,0.993,3.16,0.48,10.66,4
6214,White,6.31,0.36,0.42,2.93,0.059,45.9,101.3,0.9923,3.02,0.44,10.14,7
6215,White,7.73,0.38,0.36,7.42,0.07,69.1,158.2,0.9939,3.14,0.56,12.46,6
6216,White,8.04,0.19,0.36,1.21,0.059,37.3,84.2,0.9925,3.13,0.44,9.08,5
6217,White,4.34,0.23,0.43,0.6,0.072,37.0,106.7,0.9921,3.16,0.74,11.61,6
6218,White,5.63,0.24,0.34,3.61,0.051,40.0,147.9,0.9966,3.08,0.56,10.72,6
6219,White,7.8,0.23,0.34,14.34,0.01,34.7,125.8,0.9936,3.28,0.66,11.01,6
6220,White,8.18,0.21,0.41,7.41,0.056,2.0,135.1,0.9935,2.96,0.46,10.63,5
6221,White,7.61,0.35,0.44,10.56,0.075,54.6,102.4,0.9913,3.05,0.34,9.95,5
6222,White,8.03,0.39,0.28,3.15,0.025,31.5,134.8,0.9929,2.98,0.32,10.41,6
6223,White,6.74,0.3,0.26,10.96,0.062,72.0,139.8,0.9951,3.31,0.27,12.91,7
6224,White,5.65,0.4,0.49,3.44,0.065,57.8,153.7,0.9917,3.27,0.69,10.55,6
6225,White,6.54,0.27,0.12,3.17,0.071,13.8,158.7,0.995,3.34,0.45,11.08,6
6226,White,6.97,0.33,0.35,12.11,0.064,36.6,201.2,0.9936,3.3,0.58,11.9,8
6227,White,6.41,0.32,0.28,5.77,0.083,26.6,156.5,0.9928,3.25,0.38,11.1,7
6228,White,5.59,0.15,0.36,3.58,0.053,25.8,93.9,0.9941,3.08,0.7,10.17,5
6229,White,5.5,0.3,0.15,5.06,0.076,18.0,117.0,0.9939,3.2,0.45,10.3,6
6230,White,7.27,0.22,0.3,0.6,0.017,46.9,164.0,0.9955,3.23,0.5,12.31,6
6231,White,8.07,0.31,0.31,0.6,0.112,49.0,127.7,0.9903,3.33,0.53,12.92,6
6232,White,6.85,0.38,0.26,1.03,0.057,34.7,109.6,0.9931,3.16,0.51,10.97,5
6233,White,5.95,0.45,0.54,13.53,0.041,5.7,137.2,0.992,3.17,0.5,10.49,5
6234,White,7.06,0.25,0.37,12.99,0.023,42.4,135.4,0.9952,3.27,0.65,11.96,7
6235,White,6.8,0.26,0.58,18.24,0.083,27.5,84.5,0.996,3.09,0.45,8.87,6
6236,White,6.1,0.27,0.22,8.4,0.045,57.6,123.0,0.9975,3.28,0.55,11.75,6
6237,White,7.18,0.28,0.18,12.52,0.02,35.6,45.7,0.9949,3.37,0.74,10.62,6
6238,White,6.52,0.29,0.41,10.28,0.049,55.2,133.1,0.9942,3.25,0.49,10.89,6
6239,White,5.34,0.41,0.39,14.58,0.072,9.8,118.0,0.99,3.41,0.64,11.44,5
6240,White,6.8,0.13,0.14,0.6,0.024,21.9,156.9,0.9978,3.35,0.41,11.89,8
6241,White,6.73,0.36,0.36,9.98,0.025,17.0,120.6,0.9883,3.34,0.68,11.38,7
6242,White,6.56,0.34,0.3,2.25,0.023,14.3,153.0,0.9955,3.3,0.26,12.69,8
6243,White,7.02,0.39,0.27,13.93,0.045,41.8,183.4,0.9978,3.13,0.25,12.62,6
6244,White,8.02,0.23,0.22,0.6,0.054,47.7,101.1,0.9963,3.31,0.6,10.95,5
6245,White,6.73,0.51,0.36,5.43,0.026,31.2,195.6,0.9971,3.15,0.68,10.05,7
6246,White,7.01,0.24,0.17,6.93,0.078,39.2,228.8,0.9903,3.29,0.49,12.72,6
6247,White,7.48,0.23,0.37,5.29,0.028,45.9,142.3,0.9915,3.08,0.33,10.65,6
6248,White,5.27,0.3,0.28,0.6,0.031,67.9,89.2,0.9961,3.39,0.6,9.03,6
6249,White,8.44,0.29,0.12,4.18,0.082,58.6,180.2,0.9895,3.47,0.46,11.79,7
6250,White,6.87,0.36,0.3,7.84,0.031,51.2,128.7,0.9979,3.35,0.5,10.99,6
6251,White,6.48,0.33,0.34,14.3,0.009,42.1,58.0,0.9922,3.26,0.59,11.51,6
6252,White,8.07,0.29,0.34,0.6,0.043,31.6,155.7,0.9946,3.44,0.55,10.73,7
6253,White,5.24,0.34,0.46,11.92,0.066,50.0,96.1,0.9943,3.24,0.52,11.51,6
6254,White,5.43,0.34,0.35,10.36,0.035,15.8,158.9,0.9944,3.26,0.4,11.77,6
6255,White,5.36,0.38,0.31,8.01,0.073,46.9,174.4,0.9921,3.29,0.44,11.46,5
6256,White,6.81,0.32,0.17,2.12,0.05,31.7,143.2,0.9936,2.95,0.42,11.07,5
6257,White,6.71,0.18,0.32,8.81,0.056,7.1,209.9,0.997,3.21,0.42,11.02,6
6258,White,8.14,0.26,0.44,3.34,0.047,37.3,235.7,0.9917,3.44,0.41,12.91,7
6259,White,6.33,0.33,0.36,12.3,0.026,49.0,146.0,0.9931,3.1,0.45,10.52,5
6260,White,7.12,0.37,0.37,8.86,0.05,62.0,174.2,0.9962,3.35,0.48,10.81,6
6261,White,6.52,0.38,0.07,0.6,0.043,44.0,99.0,0.9977,3.11,0.5,10.56,6
6262,White,6.25,0.14,0.59,10.18,0.057,48.9,178.9,0.9926,3.2,0.37,10.98,6
6263,White,5.79,0.44,0.27,9.81,0.041,2.0,196.4,0.9955,3.08,0.37,9.76,5
6264,White,7.56,0.29,0.34,13.8,0.028,36.1,190.3,0.9984,3.33,0.5,10.26,7
6265,White,4.63,0.08,0.36,1.0,0.054,16.8,97.5,0.9905,3.16,0.27,10.52,5
6266,White,8.49,0.37,0.07,10.26,0.04,65.7,76.2,0.991,3.06,0.43,8.83,5
6267,White,7.05,0.19,0.43,4.53,0.024,55.6,131.6,0.9933,3.4,0.5,10.25,6
6268,White,5.49,0.31,0.51,1.31,0.039,38.6,74.7,0.9927,3.01,0.35,10.61,6
6269,White,7.18,0.33,0.43,3.49,0.058,20.1,203.3,0.9921,3.5,0.82,9.87,5
6270,White,6.11,0.11,0.31,6.72,0.056,38.2,95.4,0.9911,3.19,0.56,12.61,8
6271,White,7.16,0.33,0.09,17.04,0.073,2.0,111.0,0.9941,3.32,0.47,11.54,7
6272,White,6.46,0.34,0.48,1.66,0.058,40.5,147.0,0.9902,2.86,0.54,10.93,5
6273,White,6.48,0.22,0.47,8.79,0.055,33.2,206.3,0.994,3.23,0.48,10.91,5
6274,White,8.3,0.3,0.4,7.62,0.048,17.8,89.3,0.9965,3.11,0.44,10.74,6
6275,White,5.99,0.21,0.51,15.43,0.027,15.4,134.4,0.9907,3.28,0.45,12.72,7
6276,White,5.15,0.23,0.49,9.22,0.066,32.1,215.2,0.9941,2.92,0.45,9.86,5
6277,White,5.67,0.37,0.54,12.79,0.024,19.0,95.3,0.9928,3.38,0.45,9.15,5
6278,White,5.89,0.14,0.3,13.02,0.051,44.2,76.7,0.9903,3.01,0.4,11.48,7
6279,White,7.57,0.23,0.31,2.01,0.019,62.6,163.3,0.9974,3.14,0.68,11.42,6
6280,White,8.88,0.36,0.28,5.89,0.08,22.0,151.3,0.993,3.24,0.55,11.7,6
6281,White,7.07,0.28,0.27,16.58,0.05,35.5,177.5,0.9945,3.31,0.51,11.48,5
6282,White,7.3,0.29,0.24,6.09,0.031,38.6,149.5,0.9931,2.94,0.33,9.27,5
6283,White,5.65,0.26,0.18,10.06,0.023,21.5,162.0,0.9912,3.3,0.41,10.4,6
6284,White,5.85,0.12,0.42,0.6,0.031,70.4,142.8,0.9929,3.29,0.52,13.1,6
6285,White,6.82,0.33,0.28,8.97,0.026,57.3,179.0,0.9926,2.92,0.45,10.33,5
6286,White,6.06,0.41,0.62,18.08,0.026,66.6,132.3,0.9919,3.35,0.53,9.73,4
6287,White,6.64,0.22,0.22,11.34,0.068,37.2,183.5,0.9935,3.36,0.61,11.36,7
6288,White,6.95,0.3,0.32,0.6,0.097,17.4,90.9,0.9933,3.12,0.6,10.79,7
6289,White,6.57,0.38,0.31,1.0,0.064,25.3,58.5,0.9912,2.96,0.57,11.2,6
6290,White,6.82,0.33,0.4,8.49,0.069,21.5,102.8,0.9928,3.19,0.48,11.38,7
6291,White,7.26,0.3,0.42,8.34,0.07,63.5,130.5,0.9908,3.21,0.37,9.29,5
6292,White,5.82,0.31,0.29,3.57,0.013,57.3,241.4,0.9923,3.27,0.67,11.42,6
6293,White,7.54,0.32,0.32,2.46,0.039,61.2,183.5,0.9932,3.0,0.57,11.43,6
6294,White,7.94,0.24,0.57,4.34,0.042,67.2,94.6,0.9964,3.11,0.37,11.28,8
6295,White,7.33,0.32,0.33,8.97,0.037,31.7,178.2,0.9931,3.07,0.61,12.7,6
6296,White,6.46,0.4,0.41,0.66,0.061,31.2,193.9,0.996,3.07,0.62,11.41,8
6297,White,6.24,0.29,0.49,0.6,0.063,46.7,65.0,0.9922,3.26,0.53,11.56,7
6298,White,5.65,0.21,0.49,3.98,0.068,48.2,157.9,0.9943,3.06,0.68,9.94,4
6299,White,8.18,0.4,0.27,3.89,0.059,33.8,116.0,0.9933,3.36,0.62,11.19,6
6300,White,7.21,0.32,0.35,6.83,0.05,10.2,213.7,0.9954,3.14,0.48,11.6,7
6301,White,8.0,0.41,0.45,10.3,0.016,2.0,103.0,0.9918,3.2,0.67,11.05,5
6302,White,5.74,0.5,0.21,4.6,0.057,23.7,153.6,0.9914,3.17,0.5,10.75,7
6303,White,6.49,0.28,0.13,5.18,0.098,30.4,167.2,0.9902,3.2,0.44,10.79,6
6304,White,7.04,0.23,0.14,4.44,0.056,48.4,107.4,0.9892,3.05,0.22,11.6,6
6305,White,7.89,0.23,0.3,7.93,0.033,45.4,73.9,0.9904,3.32,0.41,12.88,7
6306,White,4.75,0.08,0.33,14.13,0.067,25.4,119.0,0.9979,3.22,0.47,9.32,7
6307,White,6.5,0.3,0.42,14.29,0.029,30.1,137.1,0.9988,3.36,0.3,10.21,6
6308,White,6.97,0.19,0.29,5.03,0.058,26.9,162.6,0.9952,2.96,0.6,11.17,6
6309,White,6.96,0.34,0.21,6.93,0.039,9.4,173.7,0.9973,3.3,0.31,11.35,7
6310,White,6.07,0.37,0.25,0.6,0.045,29.3,201.4,0.9924,3.08,0.47,11.17,5
6311,White,6.36,0.34,0.34,7.79,0.032,41.8,136.4,0.9946,3.4,0.37,12.71,7
6312,White,6.05,0.23,0.32,10.42,0.037,51.5,158.1,0.9914,3.29,0.43,10.19,5
6313,White,6.96,0.39,0.23,8.5,0.048,39.3,94.5,0.993,3.33,0.48,11.12,7
6314,White,5.58,0.36,0.44,17.75,0.103,19.9,202.0,0.9938,3.3,0.63,11.02,5
6315,White,6.7,0.44,0.41,3.12,0.059,68.1,141.6,0.9909,3.23,0.42,10.46,6
6316,White,6.63,0.26,0.29,6.27,0.06,51.3,101.1,0.992,3.27,0.44,8.85,5
6317,White,7.11,0.33,0.46,7.72,0.054,32.4,182.1,0.9991,3.37,0.49,10.58,6
6318,White,6.91,0.22,0.18,1.26,0.043,39.4,144.2,0.9947,3.09,0.84,11.43,7
6319,White,7.46,0.15,0.32,12.71,0.026,43.1,101.2,0.9915,3.26,0.45,9.75,6
6320,White,7.5,0.37,0.37,4.78,0.042,28.0,146.8,0.9953,2.93,0.4,10.15,4
6321,White,7.87,0.3,0.22,10.92,0.076,53.7,176.4,0.9984,2.87,0.5,9.95,5
6322,White,7.73,0.43,0.45,0.6,0.018,37.9,35.5,0.9912,3.07,0.44,9.82,4
6323,White,6.88,0.3,0.21,0.6,0.083,38.3,112.5,0.9907,3.13,0.8,11.52,7
6324,White,6.41,0.31,0.45,2.43,0.074,38.7,89.6,0.9987,3.19,0.42,12.02,8
6325,White,9.41,0.23,0.37,7.81,0.076,39.4,116.8,0.9903,3.24,0.44,10.65,6
6326,White,6.98,0.37,0.41,0.6,0.048,13.0,116.4,0.9985,3.4,0.65,10.92,7
6327,White,7.35,0.28,0.27,14.12,0.032,13.8,171.7,0.9966,3.25,0.57,11.37,7
6328,White,7.03,0.37,0.3,15.7,0.052,44.2,123.1,0.9883,3.2,0.49,10.73,7
6329,White,5.67,0.41,0.39,9.89,0.02,43.4,110.5,0.9926,3.14,0.38,10.8,4
6330,White,6.06,0.28,0.17,12.13,0.009,22.7,239.5,0.9978,3.2,0.45,9.14,5
6331,White,8.02,0.28,0.25,0.6,0.026,16.1,129.9,0.994,2.98,0.45,11.16,5
6332,White,6.25,0.28,0.43,13.52,0.047,35.5,115.8,0.9975,3.22,0.47,10.47,6
6333,White,6.86,0.35,0.25,7.71,0.015,54.4,164.5,0.9964,3.13,0.65,11.99,6
6334,White,7.24,0.21,0.47,5.05,0.037,22.0,130.3,0.9925,3.24,0.39,10.63,5
6335,White,6.42,0.28,0.6,5.68,0.014,12.1,138.7,0.9957,3.42,0.38,10.89,7
6336,White,7.0,0.43,0.27,5.77,0.059,37.3,209.4,0.9925,3.09,0.53,12.26,6
6337,White,6.89,0.2,0.29,12.74,0.051,32.0,137.9,0.9956,3.05,0.28,11.22,6
6338,White,6.69,0.19,0.29,9.97,0.082,51.4,172.5,0.9928,3.33,0.45,10.61,6
6339,White,6.63,0.37,0.37,0.6,0.081,47.5,131.5,0.9938,2.79,0.62,11.42,5
6340,White,8.61,0.22,0.2,7.83,0.035,17.9,206.7,0.9967,3.22,0.22,10.82,6
6341,White,6.15,0.19,0.4,2.87,0.029,41.8,103.3,0.9981,3.05,0.42,11.88,8
6342,White,5.46,0.2,0.29,4.83,0.057,71.2,191.5,0.9964,3.4,0.57,12.56,6
6343,White,7.66,0.3,0.47,7.48,0.024,55.6,214.2,0.995,3.18,0.39,10.12,6
6344,White,7.99,0.31,0.34,11.15,0.034,2.8,128.2,0.9919,2.98,0.42,13.36,7
6345,White,6.26,0.28,0.3,8.28,0.091,2.0,107.4,0.9937,3.23,0.34,10.54,8
6346,White,6.85,0.19,0.27,8.86,0.081,57.6,158.2,0.9948,3.38,0.72,11.46,5
6347,White,7.64,0.3,0.47,0.6,0.046,49.4,107.6,0.9941,3.05,0.46,12.07,7
6348,White,6.42,0.08,0.45,10.85,0.042,4.3,180.6,0.9943,3.24,0.51,13.4,6
6349,White,5.4,0.08,0.2,11.09,0.009,39.2,113.0,0.988,3.3,0.52,10.9,6
6350,White,7.31,0.33,0.38,8.09,0.073,35.3,175.3,0.9915,2.9,0.56,10.03,4
6351,White,5.5,0.42,0.5,7.17,0.046,22.7,241.7,0.9893,3.31,0.51,9.17,7
6352,White,6.89,0.22,0.34,0.6,0.027,26.8,110.7,0.9966,3.16,0.56,11.8,5
6353,White,6.34,0.38,0.15,0.6,0.013,64.6,105.0,0.9892,3.35,0.44,10.29,5
6354,White,6.62,0.19,0.4,8.64,0.03,2.0,156.1,0.9928,3.27,0.48,11.06,6
6355,White,6.31,0.41,0.41,5.49,0.053,59.1,132.0,0.9947,3.25,0.57,10.58,6
6356,White,6.89,0.13,0.23,15.91,0.025,6.5,173.1,0.9928,3.38,0.64,9.7,6
6357,White,5.58,0.15,0.31,15.81,0.038,48.3,97.0,0.9961,3.15,0.46,9.52,4
6358,White,6.62,0.21,0.35,13.12,0.062,26.8,51.0,0.9939,2.98,0.37,10.26,6
6359,White,6.98,0.17,0.28,5.59,0.04,48.8,97.1,0.99,3.18,0.63,11.45,7
6360,White,7.19,0.25,0.28,5.83,0.038,16.5,165.9,0.9866,3.08,0.36,11.24,5
6361,White,5.75,0.21,0.22,14.92,0.034,25.2,125.0,0.9911,3.37,0.5,11.17,6
6362,White,7.18,0.3,0.35,0.6,0.031,4.3,29.2,0.9965,3.22,0.48,9.51,6
6363,White,6.4,0.19,0.5,18.73,0.053,24.0,112.8,0.9966,3.22,0.64,12.01,6
6364,White,6.86,0.27,0.38,4.5,0.051,58.6,112.5,0.9889,3.47,0.5,9.56,5
6365,White,7.87,0.37,0.15,7.14,0.074,36.0,164.3,0.9942,3.36,0.46,10.43,5
6366,White,6.03,0.27,0.13,2.55,0.058,32.5,90.7,0.9907,3.31,0.62,10.84,6
6367,White,8.48,0.25,0.23,1.24,0.039,35.5,182.8,0.9943,3.14,0.42,10.66,7
6368,White,6.59,0.41,0.36,7.01,0.066,75.7,170.9,0.9928,3.16,0.52,13.15,7
6369,White,6.71,0.24,0.37,4.98,0.052,2.0,111.0,0.9942,3.19,0.55,11.37,6
6370,White,7.53,0.14,0.36,8.21,0.047,14.7,61.5,0.9913,3.23,0.63,11.68,6
6371,White,7.76,0.24,0.27,3.33,0.071,18.7,117.4,0.9956,3.15,0.43,12.14,7
6372,White,6.27,0.24,0.36,3.28,0.021,32.9,162.8,0.9942,2.9,0.49,9.01,5
6373,White,7.54,0.17,0.27,8.82,0.039,42.9,135.6,0.9972,3.11,0.77,12.24,7
6374,White,7.69,0.24,0.43,5.44,0.075,11.3,176.1,0.9943,3.14,0.4,10.91,6
6375,White,8.07,0.15,0.18,0.6,0.027,25.4,175.8,0.9938,3.13,0.56,11.79,7
6376,White,6.92,0.19,0.28,2.09,0.031,21.1,139.4,0.9916,3.37,0.41,9.65,5
6377,White,5.86,0.3,0.35,13.89,0.057,35.4,88.5,0.9953,3.06,0.42,11.88,6
6378,White,5.85,0.32,0.08,7.43,0.064,15.6,65.8,0.9958,3.13,0.54,11.15,6
6379,White,5.33,0.19,0.2,0.6,0.051,2.0,180.8,0.9912,3.13,0.41,10.62,5
6380,White,7.87,0.36,0.47,8.58,0.021,14.3,137.9,0.9981,3.36,0.47,11.43,6
6381,White,7.64,0.42,0.33,6.05,0.026,26.6,120.7,0.9944,2.98,0.52,11.79,6
6382,White,6.59,0.25,0.33,11.92,0.039,46.8,43.7,0.9923,3.17,0.52,10.98,6
6383,White,6.29,0.32,0.38,0.6,0.042,57.3,143.9,0.9983,3.05,0.67,10.9,6
6384,White,8.26,0.4,0.0,12.08,0.044,48.6,197.5,0.9962,3.15,0.49,11.41,6
6385,White,5.46,0.33,0.24,9.19,0.067,73.4,72.2,0.9925,3.18,0.46,10.7,6
6386,White,6.82,0.34,0.34,3.37,0.05,59.0,134.6,0.9899,3.09,0.59,10.62,6
6387,White,7.18,0.22,0.34,19.94,0.064,47.8,192.6,0.9915,3.11,0.53,9.96,6
6388,White,6.3,0.23,0.38,3.92,0.062,23.8,130.9,0.989,3.16,0.5,12.21,7
6389,White,7.02,0.08,0.54,10.52,0.055,30.9,104.5,0.9976,2.93,0.47,10.76,5
6390,White,5.34,0.28,0.27,11.74,0.044,26.2,139.4,0.9962,3.21,0.55,11.32,6
6391,White,6.89,0.27,0.25,11.25,0.062,34.2,85.1,0.9958,3.0,0.67,12.29,6
6392,White,6.36,0.34,0.31,8.45,0.042,31.1,209.9,0.9991,3.34,0.38,11.14,6
6393,White,6.03,0.17,0.32,4.88,0.052,31.5,203.8,1.0,3.21,0.67,10.53,6
6394,White,6.95,0.38,0.43,0.6,0.06,51.6,145.3,0.9889,2.8,0.62,11.32,4
6395,White,8.64,0.42,0.39,6.53,0.035,11.8,63.6,0.9904,3.26,0.69,10.92,5
6396,White,6.56,0.24,0.36,13.03,0.022,7.7,95.0,0.9925,3.14,0.33,11.82,5
6397,White,6.41,0.26,0.51,0.61,0.038,61.0,182.6,0.9942,3.29,0.53,11.88,6
6398,White,7.7,0.28,0.31,7.9,0.068,50.4,163.5,0.9925,3.33,0.52,12.29,5
6399,White,7.32,0.18,0.32,4.07,0.018,40.5,181.5,0.9947,3.32,0.44,10.87,6
6400,White,6.41,0.33,0.38,12.18,0.033,22.4,85.4,0.9985,3.55,0.41,11.18,7
6401,White,4.77,0.24,0.54,8.72,0.031,19.0,143.0,0.9929,3.15,0.44,11.32,4
6402,White,7.14,0.29,0.26,11.9,0.053,48.9,143.9,0.9916,3.37,0.52,11.49,7
6403,White,7.55,0.16,0.19,10.38,0.068,41.3,221.0,0.9926,3.01,0.37,11.98,6
6404,White,7.48,0.47,0.28,12.91,0.054,47.9,165.4,0.993,3.25,0.62,12.44,7
6405,White,7.07,0.11,0.28,11.93,0.066,30.2,140.3,0.9943,3.03,0.45,11.52,5
6406,White,7.4,0.29,0.55,6.78,0.041,39.9,186.3,0.9979,3.23,0.55,11.41,5
6407,White,5.8,0.3,0.22,11.27,0.029,11.1,114.3,0.9933,3.08,0.53,11.75,8
6408,White,6.64,0.18,0.54,7.1,0.043,51.7,157.2,0.9911,3.08,0.4,13.41,7
6409,White,8.44,0.25,0.12,12.24,0.029,31.3,102.1,0.9937,3.25,0.48,9.5,5
6410,White,6.83,0.4,0.35,1.87,0.061,47.8,11.9,0.9922,3.15,0.4,10.78,7
6411,White,8.24,0.31,0.18,10.37,0.034,33.0,100.4,0.9971,3.2,0.5,12.57,7
6412,White,6.25,0.41,0.32,6.61,0.038,56.0,258.4,0.991,3.19,0.37,9.07,7
6413,White,7.32,0.2,0.17,2.84,0.062,35.4,197.4,0.9937,3.2,0.55,11.99,6
6414,White,6.71,0.31,0.45,0.6,0.051,83.8,104.0,0.9956,3.3,0.62,9.37,5
6415,White,6.31,0.25,0.36,4.32,0.056,30.3,166.7,0.9963,3.23,0.42,12.42,6
6416,White,5.8,0.09,0.39,0.6,0.05,37.4,107.9,0.9957,3.53,0.53,10.5,5
6417,White,7.35,0.27,0.23,4.34,0.036,34.7,86.1,0.9976,3.09,0.44,12.65,6
6418,White,4.61,0.35,0.13,4.63,0.055,42.8,121.8,0.9945,3.44,0.55,10.36,6
6419,White,5.41,0.13,0.42,0.6,0.076,27.8,150.9,0.9961,3.05,0.24,10.63,6
6420,White,7.62,0.28,0.31,0.86,0.082,46.5,145.3,0.9975,3.31,0.27,13.11,7
6421,White,8.45,0.3,0.26,1.0,0.065,42.7,224.8,0.9966,3.09,0.6,11.85,6
6422,White,6.8,0.26,0.49,14.8,0.026,57.4,166.4,0.9949,2.98,0.62,10.49,6
6423,White,9.18,0.21,0.2,0.6,0.052,46.2,110.9,0.9899,3.13,0.56,10.27,5
6424,White,5.94,0.37,0.43,0.6,0.047,17.5,140.4,0.995,3.02,0.63,11.95,5
6425,White,7.35,0.22,0.49,0.6,0.082,36.7,215.2,0.9935,3.19,0.49,11.55,5
6426,White,6.71,0.35,0.34,10.38,0.051,30.9,109.5,0.9914,3.4,0.4,9.82,5
6427,White,7.2,0.08,0.41,5.83,0.059,10.4,127.8,0.9929,3.55,0.4,12.74,6
6428,White,6.59,0.57,0.48,8.68,0.059,23.0,167.6,0.9884,3.31,0.56,10.62,5
6429,White,6.99,0.56,0.3,8.02,0.052,67.7,67.0,0.9887,3.02,0.54,12.25,6
6430,White,5.83,0.43,0.34,7.54,0.031,32.1,201.3,0.9967,3.29,0.41,11.63,6
6431,White,6.35,0.09,0.36,5.05,0.057,44.6,169.6,1.0007,3.25,0.37,9.64,7
6432,White,5.41,0.39,0.73,10.61,0.058,16.3,177.6,0.9998,2.98,0.33,9.95,5
6433,White,6.6,0.24,0.46,12.91,0.043,2.0,154.2,0.9928,2.85,0.35,10.93,5
6434,White,7.22,0.44,0.03,8.56,0.058,37.5,142.4,0.9931,3.39,0.44,11.74,6
6435,White,6.88,0.31,0.38,0.6,0.07,58.1,168.8,0.9948,3.22,0.47,10.52,6
6436,White,6.91,0.36,0.42,6.67,0.033,31.0,284.7,0.9969,3.6,0.48,11.59,5
6437,White,7.08,0.32,0.19,2.57,0.074,20.7,113.3,0.9923,3.29,0.51,11.47,6
6438,White,5.41,0.08,0.23,10.06,0.074,24.2,131.7,0.9939,2.95,0.34,12.31,7
6439,White,6.84,0.27,0.1,4.65,0.04,28.5,126.8,0.9971,3.0,0.73,12.07,7
6440,White,6.94,0.44,0.26,8.35,0.068,22.9,130.3,0.9954,3.23,0.49,10.76,5
6441,White,6.88,0.54,0.28,0.6,0.034,43.9,189.0,0.9893,3.42,0.5,10.26,6
6442,White,8.51,0.24,0.32,8.69,0.065,13.7,117.1,0.9963,3.21,0.46,12.83,7
6443,White,6.34,0.2,0.51,3.84,0.052,16.2,164.7,0.9874,2.86,0.59,9.73,7
6444,White,6.13,0.23,0.36,10.78,0.059,5.0,204.5,0.9914,3.06,0.44,12.6,5
6445,White,6.25,0.2,0.47,0.6,0.054,40.5,116.9,0.9942,3.27,0.26,11.42,6
6446,White,7.11,0.25,0.17,6.24,0.011,29.1,118.1,0.994,3.3,0.51,12.7,7
6447,White,9.2,0.17,0.46,0.6,0.041,47.8,170.0,0.9958,3.34,0.64,10.14,4
6448,White,6.43,0.12,0.39,3.86,0.036,46.6,132.4,0.9913,3.2,0.57,11.62,6
6449,White,7.05,0.23,0.41,0.6,0.088,31.8,31.2,0.9951,3.24,0.41,12.52,7
6450,White,6.94,0.36,0.34,5.36,0.059,35.8,189.1,0.9866,3.46,0.37,9.96,5
6451,White,6.77,0.22,0.28,0.6,0.077,52.9,95.5,0.9945,3.08,0.52,10.65,6
6452,White,6.59,0.32,0.38,2.49,0.054,40.8,141.4,0.9951,3.11,0.34,11.73,6
6453,White,5.87,0.31,0.62,15.57,0.031,13.7,170.5,0.9954,3.01,0.32,10.91,5
6454,White,7.6,0.18,0.36,8.08,0.035,21.3,101.0,0.9952,3.23,0.51,10.95,6
6455,White,7.46,0.29,0.36,13.4,0.029,54.7,147.9,0.9963,3.48,0.53,10.39,6
6456,White,6.46,0.18,0.31,2.62,0.018,21.5,133.3,0.9987,3.07,0.48,9.39,5
6457,White,6.7,0.24,0.27,6.34,0.023,57.1,172.2,0.9925,2.99,0.45,11.62,7
6458,White,7.06,0.29,0.45,16.21,0.069,22.4,208.0,0.9899,3.14,0.36,9.5,6
6459,White,7.55,0.24,0.37,1.15,0.057,39.8,201.6,0.9967,3.3,0.53,10.29,5
6460,White,6.75,0.21,0.61,0.6,0.051,41.2,139.9,0.991,3.13,0.58,10.38,7
6461,White,6.62,0.28,0.31,4.6,0.054,27.2,146.7,0.9991,3.04,0.42,10.44,6
6462,White,7.18,0.2,0.29,2.59,0.018,41.0,122.4,0.9943,3.06,0.34,11.05,7
6463,White,6.22,0.21,0.42,0.82,0.047,53.4,151.5,0.9941,3.07,0.59,12.08,6
6464,White,6.65,0.32,0.36,0.6,0.02,48.5,124.8,0.9906,2.86,0.37,9.61,5
6465,White,8.0,0.27,0.53,15.02,0.016,23.5,150.0,0.9963,3.29,0.29,11.35,5
6466,White,7.74,0.23,0.4,6.47,0.045,17.2,134.7,0.9953,2.81,0.61,11.11,7
6467,White,6.84,0.24,0.27,11.25,0.061,14.0,237.1,0.9956,3.19,0.59,10.3,6
6468,White,6.69,0.44,0.31,9.3,0.026,29.3,191.2,0.9958,3.38,0.54,11.02,5
6469,White,6.69,0.2,0.37,7.62,0.047,50.5,208.6,0.995,3.27,0.32,10.81,6
6470,White,6.88,0.2,0.24,4.76,0.055,25.2,110.2,0.9972,3.09,0.39,10.72,6
6471,White,7.11,0.38,0.25,0.6,0.049,48.5,102.4,0.9913,3.14,0.39,12.07,6
6472,White,6.76,0.34,0.39,10.37,0.057,34.5,179.7,0.9962,3.25,0.47,13.23,6
6473,White,4.95,0.27,0.46,3.09,0.066,17.3,155.4,0.9982,3.12,0.45,12.89,6
6474,White,6.04,0.25,0.38,0.6,0.035,36.7,189.7,0.999,3.04,0.61,9.83,6
6475,White,6.8,0.4,0.0,6.95,0.051,29.6,146.0,0.9972,3.04,0.55,10.8,6
6476,White,7.24,0.3,0.29,13.59,0.084,26.8,83.6,0.9925,3.14,0.51,11.44,6
6477,White,7.1,0.39,0.31,4.47,0.05,21.9,191.3,0.9947,2.81,0.44,10.39,6
6478,White,6.29,0.42,0.09,7.96,0.044,27.3,175.9,0.9976,3.15,0.43,10.88,5
6479,White,7.5,0.1,0.39,6.9,0.041,12.7,148.6,0.9983,3.02,0.63,9.73,5
6480,White,7.23,0.29,0.47,14.4,0.055,23.8,103.6,0.9982,3.29,0.42,9.09,5
6481,White,8.0,0.17,0.23,10.22,0.03,43.7,139.5,0.9953,3.34,0.46,10.5,5
6482,White,7.93,0.19,0.13,9.19,0.076,14.1,137.1,0.9952,3.05,0.61,11.64,5
6483,White,7.53,0.32,0.32,11.93,0.017,46.1,131.5,0.9951,3.1,0.34,10.81,4
6484,White,6.38,0.47,0.27,14.7,0.071,32.6,157.1,0.9925,3.07,0.49,12.18,6
6485,White,6.68,0.28,0.48,12.69,0.063,21.6,112.1,0.9954,3.19,0.34,10.69,7
6486,White,7.79,0.29,0.5,1.91,0.079,43.1,115.1,0.993,3.15,0.39,11.95,6
6487,White,7.53,0.15,0.41,9.82,0.035,38.7,150.1,0.9943,3.06,0.54,10.61,7
6488,White,7.47,0.21,0.3,3.77,0.039,30.4,94.7,0.99,2.99,0.53,11.41,5
6489,White,4.19,0.2,0.47,5.08,0.045,55.8,108.4,0.9965,3.21,0.39,11.38,6
6490,White,6.77,0.22,0.37,0.6,0.058,28.4,91.0,0.9929,2.84,0.56,10.63,6
6491,White,6.49,0.27,0.3,9.93,0.044,65.3,107.7,0.9966,3.33,0.5,11.42,7
6492,White,6.38,0.17,0.3,5.9,0.055,47.5,121.1,0.9911,3.33,0.34,11.75,6
6493,White,8.33,0.25,0.18,2.1,0.071,43.4,93.4,0.9925,3.09,0.7,11.47,6
6494,White,6.3,0.09,0.42,3.91,0.038,22.5,107.7,0.9927,3.16,0.36,11.49,6
6495,White,8.36,0.31,0.38,7.41,0.043,28.6,201.7,1.0006,3.16,0.31,11.96,6
6496,White,6.79,0.27,0.21,3.34,0.047,70.4,73.3,0.9976,3.0,0.54,9.96,5
6497,White,6.94,0.18,0.4,10.93,0.009,42.1,105.7,0.9995,3.03,0.59,10.58,6
